Wall time,Step,Value,Var
1707701169.48168,1,1.75486874580383,0.00602065725252
1707701169.48218,2,1.68618929386139,0.005022041033953
1707701169.48262,3,1.61110699176788,0.004059630911797
1707701169.48313,4,1.52295899391174,0.003520239144564
1707701169.48379,5,1.42788481712341,0.00303659029305
1707701169.4845,6,1.32506823539734,0.002412467030808
1707701169.48521,7,1.17622971534729,0.001141108572483
