This is pdfTeX, Version 3.141592653-2.6-1.40.25 (TeX Live 2023/Debian) (preloaded format=pdflatex 2025.8.16)  25 AUG 2025 20:32
entering extended mode
 restricted \write18 enabled.
 %&-line parsing enabled.
**reportpart3.tex
(./reportpart3.tex
LaTeX2e <2023-11-01> patch level 1
L3 programming layer <2024-01-22>
(/usr/share/texlive/texmf-dist/tex/latex/base/article.cls
Document Class: article 2023/05/17 v1.4n Standard LaTeX document class
(/usr/share/texlive/texmf-dist/tex/latex/base/size10.clo
File: size10.clo 2023/05/17 v1.4n Standard LaTeX file (size option)
)
\c@part=\count187
\c@section=\count188
\c@subsection=\count189
\c@subsubsection=\count190
\c@paragraph=\count191
\c@subparagraph=\count192
\c@figure=\count193
\c@table=\count194
\abovecaptionskip=\skip48
\belowcaptionskip=\skip49
\bibindent=\dimen140
)
(/usr/share/texlive/texmf-dist/tex/latex/graphics/graphicx.sty
Package: graphicx 2021/09/16 v1.2d Enhanced LaTeX Graphics (DPC,SPQR)

(/usr/share/texlive/texmf-dist/tex/latex/graphics/keyval.sty
Package: keyval 2022/05/29 v1.15 key=value parser (DPC)
\KV@toks@=\toks17
)
(/usr/share/texlive/texmf-dist/tex/latex/graphics/graphics.sty
Package: graphics 2022/03/10 v1.4e Standard LaTeX Graphics (DPC,SPQR)

(/usr/share/texlive/texmf-dist/tex/latex/graphics/trig.sty
Package: trig 2021/08/11 v1.11 sin cos tan (DPC)
)
(/usr/share/texlive/texmf-dist/tex/latex/graphics-cfg/graphics.cfg
File: graphics.cfg 2016/06/04 v1.11 sample graphics configuration
)
Package graphics Info: Driver file: pdftex.def on input line 107.

(/usr/share/texlive/texmf-dist/tex/latex/graphics-def/pdftex.def
File: pdftex.def 2022/09/22 v1.2b Graphics/color driver for pdftex
))
\Gin@req@height=\dimen141
\Gin@req@width=\dimen142
)
(/usr/share/texlive/texmf-dist/tex/latex/amsmath/amsmath.sty
Package: amsmath 2023/05/13 v2.17o AMS math features
\@mathmargin=\skip50

For additional information on amsmath, use the `?' option.
(/usr/share/texlive/texmf-dist/tex/latex/amsmath/amstext.sty
Package: amstext 2021/08/26 v2.01 AMS text

(/usr/share/texlive/texmf-dist/tex/latex/amsmath/amsgen.sty
File: amsgen.sty 1999/11/30 v2.0 generic functions
\@emptytoks=\toks18
\ex@=\dimen143
))
(/usr/share/texlive/texmf-dist/tex/latex/amsmath/amsbsy.sty
Package: amsbsy 1999/11/29 v1.2d Bold Symbols
\pmbraise@=\dimen144
)
(/usr/share/texlive/texmf-dist/tex/latex/amsmath/amsopn.sty
Package: amsopn 2022/04/08 v2.04 operator names
)
\inf@bad=\count195
LaTeX Info: Redefining \frac on input line 234.
\uproot@=\count196
\leftroot@=\count197
LaTeX Info: Redefining \overline on input line 399.
LaTeX Info: Redefining \colon on input line 410.
\classnum@=\count198
\DOTSCASE@=\count199
LaTeX Info: Redefining \ldots on input line 496.
LaTeX Info: Redefining \dots on input line 499.
LaTeX Info: Redefining \cdots on input line 620.
\Mathstrutbox@=\box51
\strutbox@=\box52
LaTeX Info: Redefining \big on input line 722.
LaTeX Info: Redefining \Big on input line 723.
LaTeX Info: Redefining \bigg on input line 724.
LaTeX Info: Redefining \Bigg on input line 725.
\big@size=\dimen145
LaTeX Font Info:    Redeclaring font encoding OML on input line 743.
LaTeX Font Info:    Redeclaring font encoding OMS on input line 744.
\macc@depth=\count266
LaTeX Info: Redefining \bmod on input line 905.
LaTeX Info: Redefining \pmod on input line 910.
LaTeX Info: Redefining \smash on input line 940.
LaTeX Info: Redefining \relbar on input line 970.
LaTeX Info: Redefining \Relbar on input line 971.
\c@MaxMatrixCols=\count267
\dotsspace@=\muskip16
\c@parentequation=\count268
\dspbrk@lvl=\count269
\tag@help=\toks19
\row@=\count270
\column@=\count271
\maxfields@=\count272
\andhelp@=\toks20
\eqnshift@=\dimen146
\alignsep@=\dimen147
\tagshift@=\dimen148
\tagwidth@=\dimen149
\totwidth@=\dimen150
\lineht@=\dimen151
\@envbody=\toks21
\multlinegap=\skip51
\multlinetaggap=\skip52
\mathdisplay@stack=\toks22
LaTeX Info: Redefining \[ on input line 2953.
LaTeX Info: Redefining \] on input line 2954.
)
(/usr/share/texlive/texmf-dist/tex/latex/amsfonts/amssymb.sty
Package: amssymb 2013/01/14 v3.01 AMS font symbols

(/usr/share/texlive/texmf-dist/tex/latex/amsfonts/amsfonts.sty
Package: amsfonts 2013/01/14 v3.01 Basic AMSFonts support
\symAMSa=\mathgroup4
\symAMSb=\mathgroup5
LaTeX Font Info:    Redeclaring math symbol \hbar on input line 98.
LaTeX Font Info:    Overwriting math alphabet `\mathfrak' in version `bold'
(Font)                  U/euf/m/n --> U/euf/b/n on input line 106.
))
(/usr/share/texlive/texmf-dist/tex/latex/amscls/amsthm.sty
Package: amsthm 2020/05/29 v2.20.6
\thm@style=\toks23
\thm@bodyfont=\toks24
\thm@headfont=\toks25
\thm@notefont=\toks26
\thm@headpunct=\toks27
\thm@preskip=\skip53
\thm@postskip=\skip54
\thm@headsep=\skip55
\dth@everypar=\toks28
)
(/usr/share/texlive/texmf-dist/tex/latex/mathtools/mathtools.sty
Package: mathtools 2022/06/29 v1.29 mathematical typesetting tools

(/usr/share/texlive/texmf-dist/tex/latex/tools/calc.sty
Package: calc 2023/07/08 v4.3 Infix arithmetic (KKT,FJ)
\calc@Acount=\count273
\calc@Bcount=\count274
\calc@Adimen=\dimen152
\calc@Bdimen=\dimen153
\calc@Askip=\skip56
\calc@Bskip=\skip57
LaTeX Info: Redefining \setlength on input line 80.
LaTeX Info: Redefining \addtolength on input line 81.
\calc@Ccount=\count275
\calc@Cskip=\skip58
)
(/usr/share/texlive/texmf-dist/tex/latex/mathtools/mhsetup.sty
Package: mhsetup 2021/03/18 v1.4 programming setup (MH)
)
\g_MT_multlinerow_int=\count276
\l_MT_multwidth_dim=\dimen154
\origjot=\skip59
\l_MT_shortvdotswithinadjustabove_dim=\dimen155
\l_MT_shortvdotswithinadjustbelow_dim=\dimen156
\l_MT_above_intertext_sep=\dimen157
\l_MT_below_intertext_sep=\dimen158
\l_MT_above_shortintertext_sep=\dimen159
\l_MT_below_shortintertext_sep=\dimen160
\xmathstrut@box=\box53
\xmathstrut@dim=\dimen161
)
(/usr/share/texlive/texmf-dist/tex/latex/biblatex/biblatex.sty
Package: biblatex 2023/03/05 v3.19 programmable bibliographies (PK/MW)

(/usr/share/texlive/texmf-dist/tex/generic/pdftexcmds/pdftexcmds.sty
Package: pdftexcmds 2020-06-27 v0.33 Utility functions of pdfTeX for LuaTeX (HO
)

(/usr/share/texlive/texmf-dist/tex/generic/infwarerr/infwarerr.sty
Package: infwarerr 2019/12/03 v1.5 Providing info/warning/error messages (HO)
)
(/usr/share/texlive/texmf-dist/tex/generic/iftex/iftex.sty
Package: iftex 2022/02/03 v1.0f TeX engine tests
)
(/usr/share/texlive/texmf-dist/tex/generic/ltxcmds/ltxcmds.sty
Package: ltxcmds 2023-12-04 v1.26 LaTeX kernel commands for general use (HO)
)
Package pdftexcmds Info: \pdf@primitive is available.
Package pdftexcmds Info: \pdf@ifprimitive is available.
Package pdftexcmds Info: \pdfdraftmode found.
)
(/usr/share/texlive/texmf-dist/tex/latex/etoolbox/etoolbox.sty
Package: etoolbox 2020/10/05 v2.5k e-TeX tools for LaTeX (JAW)
\etb@tempcnta=\count277
)
(/usr/share/texlive/texmf-dist/tex/latex/kvoptions/kvoptions.sty
Package: kvoptions 2022-06-15 v3.15 Key value format for package options (HO)

(/usr/share/texlive/texmf-dist/tex/latex/kvsetkeys/kvsetkeys.sty
Package: kvsetkeys 2022-10-05 v1.19 Key value parser (HO)
))
(/usr/share/texlive/texmf-dist/tex/latex/logreq/logreq.sty
Package: logreq 2010/08/04 v1.0 xml request logger
\lrq@indent=\count278

(/usr/share/texlive/texmf-dist/tex/latex/logreq/logreq.def
File: logreq.def 2010/08/04 v1.0 logreq spec v1.0
))
(/usr/share/texlive/texmf-dist/tex/latex/base/ifthen.sty
Package: ifthen 2022/04/13 v1.1d Standard LaTeX ifthen package (DPC)
)
(/usr/share/texlive/texmf-dist/tex/latex/url/url.sty
\Urlmuskip=\muskip17
Package: url 2013/09/16  ver 3.4  Verb mode for urls, etc.
)
\c@tabx@nest=\count279
\c@listtotal=\count280
\c@listcount=\count281
\c@liststart=\count282
\c@liststop=\count283
\c@citecount=\count284
\c@citetotal=\count285
\c@multicitecount=\count286
\c@multicitetotal=\count287
\c@instcount=\count288
\c@maxnames=\count289
\c@minnames=\count290
\c@maxitems=\count291
\c@minitems=\count292
\c@citecounter=\count293
\c@maxcitecounter=\count294
\c@savedcitecounter=\count295
\c@uniquelist=\count296
\c@uniquename=\count297
\c@refsection=\count298
\c@refsegment=\count299
\c@maxextratitle=\count300
\c@maxextratitleyear=\count301
\c@maxextraname=\count302
\c@maxextradate=\count303
\c@maxextraalpha=\count304
\c@abbrvpenalty=\count305
\c@highnamepenalty=\count306
\c@lownamepenalty=\count307
\c@maxparens=\count308
\c@parenlevel=\count309
\blx@tempcnta=\count310
\blx@tempcntb=\count311
\blx@tempcntc=\count312
\c@blx@maxsection=\count313
\blx@maxsegment@0=\count314
\blx@notetype=\count315
\blx@parenlevel@text=\count316
\blx@parenlevel@foot=\count317
\blx@sectionciteorder@0=\count318
\blx@sectionciteorderinternal@0=\count319
\blx@entrysetcounter=\count320
\blx@biblioinstance=\count321
\labelnumberwidth=\skip60
\labelalphawidth=\skip61
\biblabelsep=\skip62
\bibitemsep=\skip63
\bibnamesep=\skip64
\bibinitsep=\skip65
\bibparsep=\skip66
\bibhang=\skip67
\blx@bcfin=\read2
\blx@bcfout=\write3
\blx@langwohyphens=\language89
\c@mincomprange=\count322
\c@maxcomprange=\count323
\c@mincompwidth=\count324
Package biblatex Info: Trying to load biblatex default data model...
Package biblatex Info: ... file 'blx-dm.def' found.

(/usr/share/texlive/texmf-dist/tex/latex/biblatex/blx-dm.def
File: blx-dm.def 2023/03/05 v3.19 biblatex localization (PK/MW)
)
Package biblatex Info: Trying to load biblatex custom data model...
Package biblatex Info: ... file 'biblatex-dm.cfg' not found.
\c@afterword=\count325
\c@savedafterword=\count326
\c@annotator=\count327
\c@savedannotator=\count328
\c@author=\count329
\c@savedauthor=\count330
\c@bookauthor=\count331
\c@savedbookauthor=\count332
\c@commentator=\count333
\c@savedcommentator=\count334
\c@editor=\count335
\c@savededitor=\count336
\c@editora=\count337
\c@savededitora=\count338
\c@editorb=\count339
\c@savededitorb=\count340
\c@editorc=\count341
\c@savededitorc=\count342
\c@foreword=\count343
\c@savedforeword=\count344
\c@holder=\count345
\c@savedholder=\count346
\c@introduction=\count347
\c@savedintroduction=\count348
\c@namea=\count349
\c@savednamea=\count350
\c@nameb=\count351
\c@savednameb=\count352
\c@namec=\count353
\c@savednamec=\count354
\c@translator=\count355
\c@savedtranslator=\count356
\c@shortauthor=\count357
\c@savedshortauthor=\count358
\c@shorteditor=\count359
\c@savedshorteditor=\count360
\c@labelname=\count361
\c@savedlabelname=\count362
\c@institution=\count363
\c@savedinstitution=\count364
\c@lista=\count365
\c@savedlista=\count366
\c@listb=\count367
\c@savedlistb=\count368
\c@listc=\count369
\c@savedlistc=\count370
\c@listd=\count371
\c@savedlistd=\count372
\c@liste=\count373
\c@savedliste=\count374
\c@listf=\count375
\c@savedlistf=\count376
\c@location=\count377
\c@savedlocation=\count378
\c@organization=\count379
\c@savedorganization=\count380
\c@origlocation=\count381
\c@savedoriglocation=\count382
\c@origpublisher=\count383
\c@savedorigpublisher=\count384
\c@publisher=\count385
\c@savedpublisher=\count386
\c@language=\count387
\c@savedlanguage=\count388
\c@origlanguage=\count389
\c@savedoriglanguage=\count390
\c@pageref=\count391
\c@savedpageref=\count392
\shorthandwidth=\skip68
\shortjournalwidth=\skip69
\shortserieswidth=\skip70
\shorttitlewidth=\skip71
\shortauthorwidth=\skip72
\shorteditorwidth=\skip73
\locallabelnumberwidth=\skip74
\locallabelalphawidth=\skip75
\localshorthandwidth=\skip76
\localshortjournalwidth=\skip77
\localshortserieswidth=\skip78
\localshorttitlewidth=\skip79
\localshortauthorwidth=\skip80
\localshorteditorwidth=\skip81
Package biblatex Info: Trying to load compatibility code...
Package biblatex Info: ... file 'blx-compat.def' found.

(/usr/share/texlive/texmf-dist/tex/latex/biblatex/blx-compat.def
File: blx-compat.def 2023/03/05 v3.19 biblatex compatibility (PK/MW)
)
Package biblatex Info: Trying to load generic definitions...
Package biblatex Info: ... file 'biblatex.def' found.

(/usr/share/texlive/texmf-dist/tex/latex/biblatex/biblatex.def
File: biblatex.def 2023/03/05 v3.19 biblatex compatibility (PK/MW)
\c@textcitecount=\count393
\c@textcitetotal=\count394
\c@textcitemaxnames=\count395
\c@biburlbigbreakpenalty=\count396
\c@biburlbreakpenalty=\count397
\c@biburlnumpenalty=\count398
\c@biburlucpenalty=\count399
\c@biburllcpenalty=\count400
\biburlbigskip=\muskip18
\biburlnumskip=\muskip19
\biburlucskip=\muskip20
\biburllcskip=\muskip21
\c@smartand=\count401
)
Package biblatex Info: Trying to load bibliography style 'numeric'...
Package biblatex Info: ... file 'numeric.bbx' found.

(/usr/share/texlive/texmf-dist/tex/latex/biblatex/bbx/numeric.bbx
File: numeric.bbx 2023/03/05 v3.19 biblatex bibliography style (PK/MW)
Package biblatex Info: Trying to load bibliography style 'standard'...
Package biblatex Info: ... file 'standard.bbx' found.

(/usr/share/texlive/texmf-dist/tex/latex/biblatex/bbx/standard.bbx
File: standard.bbx 2023/03/05 v3.19 biblatex bibliography style (PK/MW)
\c@bbx:relatedcount=\count402
\c@bbx:relatedtotal=\count403
))
Package biblatex Info: Trying to load citation style 'numeric'...
Package biblatex Info: ... file 'numeric.cbx' found.

(/usr/share/texlive/texmf-dist/tex/latex/biblatex/cbx/numeric.cbx
File: numeric.cbx 2023/03/05 v3.19 biblatex citation style (PK/MW)
Package biblatex Info: Redefining '\cite'.
Package biblatex Info: Redefining '\parencite'.
Package biblatex Info: Redefining '\footcite'.
Package biblatex Info: Redefining '\footcitetext'.
Package biblatex Info: Redefining '\smartcite'.
Package biblatex Info: Redefining '\supercite'.
Package biblatex Info: Redefining '\textcite'.
Package biblatex Info: Redefining '\textcites'.
Package biblatex Info: Redefining '\cites'.
Package biblatex Info: Redefining '\parencites'.
Package biblatex Info: Redefining '\smartcites'.
)
Package biblatex Info: Trying to load configuration file...
Package biblatex Info: ... file 'biblatex.cfg' found.

(/usr/share/texlive/texmf-dist/tex/latex/biblatex/biblatex.cfg
File: biblatex.cfg 
)
Package biblatex Info: Input encoding 'utf8' detected.
Package biblatex Info: Document encoding is UTF8 ....

(/usr/share/texlive/texmf-dist/tex/latex/l3kernel/expl3.sty
Package: expl3 2024-01-22 L3 programming layer (loader) 

(/usr/share/texlive/texmf-dist/tex/latex/l3backend/l3backend-pdftex.def
File: l3backend-pdftex.def 2024-01-04 L3 backend support: PDF output (pdfTeX)
\l__color_backend_stack_int=\count404
\l__pdf_internal_box=\box54
))
Package biblatex Info: ... and expl3
(biblatex)             2024-01-22 L3 programming layer (loader) 
(biblatex)             is new enough (at least 2020/04/06),
(biblatex)             setting 'casechanger=expl3'.

(/usr/share/texlive/texmf-dist/tex/latex/biblatex/blx-case-expl3.sty
(/usr/share/texlive/texmf-dist/tex/latex/l3packages/xparse/xparse.sty
Package: xparse 2023-10-10 L3 Experimental document command parser
)
Package: blx-case-expl3 2023/03/05 v3.19 expl3 case changing code for biblatex
))
(/usr/share/texlive/texmf-dist/tex/latex/subfig/subfig.sty
Package: subfig 2005/06/28 ver: 1.3 subfig package

(/usr/share/texlive/texmf-dist/tex/latex/caption/caption.sty
Package: caption 2023/08/05 v3.6o Customizing captions (AR)

(/usr/share/texlive/texmf-dist/tex/latex/caption/caption3.sty
Package: caption3 2023/07/31 v2.4d caption3 kernel (AR)
\caption@tempdima=\dimen162
\captionmargin=\dimen163
\caption@leftmargin=\dimen164
\caption@rightmargin=\dimen165
\caption@width=\dimen166
\caption@indent=\dimen167
\caption@parindent=\dimen168
\caption@hangindent=\dimen169
Package caption Info: Standard document class detected.
)
\c@caption@flags=\count405
\c@continuedfloat=\count406
)
\c@KVtest=\count407
\sf@farskip=\skip82
\sf@captopadj=\dimen170
\sf@capskip=\skip83
\sf@nearskip=\skip84
\c@subfigure=\count408
\c@subfigure@save=\count409
\c@lofdepth=\count410
\c@subtable=\count411
\c@subtable@save=\count412
\c@lotdepth=\count413
\sf@top=\skip85
\sf@bottom=\skip86
)
(/usr/share/texlive/texmf-dist/tex/latex/parskip/parskip.sty
Package: parskip 2021-03-14 v2.0h non-zero parskip adjustments
)
(/usr/share/texlive/texmf-dist/tex/latex/multirow/multirow.sty
Package: multirow 2021/03/15 v2.8 Span multiple rows of a table
\multirow@colwidth=\skip87
\multirow@cntb=\count414
\multirow@dima=\skip88
\bigstrutjot=\dimen171
)
(/usr/share/texlive/texmf-dist/tex/latex/tools/longtable.sty
Package: longtable 2023-11-01 v4.19 Multi-page Table package (DPC)
\LTleft=\skip89
\LTright=\skip90
\LTpre=\skip91
\LTpost=\skip92
\LTchunksize=\count415
\LTcapwidth=\dimen172
\LT@head=\box55
\LT@firsthead=\box56
\LT@foot=\box57
\LT@lastfoot=\box58
\LT@gbox=\box59
\LT@cols=\count416
\LT@rows=\count417
\c@LT@tables=\count418
\c@LT@chunks=\count419
\LT@p@ftn=\toks29
)
(/usr/share/texlive/texmf-dist/tex/latex/booktabs/booktabs.sty
Package: booktabs 2020/01/12 v1.61803398 Publication quality tables
\heavyrulewidth=\dimen173
\lightrulewidth=\dimen174
\cmidrulewidth=\dimen175
\belowrulesep=\dimen176
\belowbottomsep=\dimen177
\aboverulesep=\dimen178
\abovetopsep=\dimen179
\cmidrulesep=\dimen180
\cmidrulekern=\dimen181
\defaultaddspace=\dimen182
\@cmidla=\count420
\@cmidlb=\count421
\@aboverulesep=\dimen183
\@belowrulesep=\dimen184
\@thisruleclass=\count422
\@lastruleclass=\count423
\@thisrulewidth=\dimen185
)
(/usr/share/texlive/texmf-dist/tex/latex/tcolorbox/tcolorbox.sty
Package: tcolorbox 2024/01/10 version 6.2.0 text color boxes

(/usr/share/texlive/texmf-dist/tex/latex/pgf/basiclayer/pgf.sty
(/usr/share/texlive/texmf-dist/tex/latex/pgf/utilities/pgfrcs.sty
(/usr/share/texlive/texmf-dist/tex/generic/pgf/utilities/pgfutil-common.tex
\pgfutil@everybye=\toks30
\pgfutil@tempdima=\dimen186
\pgfutil@tempdimb=\dimen187
)
(/usr/share/texlive/texmf-dist/tex/generic/pgf/utilities/pgfutil-latex.def
\pgfutil@abb=\box60
)
(/usr/share/texlive/texmf-dist/tex/generic/pgf/utilities/pgfrcs.code.tex
(/usr/share/texlive/texmf-dist/tex/generic/pgf/pgf.revision.tex)
Package: pgfrcs 2023-01-15 v3.1.10 (3.1.10)
))
Package: pgf 2023-01-15 v3.1.10 (3.1.10)

(/usr/share/texlive/texmf-dist/tex/latex/pgf/basiclayer/pgfcore.sty
(/usr/share/texlive/texmf-dist/tex/latex/pgf/systemlayer/pgfsys.sty
(/usr/share/texlive/texmf-dist/tex/generic/pgf/systemlayer/pgfsys.code.tex
Package: pgfsys 2023-01-15 v3.1.10 (3.1.10)

(/usr/share/texlive/texmf-dist/tex/generic/pgf/utilities/pgfkeys.code.tex
\pgfkeys@pathtoks=\toks31
\pgfkeys@temptoks=\toks32

(/usr/share/texlive/texmf-dist/tex/generic/pgf/utilities/pgfkeyslibraryfiltered
.code.tex
\pgfkeys@tmptoks=\toks33
))
\pgf@x=\dimen188
\pgf@y=\dimen189
\pgf@xa=\dimen190
\pgf@ya=\dimen191
\pgf@xb=\dimen192
\pgf@yb=\dimen193
\pgf@xc=\dimen194
\pgf@yc=\dimen195
\pgf@xd=\dimen196
\pgf@yd=\dimen197
\w@pgf@writea=\write4
\r@pgf@reada=\read3
\c@pgf@counta=\count424
\c@pgf@countb=\count425
\c@pgf@countc=\count426
\c@pgf@countd=\count427
\t@pgf@toka=\toks34
\t@pgf@tokb=\toks35
\t@pgf@tokc=\toks36
\pgf@sys@id@count=\count428
 (/usr/share/texlive/texmf-dist/tex/generic/pgf/systemlayer/pgf.cfg
File: pgf.cfg 2023-01-15 v3.1.10 (3.1.10)
)
Driver file for pgf: pgfsys-pdftex.def
(/usr/share/texlive/texmf-dist/tex/generic/pgf/systemlayer/pgfsys-pdftex.def
File: pgfsys-pdftex.def 2023-01-15 v3.1.10 (3.1.10)

(/usr/share/texlive/texmf-dist/tex/generic/pgf/systemlayer/pgfsys-common-pdf.de
f
File: pgfsys-common-pdf.def 2023-01-15 v3.1.10 (3.1.10)
)))
(/usr/share/texlive/texmf-dist/tex/generic/pgf/systemlayer/pgfsyssoftpath.code.
tex
File: pgfsyssoftpath.code.tex 2023-01-15 v3.1.10 (3.1.10)
\pgfsyssoftpath@smallbuffer@items=\count429
\pgfsyssoftpath@bigbuffer@items=\count430
)
(/usr/share/texlive/texmf-dist/tex/generic/pgf/systemlayer/pgfsysprotocol.code.
tex
File: pgfsysprotocol.code.tex 2023-01-15 v3.1.10 (3.1.10)
)) (/usr/share/texlive/texmf-dist/tex/latex/xcolor/xcolor.sty
Package: xcolor 2023/11/15 v3.01 LaTeX color extensions (UK)

(/usr/share/texlive/texmf-dist/tex/latex/graphics-cfg/color.cfg
File: color.cfg 2016/01/02 v1.6 sample color configuration
)
Package xcolor Info: Driver file: pdftex.def on input line 274.

(/usr/share/texlive/texmf-dist/tex/latex/graphics/mathcolor.ltx)
Package xcolor Info: Model `cmy' substituted by `cmy0' on input line 1350.
Package xcolor Info: Model `hsb' substituted by `rgb' on input line 1354.
Package xcolor Info: Model `RGB' extended on input line 1366.
Package xcolor Info: Model `HTML' substituted by `rgb' on input line 1368.
Package xcolor Info: Model `Hsb' substituted by `hsb' on input line 1369.
Package xcolor Info: Model `tHsb' substituted by `hsb' on input line 1370.
Package xcolor Info: Model `HSB' substituted by `hsb' on input line 1371.
Package xcolor Info: Model `Gray' substituted by `gray' on input line 1372.
Package xcolor Info: Model `wave' substituted by `hsb' on input line 1373.
)
(/usr/share/texlive/texmf-dist/tex/generic/pgf/basiclayer/pgfcore.code.tex
Package: pgfcore 2023-01-15 v3.1.10 (3.1.10)

(/usr/share/texlive/texmf-dist/tex/generic/pgf/math/pgfmath.code.tex
(/usr/share/texlive/texmf-dist/tex/generic/pgf/math/pgfmathutil.code.tex)
(/usr/share/texlive/texmf-dist/tex/generic/pgf/math/pgfmathparser.code.tex
\pgfmath@dimen=\dimen198
\pgfmath@count=\count431
\pgfmath@box=\box61
\pgfmath@toks=\toks37
\pgfmath@stack@operand=\toks38
\pgfmath@stack@operation=\toks39
)
(/usr/share/texlive/texmf-dist/tex/generic/pgf/math/pgfmathfunctions.code.tex)
(/usr/share/texlive/texmf-dist/tex/generic/pgf/math/pgfmathfunctions.basic.code
.tex)
(/usr/share/texlive/texmf-dist/tex/generic/pgf/math/pgfmathfunctions.trigonomet
ric.code.tex)
(/usr/share/texlive/texmf-dist/tex/generic/pgf/math/pgfmathfunctions.random.cod
e.tex)
(/usr/share/texlive/texmf-dist/tex/generic/pgf/math/pgfmathfunctions.comparison
.code.tex)
(/usr/share/texlive/texmf-dist/tex/generic/pgf/math/pgfmathfunctions.base.code.
tex)
(/usr/share/texlive/texmf-dist/tex/generic/pgf/math/pgfmathfunctions.round.code
.tex)
(/usr/share/texlive/texmf-dist/tex/generic/pgf/math/pgfmathfunctions.misc.code.
tex)
(/usr/share/texlive/texmf-dist/tex/generic/pgf/math/pgfmathfunctions.integerari
thmetics.code.tex)
(/usr/share/texlive/texmf-dist/tex/generic/pgf/math/pgfmathcalc.code.tex)
(/usr/share/texlive/texmf-dist/tex/generic/pgf/math/pgfmathfloat.code.tex
\c@pgfmathroundto@lastzeros=\count432
))
(/usr/share/texlive/texmf-dist/tex/generic/pgf/math/pgfint.code.tex)
(/usr/share/texlive/texmf-dist/tex/generic/pgf/basiclayer/pgfcorepoints.code.te
x
File: pgfcorepoints.code.tex 2023-01-15 v3.1.10 (3.1.10)
\pgf@picminx=\dimen199
\pgf@picmaxx=\dimen256
\pgf@picminy=\dimen257
\pgf@picmaxy=\dimen258
\pgf@pathminx=\dimen259
\pgf@pathmaxx=\dimen260
\pgf@pathminy=\dimen261
\pgf@pathmaxy=\dimen262
\pgf@xx=\dimen263
\pgf@xy=\dimen264
\pgf@yx=\dimen265
\pgf@yy=\dimen266
\pgf@zx=\dimen267
\pgf@zy=\dimen268
)
(/usr/share/texlive/texmf-dist/tex/generic/pgf/basiclayer/pgfcorepathconstruct.
code.tex
File: pgfcorepathconstruct.code.tex 2023-01-15 v3.1.10 (3.1.10)
\pgf@path@lastx=\dimen269
\pgf@path@lasty=\dimen270
)
(/usr/share/texlive/texmf-dist/tex/generic/pgf/basiclayer/pgfcorepathusage.code
.tex
File: pgfcorepathusage.code.tex 2023-01-15 v3.1.10 (3.1.10)
\pgf@shorten@end@additional=\dimen271
\pgf@shorten@start@additional=\dimen272
)
(/usr/share/texlive/texmf-dist/tex/generic/pgf/basiclayer/pgfcorescopes.code.te
x
File: pgfcorescopes.code.tex 2023-01-15 v3.1.10 (3.1.10)
\pgfpic=\box62
\pgf@hbox=\box63
\pgf@layerbox@main=\box64
\pgf@picture@serial@count=\count433
)
(/usr/share/texlive/texmf-dist/tex/generic/pgf/basiclayer/pgfcoregraphicstate.c
ode.tex
File: pgfcoregraphicstate.code.tex 2023-01-15 v3.1.10 (3.1.10)
\pgflinewidth=\dimen273
)
(/usr/share/texlive/texmf-dist/tex/generic/pgf/basiclayer/pgfcoretransformation
s.code.tex
File: pgfcoretransformations.code.tex 2023-01-15 v3.1.10 (3.1.10)
\pgf@pt@x=\dimen274
\pgf@pt@y=\dimen275
\pgf@pt@temp=\dimen276
)
(/usr/share/texlive/texmf-dist/tex/generic/pgf/basiclayer/pgfcorequick.code.tex
File: pgfcorequick.code.tex 2023-01-15 v3.1.10 (3.1.10)
)
(/usr/share/texlive/texmf-dist/tex/generic/pgf/basiclayer/pgfcoreobjects.code.t
ex
File: pgfcoreobjects.code.tex 2023-01-15 v3.1.10 (3.1.10)
)
(/usr/share/texlive/texmf-dist/tex/generic/pgf/basiclayer/pgfcorepathprocessing
.code.tex
File: pgfcorepathprocessing.code.tex 2023-01-15 v3.1.10 (3.1.10)
)
(/usr/share/texlive/texmf-dist/tex/generic/pgf/basiclayer/pgfcorearrows.code.te
x
File: pgfcorearrows.code.tex 2023-01-15 v3.1.10 (3.1.10)
\pgfarrowsep=\dimen277
)
(/usr/share/texlive/texmf-dist/tex/generic/pgf/basiclayer/pgfcoreshade.code.tex
File: pgfcoreshade.code.tex 2023-01-15 v3.1.10 (3.1.10)
\pgf@max=\dimen278
\pgf@sys@shading@range@num=\count434
\pgf@shadingcount=\count435
)
(/usr/share/texlive/texmf-dist/tex/generic/pgf/basiclayer/pgfcoreimage.code.tex
File: pgfcoreimage.code.tex 2023-01-15 v3.1.10 (3.1.10)
)
(/usr/share/texlive/texmf-dist/tex/generic/pgf/basiclayer/pgfcoreexternal.code.
tex
File: pgfcoreexternal.code.tex 2023-01-15 v3.1.10 (3.1.10)
\pgfexternal@startupbox=\box65
)
(/usr/share/texlive/texmf-dist/tex/generic/pgf/basiclayer/pgfcorelayers.code.te
x
File: pgfcorelayers.code.tex 2023-01-15 v3.1.10 (3.1.10)
)
(/usr/share/texlive/texmf-dist/tex/generic/pgf/basiclayer/pgfcoretransparency.c
ode.tex
File: pgfcoretransparency.code.tex 2023-01-15 v3.1.10 (3.1.10)
)
(/usr/share/texlive/texmf-dist/tex/generic/pgf/basiclayer/pgfcorepatterns.code.
tex
File: pgfcorepatterns.code.tex 2023-01-15 v3.1.10 (3.1.10)
)
(/usr/share/texlive/texmf-dist/tex/generic/pgf/basiclayer/pgfcorerdf.code.tex
File: pgfcorerdf.code.tex 2023-01-15 v3.1.10 (3.1.10)
)))
(/usr/share/texlive/texmf-dist/tex/generic/pgf/modules/pgfmoduleshapes.code.tex
File: pgfmoduleshapes.code.tex 2023-01-15 v3.1.10 (3.1.10)
\pgfnodeparttextbox=\box66
) (/usr/share/texlive/texmf-dist/tex/generic/pgf/modules/pgfmoduleplot.code.tex
File: pgfmoduleplot.code.tex 2023-01-15 v3.1.10 (3.1.10)
)
(/usr/share/texlive/texmf-dist/tex/latex/pgf/compatibility/pgfcomp-version-0-65
.sty
Package: pgfcomp-version-0-65 2023-01-15 v3.1.10 (3.1.10)
\pgf@nodesepstart=\dimen279
\pgf@nodesepend=\dimen280
)
(/usr/share/texlive/texmf-dist/tex/latex/pgf/compatibility/pgfcomp-version-1-18
.sty
Package: pgfcomp-version-1-18 2023-01-15 v3.1.10 (3.1.10)
)) (/usr/share/texlive/texmf-dist/tex/latex/tools/verbatim.sty
Package: verbatim 2023-11-06 v1.5v LaTeX2e package for verbatim enhancements
\every@verbatim=\toks40
\verbatim@line=\toks41
\verbatim@in@stream=\read4
)
(/usr/share/texlive/texmf-dist/tex/latex/environ/environ.sty
Package: environ 2014/05/04 v0.3 A new way to define environments

(/usr/share/texlive/texmf-dist/tex/latex/trimspaces/trimspaces.sty
Package: trimspaces 2009/09/17 v1.1 Trim spaces around a token list
))
\tcb@titlebox=\box67
\tcb@upperbox=\box68
\tcb@lowerbox=\box69
\tcb@phantombox=\box70
\c@tcbbreakpart=\count436
\c@tcblayer=\count437
\c@tcolorbox@number=\count438
\l__tcobox_tmpa_box=\box71
\l__tcobox_tmpa_dim=\dimen281
\tcb@temp=\box72
\tcb@temp=\box73
\tcb@temp=\box74
\tcb@temp=\box75

(/usr/share/texlive/texmf-dist/tex/latex/tcolorbox/tcbraster.code.tex
Library (tcolorbox): 'tcbraster.code.tex' version '6.2.0'
\c@tcbrastercolumn=\count439
\c@tcbrasterrow=\count440
\c@tcbrasternum=\count441
\c@tcbraster=\count442
) (/usr/share/texlive/texmf-dist/tex/latex/tcolorbox/tcbskins.code.tex
Library (tcolorbox): 'tcbskins.code.tex' version '6.2.0'
(/usr/share/texlive/texmf-dist/tex/latex/pgf/frontendlayer/tikz.sty
(/usr/share/texlive/texmf-dist/tex/latex/pgf/utilities/pgffor.sty
(/usr/share/texlive/texmf-dist/tex/latex/pgf/utilities/pgfkeys.sty
(/usr/share/texlive/texmf-dist/tex/generic/pgf/utilities/pgfkeys.code.tex))
(/usr/share/texlive/texmf-dist/tex/latex/pgf/math/pgfmath.sty
(/usr/share/texlive/texmf-dist/tex/generic/pgf/math/pgfmath.code.tex))
(/usr/share/texlive/texmf-dist/tex/generic/pgf/utilities/pgffor.code.tex
Package: pgffor 2023-01-15 v3.1.10 (3.1.10)
\pgffor@iter=\dimen282
\pgffor@skip=\dimen283
\pgffor@stack=\toks42
\pgffor@toks=\toks43
))
(/usr/share/texlive/texmf-dist/tex/generic/pgf/frontendlayer/tikz/tikz.code.tex
Package: tikz 2023-01-15 v3.1.10 (3.1.10)

(/usr/share/texlive/texmf-dist/tex/generic/pgf/libraries/pgflibraryplothandlers
.code.tex
File: pgflibraryplothandlers.code.tex 2023-01-15 v3.1.10 (3.1.10)
\pgf@plot@mark@count=\count443
\pgfplotmarksize=\dimen284
)
\tikz@lastx=\dimen285
\tikz@lasty=\dimen286
\tikz@lastxsaved=\dimen287
\tikz@lastysaved=\dimen288
\tikz@lastmovetox=\dimen289
\tikz@lastmovetoy=\dimen290
\tikzleveldistance=\dimen291
\tikzsiblingdistance=\dimen292
\tikz@figbox=\box76
\tikz@figbox@bg=\box77
\tikz@tempbox=\box78
\tikz@tempbox@bg=\box79
\tikztreelevel=\count444
\tikznumberofchildren=\count445
\tikznumberofcurrentchild=\count446
\tikz@fig@count=\count447

(/usr/share/texlive/texmf-dist/tex/generic/pgf/modules/pgfmodulematrix.code.tex
File: pgfmodulematrix.code.tex 2023-01-15 v3.1.10 (3.1.10)
\pgfmatrixcurrentrow=\count448
\pgfmatrixcurrentcolumn=\count449
\pgf@matrix@numberofcolumns=\count450
)
\tikz@expandcount=\count451

(/usr/share/texlive/texmf-dist/tex/generic/pgf/frontendlayer/tikz/libraries/tik
zlibrarytopaths.code.tex
File: tikzlibrarytopaths.code.tex 2023-01-15 v3.1.10 (3.1.10)
)))
(/usr/share/texlive/texmf-dist/tex/latex/tikzfill/tikzfill.image.sty
Package: tikzfill.image 2023/08/08 v1.0.1 Image filling library for TikZ

(/usr/share/texlive/texmf-dist/tex/latex/tikzfill/tikzfill-common.sty
Package: tikzfill-common 2023/08/08 v1.0.1 Auxiliary code for tikzfill
)
(/usr/share/texlive/texmf-dist/tex/latex/tikzfill/tikzlibraryfill.image.code.te
x
File: tikzlibraryfill.image.code.tex 2023/08/08 v1.0.1 Image filling library
\l__tikzfill_img_box=\box80
)) (/usr/share/texlive/texmf-dist/tex/latex/tcolorbox/tcbskinsjigsaw.code.tex
Library (tcolorbox): 'tcbskinsjigsaw.code.tex' version '6.2.0'
)) (/usr/share/texlive/texmf-dist/tex/latex/tcolorbox/tcbbreakable.code.tex
Library (tcolorbox): 'tcbbreakable.code.tex' version '6.2.0'
(/usr/share/texlive/texmf-dist/tex/latex/pdfcol/pdfcol.sty
Package: pdfcol 2022-09-21 v1.7 Handle new color stacks for pdfTeX (HO)
)
Package pdfcol Info: New color stack `tcb@breakable' = 1 on input line 23.
\tcb@testbox=\box81
\tcb@totalupperbox=\box82
\tcb@totallowerbox=\box83
)
(/usr/share/texlive/texmf-dist/tex/latex/tcolorbox/tcbhooks.code.tex
Library (tcolorbox): 'tcbhooks.code.tex' version '6.2.0'
) (/usr/share/texlive/texmf-dist/tex/latex/tcolorbox/tcbtheorems.code.tex
Library (tcolorbox): 'tcbtheorems.code.tex' version '6.2.0'
) (/usr/share/texlive/texmf-dist/tex/latex/tcolorbox/tcbfitting.code.tex
Library (tcolorbox): 'tcbfitting.code.tex' version '6.2.0'
\tcbfitdim=\dimen293
\tcb@lowerfitdim=\dimen294
\tcb@upperfitdim=\dimen295
\tcb@cur@hbadness=\count452
) (/usr/share/texlive/texmf-dist/tex/latex/tcolorbox/tcblistingsutf8.code.tex
Library (tcolorbox): 'tcblistingsutf8.code.tex' version '6.2.0'
(/usr/share/texlive/texmf-dist/tex/latex/tcolorbox/tcblistings.code.tex
Library (tcolorbox): 'tcblistings.code.tex' version '6.2.0'
(/usr/share/texlive/texmf-dist/tex/latex/listings/listings.sty
\lst@mode=\count453
\lst@gtempboxa=\box84
\lst@token=\toks44
\lst@length=\count454
\lst@currlwidth=\dimen296
\lst@column=\count455
\lst@pos=\count456
\lst@lostspace=\dimen297
\lst@width=\dimen298
\lst@newlines=\count457
\lst@lineno=\count458
\lst@maxwidth=\dimen299

(/usr/share/texlive/texmf-dist/tex/latex/listings/lstmisc.sty
File: lstmisc.sty 2023/02/27 1.9 (Carsten Heinz)
\c@lstnumber=\count459
\lst@skipnumbers=\count460
\lst@framebox=\box85
)
(/usr/share/texlive/texmf-dist/tex/latex/listings/listings.cfg
File: listings.cfg 2023/02/27 1.9 listings configuration
))
Package: listings 2023/02/27 1.9 (Carsten Heinz)

(/usr/share/texlive/texmf-dist/tex/latex/tcolorbox/tcblistingscore.code.tex
Library (tcolorbox): 'tcblistingscore.code.tex' version '6.2.0'
(/usr/share/texlive/texmf-dist/tex/latex/tcolorbox/tcbprocessing.code.tex
Library (tcolorbox): 'tcbprocessing.code.tex' version '6.2.0'
)
\c@tcblisting=\count461
)) (/usr/share/texlive/texmf-dist/tex/latex/listingsutf8/listingsutf8.sty
Package: listingsutf8 2019-12-10 v1.5 Allow UTF-8 in listings input (HO)

(/usr/share/texlive/texmf-dist/tex/generic/stringenc/stringenc.sty
Package: stringenc 2019/11/29 v1.12 Convert strings between diff. encodings (HO
)

(/usr/share/texlive/texmf-dist/tex/generic/pdfescape/pdfescape.sty
Package: pdfescape 2019/12/09 v1.15 Implements pdfTeX's escape features (HO)
))))
(/usr/share/texlive/texmf-dist/tex/latex/tcolorbox/tcbexternal.code.tex
Library (tcolorbox): 'tcbexternal.code.tex' version '6.2.0'
) (/usr/share/texlive/texmf-dist/tex/latex/tcolorbox/tcbmagazine.code.tex
Library (tcolorbox): 'tcbmagazine.code.tex' version '6.2.0'
) (/usr/share/texlive/texmf-dist/tex/latex/tcolorbox/tcbvignette.code.tex
Library (tcolorbox): 'tcbvignette.code.tex' version '6.2.0'

(/usr/share/texlive/texmf-dist/tex/generic/pgf/frontendlayer/tikz/libraries/tik
zlibraryfadings.code.tex
File: tikzlibraryfadings.code.tex 2023-01-15 v3.1.10 (3.1.10)

(/usr/share/texlive/texmf-dist/tex/generic/pgf/libraries/pgflibraryfadings.code
.tex
File: pgflibraryfadings.code.tex 2023-01-15 v3.1.10 (3.1.10)
))) (/usr/share/texlive/texmf-dist/tex/latex/tcolorbox/tcbposter.code.tex
Library (tcolorbox): 'tcbposter.code.tex' version '6.2.0'
)) (/usr/share/texlive/texmf-dist/tex/latex/hyperref/hyperref.sty
Package: hyperref 2024-01-20 v7.01h Hypertext links for LaTeX

(/usr/share/texlive/texmf-dist/tex/generic/kvdefinekeys/kvdefinekeys.sty
Package: kvdefinekeys 2019-12-19 v1.6 Define keys (HO)
)
(/usr/share/texlive/texmf-dist/tex/latex/hycolor/hycolor.sty
Package: hycolor 2020-01-27 v1.10 Color options for hyperref/bookmark (HO)
)
(/usr/share/texlive/texmf-dist/tex/latex/auxhook/auxhook.sty
Package: auxhook 2019-12-17 v1.6 Hooks for auxiliary files (HO)
)
(/usr/share/texlive/texmf-dist/tex/latex/hyperref/nameref.sty
Package: nameref 2023-11-26 v2.56 Cross-referencing by name of section

(/usr/share/texlive/texmf-dist/tex/latex/refcount/refcount.sty
Package: refcount 2019/12/15 v3.6 Data extraction from label references (HO)
)
(/usr/share/texlive/texmf-dist/tex/generic/gettitlestring/gettitlestring.sty
Package: gettitlestring 2019/12/15 v1.6 Cleanup title references (HO)
)
\c@section@level=\count462
)
\@linkdim=\dimen300
\Hy@linkcounter=\count463
\Hy@pagecounter=\count464

(/usr/share/texlive/texmf-dist/tex/latex/hyperref/pd1enc.def
File: pd1enc.def 2024-01-20 v7.01h Hyperref: PDFDocEncoding definition (HO)
Now handling font encoding PD1 ...
... no UTF-8 mapping file for font encoding PD1
)
(/usr/share/texlive/texmf-dist/tex/generic/intcalc/intcalc.sty
Package: intcalc 2019/12/15 v1.3 Expandable calculations with integers (HO)
)
\Hy@SavedSpaceFactor=\count465

(/usr/share/texlive/texmf-dist/tex/latex/hyperref/puenc.def
File: puenc.def 2024-01-20 v7.01h Hyperref: PDF Unicode definition (HO)
Now handling font encoding PU ...
... no UTF-8 mapping file for font encoding PU
)
Package hyperref Info: Hyper figures OFF on input line 4179.
Package hyperref Info: Link nesting OFF on input line 4184.
Package hyperref Info: Hyper index ON on input line 4187.
Package hyperref Info: Plain pages OFF on input line 4194.
Package hyperref Info: Backreferencing OFF on input line 4199.
Package hyperref Info: Implicit mode ON; LaTeX internals redefined.
Package hyperref Info: Bookmarks ON on input line 4446.
\c@Hy@tempcnt=\count466
LaTeX Info: Redefining \url on input line 4784.
\XeTeXLinkMargin=\dimen301

(/usr/share/texlive/texmf-dist/tex/generic/bitset/bitset.sty
Package: bitset 2019/12/09 v1.3 Handle bit-vector datatype (HO)

(/usr/share/texlive/texmf-dist/tex/generic/bigintcalc/bigintcalc.sty
Package: bigintcalc 2019/12/15 v1.5 Expandable calculations on big integers (HO
)
))
\Fld@menulength=\count467
\Field@Width=\dimen302
\Fld@charsize=\dimen303
Package hyperref Info: Hyper figures OFF on input line 6063.
Package hyperref Info: Link nesting OFF on input line 6068.
Package hyperref Info: Hyper index ON on input line 6071.
Package hyperref Info: backreferencing OFF on input line 6078.
Package hyperref Info: Link coloring OFF on input line 6083.
Package hyperref Info: Link coloring with OCG OFF on input line 6088.
Package hyperref Info: PDF/A mode OFF on input line 6093.

(/usr/share/texlive/texmf-dist/tex/latex/base/atbegshi-ltx.sty
Package: atbegshi-ltx 2021/01/10 v1.0c Emulation of the original atbegshi
package with kernel methods
)
\Hy@abspage=\count468
\c@Item=\count469
\c@Hfootnote=\count470
)
Package hyperref Info: Driver (autodetected): hpdftex.

(/usr/share/texlive/texmf-dist/tex/latex/hyperref/hpdftex.def
File: hpdftex.def 2024-01-20 v7.01h Hyperref driver for pdfTeX

(/usr/share/texlive/texmf-dist/tex/latex/base/atveryend-ltx.sty
Package: atveryend-ltx 2020/08/19 v1.0a Emulation of the original atveryend pac
kage
with kernel methods
)
\Fld@listcount=\count471
\c@bookmark@seq@number=\count472

(/usr/share/texlive/texmf-dist/tex/latex/rerunfilecheck/rerunfilecheck.sty
Package: rerunfilecheck 2022-07-10 v1.10 Rerun checks for auxiliary files (HO)

(/usr/share/texlive/texmf-dist/tex/generic/uniquecounter/uniquecounter.sty
Package: uniquecounter 2019/12/15 v1.4 Provide unlimited unique counter (HO)
)
Package uniquecounter Info: New unique counter `rerunfilecheck' on input line 2
85.
)
\Hy@SectionHShift=\skip93
)
(./polytechnique.sty
Package: polytechnique 2022/04/29 v1.3.10, standard scientific documents layout
 for Ecole polytechnique (Palaiseau,France).

(/usr/share/texlive/texmf-dist/tex/latex/geometry/geometry.sty
Package: geometry 2020/01/02 v5.9 Page Geometry

(/usr/share/texlive/texmf-dist/tex/generic/iftex/ifvtex.sty
Package: ifvtex 2019/10/25 v1.7 ifvtex legacy package. Use iftex instead.
)
\Gm@cnth=\count473
\Gm@cntv=\count474
\c@Gm@tempcnt=\count475
\Gm@bindingoffset=\dimen304
\Gm@wd@mp=\dimen305
\Gm@odd@mp=\dimen306
\Gm@even@mp=\dimen307
\Gm@layoutwidth=\dimen308
\Gm@layoutheight=\dimen309
\Gm@layouthoffset=\dimen310
\Gm@layoutvoffset=\dimen311
\Gm@dimlist=\toks45
)
(/usr/share/texlive/texmf-dist/tex/generic/iftex/ifpdf.sty
Package: ifpdf 2019/10/25 v3.4 ifpdf legacy package. Use iftex instead.
)
(/usr/share/texmf/tex/latex/lm/lmodern.sty
Package: lmodern 2015/05/01 v1.6.1 Latin Modern Fonts
LaTeX Font Info:    Overwriting symbol font `operators' in version `normal'
(Font)                  OT1/cmr/m/n --> OT1/lmr/m/n on input line 22.
LaTeX Font Info:    Overwriting symbol font `letters' in version `normal'
(Font)                  OML/cmm/m/it --> OML/lmm/m/it on input line 23.
LaTeX Font Info:    Overwriting symbol font `symbols' in version `normal'
(Font)                  OMS/cmsy/m/n --> OMS/lmsy/m/n on input line 24.
LaTeX Font Info:    Overwriting symbol font `largesymbols' in version `normal'
(Font)                  OMX/cmex/m/n --> OMX/lmex/m/n on input line 25.
LaTeX Font Info:    Overwriting symbol font `operators' in version `bold'
(Font)                  OT1/cmr/bx/n --> OT1/lmr/bx/n on input line 26.
LaTeX Font Info:    Overwriting symbol font `letters' in version `bold'
(Font)                  OML/cmm/b/it --> OML/lmm/b/it on input line 27.
LaTeX Font Info:    Overwriting symbol font `symbols' in version `bold'
(Font)                  OMS/cmsy/b/n --> OMS/lmsy/b/n on input line 28.
LaTeX Font Info:    Overwriting symbol font `largesymbols' in version `bold'
(Font)                  OMX/cmex/m/n --> OMX/lmex/m/n on input line 29.
LaTeX Font Info:    Overwriting math alphabet `\mathbf' in version `normal'
(Font)                  OT1/cmr/bx/n --> OT1/lmr/bx/n on input line 31.
LaTeX Font Info:    Overwriting math alphabet `\mathsf' in version `normal'
(Font)                  OT1/cmss/m/n --> OT1/lmss/m/n on input line 32.
LaTeX Font Info:    Overwriting math alphabet `\mathit' in version `normal'
(Font)                  OT1/cmr/m/it --> OT1/lmr/m/it on input line 33.
LaTeX Font Info:    Overwriting math alphabet `\mathtt' in version `normal'
(Font)                  OT1/cmtt/m/n --> OT1/lmtt/m/n on input line 34.
LaTeX Font Info:    Overwriting math alphabet `\mathbf' in version `bold'
(Font)                  OT1/cmr/bx/n --> OT1/lmr/bx/n on input line 35.
LaTeX Font Info:    Overwriting math alphabet `\mathsf' in version `bold'
(Font)                  OT1/cmss/bx/n --> OT1/lmss/bx/n on input line 36.
LaTeX Font Info:    Overwriting math alphabet `\mathit' in version `bold'
(Font)                  OT1/cmr/bx/it --> OT1/lmr/bx/it on input line 37.
LaTeX Font Info:    Overwriting math alphabet `\mathtt' in version `bold'
(Font)                  OT1/cmtt/m/n --> OT1/lmtt/m/n on input line 38.
)
(/usr/share/texlive/texmf-dist/tex/latex/titlesec/titlesec.sty
Package: titlesec 2023/10/27 v2.16 Sectioning titles
\ttl@box=\box86
\beforetitleunit=\skip94
\aftertitleunit=\skip95
\ttl@plus=\dimen312
\ttl@minus=\dimen313
\ttl@toksa=\toks46
\titlewidth=\dimen314
\titlewidthlast=\dimen315
\titlewidthfirst=\dimen316

(/usr/share/texlive/texmf-dist/tex/latex/titlesec/titleps.sty))
\margehaut=\skip96
\hauteurentete=\skip97
\separationentete=\skip98
\margecote=\skip99
\margecoteinterieur=\skip100
\margecoteexterieur=\skip101
\margebas=\skip102
\separationpied=\skip103
\hauteurlogohori=\skip104
\separationtitre=\skip105
\epaisseurtrait=\skip106
\separationlignestitre=\skip107
\separationtitrecorps=\skip108
\hauteurlogopage=\skip109
\separationentetelogo=\skip110
\largeurfiletpiedcentre=\skip111
\largeurlogovert=\skip112
\hauteurlogovert=\skip113
\largeurlogohori=\skip114
\distancetitrelogo=\skip115
\separationlogotrait=\skip116
\largeurminipage=\skip117
\distancetitrecorps=\skip118
\largeurtitreentete=\skip119
\decalageverticalentete=\skip120
)
(/usr/share/texlive/texmf-dist/tex/generic/babel/babel.sty
Package: babel 2024/01/07 v24.1 The Babel package
\babel@savecnt=\count476
\U@D=\dimen317
\l@unhyphenated=\language90

(/usr/share/texlive/texmf-dist/tex/generic/babel/txtbabel.def)
\bbl@readstream=\read5
\bbl@dirlevel=\count477

(/usr/share/texlive/texmf-dist/tex/generic/babel-english/english.ldf
Language: english 2017/06/06 v3.3r English support from the babel system
Package babel Info: Hyphen rules for 'canadian' set to \l@english
(babel)             (\language0). Reported on input line 102.
Package babel Info: Hyphen rules for 'australian' set to \l@ukenglish
(babel)             (\language43). Reported on input line 105.
Package babel Info: Hyphen rules for 'newzealand' set to \l@ukenglish
(babel)             (\language43). Reported on input line 108.
))
(/usr/share/texlive/texmf-dist/tex/generic/babel/locale/en/babel-english.tex
Package babel Info: Importing font and identification data for english
(babel)             from babel-en.ini. Reported on input line 11.
)
(/usr/share/texlive/texmf-dist/tex/latex/base/fontenc.sty
Package: fontenc 2021/04/29 v2.0v Standard LaTeX package
LaTeX Font Info:    Trying to load font information for T1+lmr on input line 11
2.

(/usr/share/texmf/tex/latex/lm/t1lmr.fd
File: t1lmr.fd 2015/05/01 v1.6.1 Font defs for Latin Modern
))
(/usr/share/texlive/texmf-dist/tex/latex/blindtext/blindtext.sty
Package: blindtext 2012/01/06 V2.0 blindtext-Package

(/usr/share/texlive/texmf-dist/tex/latex/tools/xspace.sty
Package: xspace 2014/10/28 v1.13 Space after command names (DPC,MH)
)
\c@blindtext=\count478
\c@Blindtext=\count479
\c@blind@countparstart=\count480
\blind@countxx=\count481
\blindtext@numBlindtext=\count482
\blind@countyy=\count483
\c@blindlist=\count484
\c@blindlistlevel=\count485
\c@blindlist@level=\count486
\blind@listitem=\count487
\c@blind@listcount=\count488
\c@blind@levelcount=\count489
\blind@mathformula=\count490
\blind@Mathformula=\count491
\c@blind@randomcount=\count492
\c@blind@randommax=\count493
\c@blind@pangramcount=\count494
\c@blind@pangrammax=\count495
)
(/usr/share/texlive/texmf-dist/tex/generic/pgf/frontendlayer/tikz/libraries/tik
zlibrarypositioning.code.tex
File: tikzlibrarypositioning.code.tex 2023-01-15 v3.1.10 (3.1.10)
)
(/usr/share/texlive/texmf-dist/tex/generic/pgf/frontendlayer/tikz/libraries/tik
zlibraryshadows.code.tex
File: tikzlibraryshadows.code.tex 2023-01-15 v3.1.10 (3.1.10)
)
(/usr/share/texlive/texmf-dist/tex/latex/listings/lstlang1.sty
File: lstlang1.sty 2023/02/27 1.9 listings language file
)
\c@theorem=\count496


! LaTeX Error: Missing \begin{document}.

See the LaTeX manual or LaTeX Companion for explanation.
Type  H <return>  for immediate help.
 ...                                              
                                                  
l.129 .
       
You're in trouble here.  Try typing  <return>  to proceed.
If that doesn't work, type  X <return>  to quit.


! LaTeX Error: Command \E already defined.
               Or name \end... illegal, see p.192 of the manual.

See the LaTeX manual or LaTeX Companion for explanation.
Type  H <return>  for immediate help.
 ...                                              
                                                  
l.161 \newcommand{\E}{\mathbb{E}}
                                 
Your command was ignored.
Type  I <command> <return>  to replace it with another command,
or  <return>  to continue without it.


! LaTeX Error: Command \Var already defined.
               Or name \end... illegal, see p.192 of the manual.

See the LaTeX manual or LaTeX Companion for explanation.
Type  H <return>  for immediate help.
 ...                                              
                                                  
l.162 \DeclareMathOperator{\Var}{Var}
                                     
Your command was ignored.
Type  I <command> <return>  to replace it with another command,
or  <return>  to continue without it.


! LaTeX Error: Command \indic already defined.
               Or name \end... illegal, see p.192 of the manual.

See the LaTeX manual or LaTeX Companion for explanation.
Type  H <return>  for immediate help.
 ...                                              
                                                  
l.163 \newcommand{\indic}{\mathbb{1}}
                                     
Your command was ignored.
Type  I <command> <return>  to replace it with another command,
or  <return>  to continue without it.


! LaTeX Error: Command \dd already defined.
               Or name \end... illegal, see p.192 of the manual.

See the LaTeX manual or LaTeX Companion for explanation.
Type  H <return>  for immediate help.
 ...                                              
                                                  
l.164 \newcommand{\dd}{\,d}
                           
Your command was ignored.
Type  I <command> <return>  to replace it with another command,
or  <return>  to continue without it.


! LaTeX Error: Command \Kop already defined.
               Or name \end... illegal, see p.192 of the manual.

See the LaTeX manual or LaTeX Companion for explanation.
Type  H <return>  for immediate help.
 ...                                              
                                                  
l.167 ...Kop}{\textcolor{kernelcolor}{\mathbf{K}}}
                                                  
Your command was ignored.
Type  I <command> <return>  to replace it with another command,
or  <return>  to continue without it.


! LaTeX Error: Command \Pop already defined.
               Or name \end... illegal, see p.192 of the manual.

See the LaTeX manual or LaTeX Companion for explanation.
Type  H <return>  for immediate help.
 ...                                              
                                                  
l.168 ...op}{\textcolor{sobolevcolor}{\mathbf{P}}}
                                                  
Your command was ignored.
Type  I <command> <return>  to replace it with another command,
or  <return>  to continue without it.


! LaTeX Error: Command \Kinf already defined.
               Or name \end... illegal, see p.192 of the manual.

See the LaTeX manual or LaTeX Companion for explanation.
Type  H <return>  for immediate help.
 ...                                              
                                                  
l.169 ...inf}{\textcolor{kernelcolor}{K^{\infty}}}
                                                  
Your command was ignored.
Type  I <command> <return>  to replace it with another command,
or  <return>  to continue without it.


! LaTeX Error: Command \Ps already defined.
               Or name \end... illegal, see p.192 of the manual.

See the LaTeX manual or LaTeX Companion for explanation.
Type  H <return>  for immediate help.
 ...                                              
                                                  
l.170 ...mmand{\Ps}{\textcolor{sobolevcolor}{P_s}}
                                                  
Your command was ignored.
Type  I <command> <return>  to replace it with another command,
or  <return>  to continue without it.


! LaTeX Error: Command \Ts already defined.
               Or name \end... illegal, see p.192 of the manual.

See the LaTeX manual or LaTeX Companion for explanation.
Type  H <return>  for immediate help.
 ...                                              
                                                  
l.171 \newcommand{\Ts}{\mathcal{T}_s}
                                     
Your command was ignored.
Type  I <command> <return>  to replace it with another command,
or  <return>  to continue without it.


! LaTeX Error: Command \rho already defined.
               Or name \end... illegal, see p.192 of the manual.

See the LaTeX manual or LaTeX Companion for explanation.
Type  H <return>  for immediate help.
 ...                                              
                                                  
l.176 ...ommand{\rho}{\textcolor{pinkcolor}{\rho}}
                                                  
Your command was ignored.
Type  I <command> <return>  to replace it with another command,
or  <return>  to continue without it.


! LaTeX Error: Command \d already defined.
               Or name \end... illegal, see p.192 of the manual.

See the LaTeX manual or LaTeX Companion for explanation.
Type  H <return>  for immediate help.
 ...                                              
                                                  
l.177 \newcommand{\d}{\textcolor{yellowcolor}{d}}
                                                 
Your command was ignored.
Type  I <command> <return>  to replace it with another command,
or  <return>  to continue without it.

Package hyperref Info: Option `colorlinks' set `true' on input line 234.

Package biblatex Warning: 'babel/polyglossia' detected but 'csquotes' missing.
(biblatex)                Loading 'csquotes' recommended.

\@quotelevel=\count497
\@quotereset=\count498
(./reportpart3.aux

LaTeX Warning: Label `eq:hessian_ntk_k4' multiply defined.

)
\openout1 = `reportpart3.aux'.

LaTeX Font Info:    Checking defaults for OML/cmm/m/it on input line 238.
LaTeX Font Info:    ... okay on input line 238.
LaTeX Font Info:    Checking defaults for OMS/cmsy/m/n on input line 238.
LaTeX Font Info:    ... okay on input line 238.
LaTeX Font Info:    Checking defaults for OT1/cmr/m/n on input line 238.
LaTeX Font Info:    ... okay on input line 238.
LaTeX Font Info:    Checking defaults for T1/cmr/m/n on input line 238.
LaTeX Font Info:    ... okay on input line 238.
LaTeX Font Info:    Checking defaults for TS1/cmr/m/n on input line 238.
LaTeX Font Info:    ... okay on input line 238.
LaTeX Font Info:    Checking defaults for OMX/cmex/m/n on input line 238.
LaTeX Font Info:    ... okay on input line 238.
LaTeX Font Info:    Checking defaults for U/cmr/m/n on input line 238.
LaTeX Font Info:    ... okay on input line 238.
LaTeX Font Info:    Checking defaults for PD1/pdf/m/n on input line 238.
LaTeX Font Info:    ... okay on input line 238.
LaTeX Font Info:    Checking defaults for PU/pdf/m/n on input line 238.
LaTeX Font Info:    ... okay on input line 238.
 (/usr/share/texlive/texmf-dist/tex/context/base/mkii/supp-pdf.mkii
[Loading MPS to PDF converter (version 2006.09.02).]
\scratchcounter=\count499
\scratchdimen=\dimen318
\scratchbox=\box87
\nofMPsegments=\count500
\nofMParguments=\count501
\everyMPshowfont=\toks47
\MPscratchCnt=\count502
\MPscratchDim=\dimen319
\MPnumerator=\count503
\makeMPintoPDFobject=\count504
\everyMPtoPDFconversion=\toks48
) (/usr/share/texlive/texmf-dist/tex/latex/epstopdf-pkg/epstopdf-base.sty
Package: epstopdf-base 2020-01-24 v2.11 Base part for package epstopdf
Package epstopdf-base Info: Redefining graphics rule for `.eps' on input line 4
85.

(/usr/share/texlive/texmf-dist/tex/latex/latexconfig/epstopdf-sys.cfg
File: epstopdf-sys.cfg 2010/07/13 v1.3 Configuration of (r)epstopdf for TeX Liv
e
))
Package biblatex Info: Trying to load language 'english'...
Package biblatex Info: ... file 'english.lbx' found.

(/usr/share/texlive/texmf-dist/tex/latex/biblatex/lbx/english.lbx
File: english.lbx 2023/03/05 v3.19 biblatex localization (PK/MW)
)
Package biblatex Info: Input encoding 'utf8' detected.
Package biblatex Info: Automatic encoding selection.
(biblatex)             Assuming data encoding 'utf8'.
\openout3 = `reportpart3.bcf'.

Package biblatex Info: Trying to load bibliographic data...
Package biblatex Info: ... file 'reportpart3.bbl' not found.

No file reportpart3.bbl.
Package biblatex Info: Reference section=0 on input line 238.
Package biblatex Info: Reference segment=0 on input line 238.
Package caption Info: Begin \AtBeginDocument code.
Package caption Info: subfig package v1.3 is loaded.
Package caption Info: hyperref package is loaded.
Package caption Info: listings package is loaded.
Package caption Info: longtable package is loaded.
(/usr/share/texlive/texmf-dist/tex/latex/caption/ltcaption.sty
Package: ltcaption 2021/01/08 v1.4c longtable captions (AR)
)
Package caption Info: End \AtBeginDocument code.
\c@lstlisting=\count505

(/usr/share/texlive/texmf-dist/tex/latex/base/inputenc.sty
Package: inputenc 2021/02/14 v1.3d Input encoding file
\inpenc@prehook=\toks49
\inpenc@posthook=\toks50
)
Package hyperref Info: Link coloring ON on input line 238.
 (./reportpart3.out) (./reportpart3.out)
\@outlinefile=\write5
\openout5 = `reportpart3.out'.


*geometry* driver: auto-detecting
*geometry* detected driver: pdftex
*geometry* verbose mode - [ preamble ] result:
* driver: pdftex
* paper: a4paper
* layout: <same size as paper>
* layoutoffset:(h,v)=(0.0pt,0.0pt)
* modes: 
* h-part:(L,W,R)=(56.9055pt, 483.69687pt, 56.9055pt)
* v-part:(T,H,B)=(113.81102pt, 631.65118pt, 99.58464pt)
* \paperwidth=597.50787pt
* \paperheight=845.04684pt
* \textwidth=483.69687pt
* \textheight=631.65118pt
* \oddsidemargin=-15.36449pt
* \evensidemargin=-15.36449pt
* \topmargin=-69.4247pt
* \headheight=76.82243pt
* \headsep=34.1433pt
* \topskip=10.0pt
* \footskip=49.79231pt
* \marginparwidth=57.0pt
* \marginparsep=11.0pt
* \columnsep=10.0pt
* \skip\footins=9.0pt plus 4.0pt minus 2.0pt
* \hoffset=0.0pt
* \voffset=0.0pt
* \mag=1000
* \@twocolumnfalse
* \@twosidefalse
* \@mparswitchfalse
* \@reversemarginfalse
* (1in=72.27pt=25.4mm, 1cm=28.453pt)

<umdlogo.png, id=421, 982.67125pt x 225.84375pt>
File: umdlogo.png Graphic file (type png)
<use umdlogo.png>
Package pdftex.def Info: umdlogo.png  used on input line 292.
(pdftex.def)             Requested size: 145.11053pt x 33.34784pt.
<polytechnique-logohori.pdf, id=422, 845.1575pt x 597.23125pt>
File: polytechnique-logohori.pdf Graphic file (type pdf)
<use polytechnique-logohori.pdf>
Package pdftex.def Info: polytechnique-logohori.pdf  used on input line 296.
(pdftex.def)             Requested size: 80.52292pt x 56.90158pt.
[1{/var/lib/texmf/fonts/map/pdftex/updmap/pdftex.map}{/usr/share/texmf/fonts/en
c/dvips/lm/lm-ec.enc}

 <./polytechnique-logohori.pdf> <./umdlogo.png>]
LaTeX Font Info:    Trying to load font information for T1+lmss on input line 2
97.

(/usr/share/texmf/tex/latex/lm/t1lmss.fd
File: t1lmss.fd 2015/05/01 v1.6.1 Font defs for Latin Modern
)
LaTeX Info: Redefining \\ on input line 297.
<polytechnique-filetlongrouge.pdf, id=434, 124.21407pt x 2.1681pt>
File: polytechnique-filetlongrouge.pdf Graphic file (type pdf)
<use polytechnique-filetlongrouge.pdf>
Package pdftex.def Info: polytechnique-filetlongrouge.pdf  used on input line 2
97.
(pdftex.def)             Requested size: 124.21375pt x 2.16808pt.
 (./reportpart3.toc
LaTeX Font Info:    Trying to load font information for OT1+lmr on input line 8
.

(/usr/share/texmf/tex/latex/lm/ot1lmr.fd
File: ot1lmr.fd 2015/05/01 v1.6.1 Font defs for Latin Modern
)
LaTeX Font Info:    Trying to load font information for OML+lmm on input line 8
.

(/usr/share/texmf/tex/latex/lm/omllmm.fd
File: omllmm.fd 2015/05/01 v1.6.1 Font defs for Latin Modern
)
LaTeX Font Info:    Trying to load font information for OMS+lmsy on input line 
8.

(/usr/share/texmf/tex/latex/lm/omslmsy.fd
File: omslmsy.fd 2015/05/01 v1.6.1 Font defs for Latin Modern
)
LaTeX Font Info:    Trying to load font information for OMX+lmex on input line 
8.

(/usr/share/texmf/tex/latex/lm/omxlmex.fd
File: omxlmex.fd 2015/05/01 v1.6.1 Font defs for Latin Modern
)
LaTeX Font Info:    External font `lmex10' loaded for size
(Font)              <10> on input line 8.
LaTeX Font Info:    External font `lmex10' loaded for size
(Font)              <7> on input line 8.
LaTeX Font Info:    External font `lmex10' loaded for size
(Font)              <5> on input line 8.
LaTeX Font Info:    Trying to load font information for U+msa on input line 8.

(/usr/share/texlive/texmf-dist/tex/latex/amsfonts/umsa.fd
File: umsa.fd 2013/01/14 v3.01 AMS symbols A
)
LaTeX Font Info:    Trying to load font information for U+msb on input line 8.

(/usr/share/texlive/texmf-dist/tex/latex/amsfonts/umsb.fd
File: umsb.fd 2013/01/14 v3.01 AMS symbols B
)
File: polytechnique-logohori.pdf Graphic file (type pdf)
<use polytechnique-logohori.pdf>
Package pdftex.def Info: polytechnique-logohori.pdf  used on input line 44.
(pdftex.def)             Requested size: 80.52292pt x 56.90158pt.
 [2{/usr/share/texmf/fonts/enc/dvips/lm/lm-mathit.enc}{/usr/share/texmf/fonts/e
nc/dvips/lm/lm-rm.enc} <./polytechnique-filetlongrouge.pdf>]
File: polytechnique-logohori.pdf Graphic file (type pdf)
<use polytechnique-logohori.pdf>
Package pdftex.def Info: polytechnique-logohori.pdf  used on input line 91.
(pdftex.def)             Requested size: 80.52292pt x 56.90158pt.
 [3])
\tf@toc=\write6
\openout6 = `reportpart3.toc'.

File: polytechnique-logohori.pdf Graphic file (type pdf)
<use polytechnique-logohori.pdf>
Package pdftex.def Info: polytechnique-logohori.pdf  used on input line 298.
(pdftex.def)             Requested size: 80.52292pt x 56.90158pt.
 [4]
LaTeX Info: Redefining \\ on input line 308.
File: polytechnique-filetlongrouge.pdf Graphic file (type pdf)
<use polytechnique-filetlongrouge.pdf>
Package pdftex.def Info: polytechnique-filetlongrouge.pdf  used on input line 3
08.
(pdftex.def)             Requested size: 124.21375pt x 2.16808pt.
LaTeX Info: Redefining \\ on input line 328.
File: polytechnique-filetlongrouge.pdf Graphic file (type pdf)
<use polytechnique-filetlongrouge.pdf>
Package pdftex.def Info: polytechnique-filetlongrouge.pdf  used on input line 3
28.
(pdftex.def)             Requested size: 124.21375pt x 2.16808pt.
File: polytechnique-logohori.pdf Graphic file (type pdf)
<use polytechnique-logohori.pdf>
Package pdftex.def Info: polytechnique-logohori.pdf  used on input line 338.
(pdftex.def)             Requested size: 80.52292pt x 56.90158pt.
 [5]
LaTeX Info: Redefining \\ on input line 358.
File: polytechnique-filetlongrouge.pdf Graphic file (type pdf)
<use polytechnique-filetlongrouge.pdf>
Package pdftex.def Info: polytechnique-filetlongrouge.pdf  used on input line 3
58.
(pdftex.def)             Requested size: 124.21375pt x 2.16808pt.


LaTeX Warning: Citation 'seleznova2022ntk_beyond' on page 6 undefined on input 
line 367.

File: polytechnique-logohori.pdf Graphic file (type pdf)
<use polytechnique-logohori.pdf>
Package pdftex.def Info: polytechnique-logohori.pdf  used on input line 375.
(pdftex.def)             Requested size: 80.52292pt x 56.90158pt.
[6]
LaTeX Info: Redefining \\ on input line 379.
File: polytechnique-filetlongrouge.pdf Graphic file (type pdf)
<use polytechnique-filetlongrouge.pdf>
Package pdftex.def Info: polytechnique-filetlongrouge.pdf  used on input line 3
79.
(pdftex.def)             Requested size: 124.21375pt x 2.16808pt.
<polytechnique-filetcourt.pdf, id=565, 28.40613pt x 2.1681pt>
File: polytechnique-filetcourt.pdf Graphic file (type pdf)
<use polytechnique-filetcourt.pdf>
Package pdftex.def Info: polytechnique-filetcourt.pdf  used on input line 402.
(pdftex.def)             Requested size: 28.40604pt x 2.16808pt.
File: polytechnique-logohori.pdf Graphic file (type pdf)
<use polytechnique-logohori.pdf>
Package pdftex.def Info: polytechnique-logohori.pdf  used on input line 426.
(pdftex.def)             Requested size: 80.52292pt x 56.90158pt.
 [7 <./polytechnique-filetcourt.pdf>]

! LaTeX Error: Unknown float option `,'.

See the LaTeX manual or LaTeX Companion for explanation.
Type  H <return>  for immediate help.
 ...                                              
                                                  
l.432 \begin{figure}[htbp,scale=0.8]
                                    
Option `,' ignored and `p' used.


! LaTeX Error: Unknown float option `s'.

See the LaTeX manual or LaTeX Companion for explanation.
Type  H <return>  for immediate help.
 ...                                              
                                                  
l.432 \begin{figure}[htbp,scale=0.8]
                                    
Option `s' ignored and `p' used.


! LaTeX Error: Unknown float option `c'.

See the LaTeX manual or LaTeX Companion for explanation.
Type  H <return>  for immediate help.
 ...                                              
                                                  
l.432 \begin{figure}[htbp,scale=0.8]
                                    
Option `c' ignored and `p' used.


! LaTeX Error: Unknown float option `a'.

See the LaTeX manual or LaTeX Companion for explanation.
Type  H <return>  for immediate help.
 ...                                              
                                                  
l.432 \begin{figure}[htbp,scale=0.8]
                                    
Option `a' ignored and `p' used.


! LaTeX Error: Unknown float option `l'.

See the LaTeX manual or LaTeX Companion for explanation.
Type  H <return>  for immediate help.
 ...                                              
                                                  
l.432 \begin{figure}[htbp,scale=0.8]
                                    
Option `l' ignored and `p' used.


! LaTeX Error: Unknown float option `e'.

See the LaTeX manual or LaTeX Companion for explanation.
Type  H <return>  for immediate help.
 ...                                              
                                                  
l.432 \begin{figure}[htbp,scale=0.8]
                                    
Option `e' ignored and `p' used.


! LaTeX Error: Unknown float option `='.

See the LaTeX manual or LaTeX Companion for explanation.
Type  H <return>  for immediate help.
 ...                                              
                                                  
l.432 \begin{figure}[htbp,scale=0.8]
                                    
Option `=' ignored and `p' used.


! LaTeX Error: Unknown float option `0'.

See the LaTeX manual or LaTeX Companion for explanation.
Type  H <return>  for immediate help.
 ...                                              
                                                  
l.432 \begin{figure}[htbp,scale=0.8]
                                    
Option `0' ignored and `p' used.


! LaTeX Error: Unknown float option `.'.

See the LaTeX manual or LaTeX Companion for explanation.
Type  H <return>  for immediate help.
 ...                                              
                                                  
l.432 \begin{figure}[htbp,scale=0.8]
                                    
Option `.' ignored and `p' used.


! LaTeX Error: Unknown float option `8'.

See the LaTeX manual or LaTeX Companion for explanation.
Type  H <return>  for immediate help.
 ...                                              
                                                  
l.432 \begin{figure}[htbp,scale=0.8]
                                    
Option `8' ignored and `p' used.

LaTeX Font Info:    External font `lmex10' loaded for size
(Font)              <8> on input line 452.
LaTeX Font Info:    External font `lmex10' loaded for size
(Font)              <6> on input line 452.

Overfull \hbox (52.38512pt too wide) in paragraph at lines 497--498
 [][] 
 []

File: polytechnique-logohori.pdf Graphic file (type pdf)
<use polytechnique-logohori.pdf>
Package pdftex.def Info: polytechnique-logohori.pdf  used on input line 502.
(pdftex.def)             Requested size: 80.52292pt x 56.90158pt.
[8]
File: polytechnique-logohori.pdf Graphic file (type pdf)
<use polytechnique-logohori.pdf>
Package pdftex.def Info: polytechnique-logohori.pdf  used on input line 502.
(pdftex.def)             Requested size: 80.52292pt x 56.90158pt.
 [9{/usr/share/texmf/fonts/enc/dvips/lm/lm-mathsy.enc}]
LaTeX Info: Redefining \\ on input line 517.
File: polytechnique-filetlongrouge.pdf Graphic file (type pdf)
<use polytechnique-filetlongrouge.pdf>
Package pdftex.def Info: polytechnique-filetlongrouge.pdf  used on input line 5
17.
(pdftex.def)             Requested size: 124.21375pt x 2.16808pt.
LaTeX Font Info:    Trying to load font information for TS1+lmr on input line 5
21.

(/usr/share/texmf/tex/latex/lm/ts1lmr.fd
File: ts1lmr.fd 2015/05/01 v1.6.1 Font defs for Latin Modern
)
Underfull \hbox (badness 1824) in paragraph at lines 527--528
[]|\T1/lmr/m/n/10 Unit sphere of di-
 []


Underfull \hbox (badness 1314) in paragraph at lines 528--529
[]|\T1/lmr/m/n/10 Variance of a ran-
 []


Underfull \hbox (badness 1442) in paragraph at lines 529--529
[]|\T1/lmr/m/n/10 Covariance be-tween
 []


Underfull \hbox (badness 10000) in paragraph at lines 542--542
[]|\T1/lmr/m/n/10 Weight ma-trix of
 []


Underfull \hbox (badness 4353) in paragraph at lines 544--544
[]|\T1/lmr/m/n/10 Diagonal deriva-tive
 []


Underfull \hbox (badness 3590) in paragraph at lines 545--546
[]|\T1/lmr/m/n/10 Number of hid-den
 []


Underfull \hbox (badness 10000) in paragraph at lines 546--546
[]|\T1/lmr/m/n/10 Directional deriva-
 []


Underfull \hbox (badness 2065) in paragraph at lines 555--555
[]|\T1/lmr/m/n/10 Discrete NTK ma-
 []


Underfull \hbox (badness 2573) in paragraph at lines 555--556
[]|\T1/lmr/m/n/10 Infinite-width NTK
 []


Underfull \hbox (badness 10000) in paragraph at lines 558--559
[]|$\OML/lmm/m/it/10 r$\T1/lmr/m/n/10 -th or-der ker-nel
 []

File: polytechnique-logohori.pdf Graphic file (type pdf)
<use polytechnique-logohori.pdf>
Package pdftex.def Info: polytechnique-logohori.pdf  used on input line 563.
(pdftex.def)             Requested size: 80.52292pt x 56.90158pt.
[10]
Overfull \vbox (23.9476pt too high) has occurred while \output is active []

File: polytechnique-logohori.pdf Graphic file (type pdf)
<use polytechnique-logohori.pdf>
Package pdftex.def Info: polytechnique-logohori.pdf  used on input line 563.
(pdftex.def)             Requested size: 80.52292pt x 56.90158pt.

[11{/usr/share/texmf/fonts/enc/dvips/lm/lm-ts1.enc}]
Underfull \hbox (badness 1142) in paragraph at lines 573--573
[]|\T1/lmr/m/n/10 Continuous Sobolev
 []


Underfull \hbox (badness 10000) in paragraph at lines 575--576
[]|\T1/lmr/m/n/10 Laplace-Beltrami
 []


Underfull \hbox (badness 3428) in paragraph at lines 596--596
[]|\T1/lmr/m/n/10 Eigenvalues at de-
 []


Underfull \hbox (badness 10000) in paragraph at lines 597--597
[]|\T1/lmr/m/n/10 Maximum eigen-
 []


Underfull \hbox (badness 10000) in paragraph at lines 598--598
[]|\T1/lmr/m/n/10 Constants de-pend-
 []


Underfull \hbox (badness 10000) in paragraph at lines 599--600
[]|\T1/lmr/m/n/10 Normalized NTK
 []


Underfull \hbox (badness 3930) in paragraph at lines 610--610
[]|\T1/lmr/m/n/10 Composite learn-ing
 []


Underfull \hbox (badness 4940) in paragraph at lines 616--616
[]|\T1/lmr/m/n/10 Propagation op-er-a-
 []


Overfull \vbox (63.7808pt too high) has occurred while \output is active []

File: polytechnique-logohori.pdf Graphic file (type pdf)
<use polytechnique-logohori.pdf>
Package pdftex.def Info: polytechnique-logohori.pdf  used on input line 621.
(pdftex.def)             Requested size: 80.52292pt x 56.90158pt.

[12]
LaTeX Info: Redefining \\ on input line 627.
File: polytechnique-filetlongrouge.pdf Graphic file (type pdf)
<use polytechnique-filetlongrouge.pdf>
Package pdftex.def Info: polytechnique-filetlongrouge.pdf  used on input line 6
27.
(pdftex.def)             Requested size: 124.21375pt x 2.16808pt.
File: polytechnique-filetcourt.pdf Graphic file (type pdf)
<use polytechnique-filetcourt.pdf>
Package pdftex.def Info: polytechnique-filetcourt.pdf  used on input line 630.
(pdftex.def)             Requested size: 28.40604pt x 2.16808pt.
File: polytechnique-logohori.pdf Graphic file (type pdf)
<use polytechnique-logohori.pdf>
Package pdftex.def Info: polytechnique-logohori.pdf  used on input line 646.
(pdftex.def)             Requested size: 80.52292pt x 56.90158pt.
 [13]
Underfull \hbox (badness 10000) in paragraph at lines 656--657

 []


Underfull \hbox (badness 10000) in paragraph at lines 658--659

 []

File: polytechnique-filetcourt.pdf Graphic file (type pdf)
<use polytechnique-filetcourt.pdf>
Package pdftex.def Info: polytechnique-filetcourt.pdf  used on input line 673.
(pdftex.def)             Requested size: 28.40604pt x 2.16808pt.
File: polytechnique-logohori.pdf Graphic file (type pdf)
<use polytechnique-logohori.pdf>
Package pdftex.def Info: polytechnique-logohori.pdf  used on input line 689.
(pdftex.def)             Requested size: 80.52292pt x 56.90158pt.
[14]
File: polytechnique-logohori.pdf Graphic file (type pdf)
<use polytechnique-logohori.pdf>
Package pdftex.def Info: polytechnique-logohori.pdf  used on input line 744.
(pdftex.def)             Requested size: 80.52292pt x 56.90158pt.
 [15{/usr/share/texmf/fonts/enc/dvips/lm/lm-mathex.enc}]
File: polytechnique-logohori.pdf Graphic file (type pdf)
<use polytechnique-logohori.pdf>
Package pdftex.def Info: polytechnique-logohori.pdf  used on input line 793.
(pdftex.def)             Requested size: 80.52292pt x 56.90158pt.
 [16]
LaTeX Font Info:    External font `lmex10' loaded for size
(Font)              <12> on input line 793.


Package hyperref Warning: Token not allowed in a PDF string (Unicode):
(hyperref)                removing `math shift' on input line 793.


Package hyperref Warning: Token not allowed in a PDF string (Unicode):
(hyperref)                removing `superscript' on input line 793.


Package hyperref Warning: Token not allowed in a PDF string (Unicode):
(hyperref)                removing `math shift' on input line 793.


Package hyperref Warning: Token not allowed in a PDF string (Unicode):
(hyperref)                removing `math shift' on input line 815.


Package hyperref Warning: Token not allowed in a PDF string (Unicode):
(hyperref)                removing `superscript' on input line 815.


Package hyperref Warning: Token not allowed in a PDF string (Unicode):
(hyperref)                removing `math shift' on input line 815.

File: polytechnique-logohori.pdf Graphic file (type pdf)
<use polytechnique-logohori.pdf>
Package pdftex.def Info: polytechnique-logohori.pdf  used on input line 837.
(pdftex.def)             Requested size: 80.52292pt x 56.90158pt.
[17]
LaTeX Info: Redefining \\ on input line 840.
File: polytechnique-filetlongrouge.pdf Graphic file (type pdf)
<use polytechnique-filetlongrouge.pdf>
Package pdftex.def Info: polytechnique-filetlongrouge.pdf  used on input line 8
40.
(pdftex.def)             Requested size: 124.21375pt x 2.16808pt.

Overfull \hbox (6.23952pt too wide) in paragraph at lines 845--845
|\T1/lmr/m/sc/14.4 2.1 Per-sonal Con-tri-bu-tion: Re-cur-sive Anal-y-sis of Net
-work Depth| 
 []

File: polytechnique-filetcourt.pdf Graphic file (type pdf)
<use polytechnique-filetcourt.pdf>
Package pdftex.def Info: polytechnique-filetcourt.pdf  used on input line 845.
(pdftex.def)             Requested size: 28.40604pt x 2.16808pt.
File: polytechnique-logohori.pdf Graphic file (type pdf)
<use polytechnique-logohori.pdf>
Package pdftex.def Info: polytechnique-logohori.pdf  used on input line 891.
(pdftex.def)             Requested size: 80.52292pt x 56.90158pt.
[18]

! Package xcolor Error: Undefined color `widthcolor'.

See the xcolor package documentation for explanation.
Type  H <return>  for immediate help.
 ...                                              
                                                  
l.905 \end{align}
                 
Try typing  <return>  to proceed.
If that doesn't work, type  X <return>  to quit.


! Package xcolor Error: Undefined color `widthcolor'.

See the xcolor package documentation for explanation.
Type  H <return>  for immediate help.
 ...                                              
                                                  
l.905 \end{align}
                 
Try typing  <return>  to proceed.
If that doesn't work, type  X <return>  to quit.


! Package xcolor Error: Undefined color `widthcolor'.

See the xcolor package documentation for explanation.
Type  H <return>  for immediate help.
 ...                                              
                                                  
l.905 \end{align}
                 
Try typing  <return>  to proceed.
If that doesn't work, type  X <return>  to quit.


! Package xcolor Error: Undefined color `widthcolor'.

See the xcolor package documentation for explanation.
Type  H <return>  for immediate help.
 ...                                              
                                                  
l.905 \end{align}
                 
Try typing  <return>  to proceed.
If that doesn't work, type  X <return>  to quit.


! Package xcolor Error: Undefined color `widthcolor'.

See the xcolor package documentation for explanation.
Type  H <return>  for immediate help.
 ...                                              
                                                  
l.907 ...1)})^T}{\sqrt{\textcolor{widthcolor}{m}}}
                                                   \ReLU '_{\ell+1}(x_\mu)$.
Try typing  <return>  to proceed.
If that doesn't work, type  X <return>  to quit.


! Package xcolor Error: Undefined color `widthcolor'.

See the xcolor package documentation for explanation.
Type  H <return>  for immediate help.
 ...                                              
                                                  
l.914 ...ll+1)}}{\sqrt{\textcolor{widthcolor}{m}}}
                                                   \right\|_{\text{op}} \xri...

Try typing  <return>  to proceed.
If that doesn't work, type  X <return>  to quit.

! Missing $ inserted.
<inserted text> 
                $
l.938 ...Recursion Formula}},enhanced,drop shadow]
                                                  
I've inserted a begin-math/end-math symbol since I think
you left one out. Proceed, with fingers crossed.

! Extra }, or forgotten $.
<recently read> \egroup 
                        
l.938 ...Recursion Formula}},enhanced,drop shadow]
                                                  
I've deleted a group-closing symbol because it seems to be
spurious, as in `$x}$'. But perhaps the } is legitimate and
you forgot something else, as in `\hbox{$x}'. In such cases
the way to recover is to insert both the forgotten and the
deleted material, e.g., by typing `I$}'.

! Missing $ inserted.
<inserted text> 
                $
l.938 ...Recursion Formula}},enhanced,drop shadow]
                                                  
I've inserted a begin-math/end-math symbol since I think
you left one out. Proceed, with fingers crossed.

! Missing } inserted.
<inserted text> 
                }
l.938 ...Recursion Formula}},enhanced,drop shadow]
                                                  
I've inserted something that you may have forgotten.
(See the <inserted text> above.)
With luck, this will get me unwedged. But if you
really didn't forget anything, try typing `2' now; then
my insertion and my current dilemma will both disappear.


! Package xcolor Error: Undefined color `widthcolor'.

See the xcolor package documentation for explanation.
Type  H <return>  for immediate help.
 ...                                              
                                                  
l.943 ...(\ell)} (\delta_\gamma x^{(\ell-1)}_\mu)}
                                                  
Try typing  <return>  to proceed.
If that doesn't work, type  X <return>  to quit.

File: polytechnique-logohori.pdf Graphic file (type pdf)
<use polytechnique-logohori.pdf>
Package pdftex.def Info: polytechnique-logohori.pdf  used on input line 950.
(pdftex.def)             Requested size: 80.52292pt x 56.90158pt.
[19]
File: polytechnique-filetcourt.pdf Graphic file (type pdf)
<use polytechnique-filetcourt.pdf>
Package pdftex.def Info: polytechnique-filetcourt.pdf  used on input line 955.
(pdftex.def)             Requested size: 28.40604pt x 2.16808pt.
File: polytechnique-logohori.pdf Graphic file (type pdf)
<use polytechnique-logohori.pdf>
Package pdftex.def Info: polytechnique-logohori.pdf  used on input line 991.
(pdftex.def)             Requested size: 80.52292pt x 56.90158pt.
 [20]
LaTeX Info: Redefining \\ on input line 994.
File: polytechnique-filetlongrouge.pdf Graphic file (type pdf)
<use polytechnique-filetlongrouge.pdf>
Package pdftex.def Info: polytechnique-filetlongrouge.pdf  used on input line 9
94.
(pdftex.def)             Requested size: 124.21375pt x 2.16808pt.
File: polytechnique-filetcourt.pdf Graphic file (type pdf)
<use polytechnique-filetcourt.pdf>
Package pdftex.def Info: polytechnique-filetcourt.pdf  used on input line 996.
(pdftex.def)             Requested size: 28.40604pt x 2.16808pt.
File: polytechnique-filetcourt.pdf Graphic file (type pdf)
<use polytechnique-filetcourt.pdf>
Package pdftex.def Info: polytechnique-filetcourt.pdf  used on input line 1001.

(pdftex.def)             Requested size: 28.40604pt x 2.16808pt.
File: polytechnique-filetcourt.pdf Graphic file (type pdf)
<use polytechnique-filetcourt.pdf>
Package pdftex.def Info: polytechnique-filetcourt.pdf  used on input line 1011.

(pdftex.def)             Requested size: 28.40604pt x 2.16808pt.
LaTeX Font Info:    Trying to load font information for T1+lmtt on input line 1
015.
 (/usr/share/texmf/tex/latex/lm/t1lmtt.fd
File: t1lmtt.fd 2015/05/01 v1.6.1 Font defs for Latin Modern
)
File: polytechnique-filetcourt.pdf Graphic file (type pdf)
<use polytechnique-filetcourt.pdf>
Package pdftex.def Info: polytechnique-filetcourt.pdf  used on input line 1032.

(pdftex.def)             Requested size: 28.40604pt x 2.16808pt.


! LaTeX Error: Unicode character 🎯 (U+1F3AF)
               not set up for use with LaTeX.

See the LaTeX manual or LaTeX Companion for explanation.
Type  H <return>  for immediate help.
 ...                                              
                                                  
l.1034 ...ICAL SCALING LAW}},enhanced,drop shadow]
                                                  
You may provide a definition with
\DeclareUnicodeCharacter 

File: polytechnique-logohori.pdf Graphic file (type pdf)
<use polytechnique-logohori.pdf>
Package pdftex.def Info: polytechnique-logohori.pdf  used on input line 1044.
(pdftex.def)             Requested size: 80.52292pt x 56.90158pt.
[21]

! LaTeX Error: Unicode character 🎯 (U+1F3AF)
               not set up for use with LaTeX.

See the LaTeX manual or LaTeX Companion for explanation.
Type  H <return>  for immediate help.
 ...                                              
                                                  
l.1051 ...ependent Scaling}},enhanced,drop shadow]
                                                  
You may provide a definition with
\DeclareUnicodeCharacter 

File: polytechnique-logohori.pdf Graphic file (type pdf)
<use polytechnique-logohori.pdf>
Package pdftex.def Info: polytechnique-logohori.pdf  used on input line 1076.
(pdftex.def)             Requested size: 80.52292pt x 56.90158pt.
[22]

! LaTeX Error: Unicode character 🎯 (U+1F3AF)
               not set up for use with LaTeX.

See the LaTeX manual or LaTeX Companion for explanation.
Type  H <return>  for immediate help.
 ...                                              
                                                  
l.1102 ...AL WIDTH FORMULA}},enhanced,drop shadow]
                                                  
You may provide a definition with
\DeclareUnicodeCharacter 


! LaTeX Error: Unicode character 🔍 (U+1F50D)
               not set up for use with LaTeX.

See the LaTeX manual or LaTeX Companion for explanation.
Type  H <return>  for immediate help.
 ...                                              
                                                  
l.1126 ...-Wide Trade-offs}},enhanced,drop shadow]
                                                  
You may provide a definition with
\DeclareUnicodeCharacter 

File: polytechnique-logohori.pdf Graphic file (type pdf)
<use polytechnique-logohori.pdf>
Package pdftex.def Info: polytechnique-logohori.pdf  used on input line 1135.
(pdftex.def)             Requested size: 80.52292pt x 56.90158pt.
[23]

! LaTeX Error: Unicode character 🎯 (U+1F3AF)
               not set up for use with LaTeX.

See the LaTeX manual or LaTeX Companion for explanation.
Type  H <return>  for immediate help.
 ...                                              
                                                  
l.1136 ... DEEPER VS WIDER}},enhanced,drop shadow]
                                                  
You may provide a definition with
\DeclareUnicodeCharacter 

File: polytechnique-filetcourt.pdf Graphic file (type pdf)
<use polytechnique-filetcourt.pdf>
Package pdftex.def Info: polytechnique-filetcourt.pdf  used on input line 1158.

(pdftex.def)             Requested size: 28.40604pt x 2.16808pt.

Package hyperref Warning: Token not allowed in a PDF string (Unicode):
(hyperref)                removing `math shift' on input line 1163.


Package hyperref Warning: Token not allowed in a PDF string (Unicode):
(hyperref)                removing `subscript' on input line 1163.


Package hyperref Warning: Token not allowed in a PDF string (Unicode):
(hyperref)                removing `math shift' on input line 1163.

File: polytechnique-logohori.pdf Graphic file (type pdf)
<use polytechnique-logohori.pdf>
Package pdftex.def Info: polytechnique-logohori.pdf  used on input line 1166.
(pdftex.def)             Requested size: 80.52292pt x 56.90158pt.
[24]

! LaTeX Error: Unicode character 🔍 (U+1F50D)
               not set up for use with LaTeX.

See the LaTeX manual or LaTeX Companion for explanation.
Type  H <return>  for immediate help.
 ...                                              
                                                  
l.1168 ...ization of $O_4$}},enhanced,drop shadow]
                                                  
You may provide a definition with
\DeclareUnicodeCharacter 


! LaTeX Error: Unicode character 🔍 (U+1F50D)
               not set up for use with LaTeX.

See the LaTeX manual or LaTeX Companion for explanation.
Type  H <return>  for immediate help.
 ...                                              
                                                  
l.1181 ...$m^2$ complexity}},enhanced,drop shadow]
                                                  
You may provide a definition with
\DeclareUnicodeCharacter 

File: polytechnique-logohori.pdf Graphic file (type pdf)
<use polytechnique-logohori.pdf>
Package pdftex.def Info: polytechnique-logohori.pdf  used on input line 1192.
(pdftex.def)             Requested size: 80.52292pt x 56.90158pt.
[25]
LaTeX Info: Redefining \\ on input line 1193.
File: polytechnique-filetlongrouge.pdf Graphic file (type pdf)
<use polytechnique-filetlongrouge.pdf>
Package pdftex.def Info: polytechnique-filetlongrouge.pdf  used on input line 1
193.
(pdftex.def)             Requested size: 124.21375pt x 2.16808pt.


Package hyperref Warning: Difference (2) between bookmark levels is greater 
(hyperref)                than one, level fixed on input line 1196.


Package hyperref Warning: Token not allowed in a PDF string (Unicode):
(hyperref)                removing `math shift' on input line 1196.


Package hyperref Warning: Token not allowed in a PDF string (Unicode):
(hyperref)                removing `subscript' on input line 1196.


Package hyperref Warning: Token not allowed in a PDF string (Unicode):
(hyperref)                removing `math shift' on input line 1196.

File: polytechnique-logohori.pdf Graphic file (type pdf)
<use polytechnique-logohori.pdf>
Package pdftex.def Info: polytechnique-logohori.pdf  used on input line 1248.
(pdftex.def)             Requested size: 80.52292pt x 56.90158pt.
[26]
File: polytechnique-filetcourt.pdf Graphic file (type pdf)
<use polytechnique-filetcourt.pdf>
Package pdftex.def Info: polytechnique-filetcourt.pdf  used on input line 1264.

(pdftex.def)             Requested size: 28.40604pt x 2.16808pt.
<figures/largest_eigenvalue_vs_L_infinite.png, id=718, 722.7pt x 433.62pt>
File: figures/largest_eigenvalue_vs_L_infinite.png Graphic file (type png)
<use figures/largest_eigenvalue_vs_L_infinite.png>
Package pdftex.def Info: figures/largest_eigenvalue_vs_L_infinite.png  used on 
input line 1275.
(pdftex.def)             Requested size: 338.58632pt x 203.15302pt.


LaTeX Warning: `!h' float specifier changed to `!ht'.

<figures/kth_eigenvalue_vs_L_infinite.png, id=720, 722.7pt x 433.62pt>
File: figures/kth_eigenvalue_vs_L_infinite.png Graphic file (type png)
<use figures/kth_eigenvalue_vs_L_infinite.png>
Package pdftex.def Info: figures/kth_eigenvalue_vs_L_infinite.png  used on inpu
t line 1282.
(pdftex.def)             Requested size: 338.58632pt x 203.15302pt.

LaTeX Warning: `!h' float specifier changed to `!ht'.

File: polytechnique-logohori.pdf Graphic file (type pdf)
<use polytechnique-logohori.pdf>
Package pdftex.def Info: polytechnique-logohori.pdf  used on input line 1290.
(pdftex.def)             Requested size: 80.52292pt x 56.90158pt.
[27]
File: polytechnique-filetcourt.pdf Graphic file (type pdf)
<use polytechnique-filetcourt.pdf>
Package pdftex.def Info: polytechnique-filetcourt.pdf  used on input line 1297.

(pdftex.def)             Requested size: 28.40604pt x 2.16808pt.
File: polytechnique-logohori.pdf Graphic file (type pdf)
<use polytechnique-logohori.pdf>
Package pdftex.def Info: polytechnique-logohori.pdf  used on input line 1300.
(pdftex.def)             Requested size: 80.52292pt x 56.90158pt.
 [28 <./figures/largest_eigenvalue_vs_L_infinite.png> <./figures/kth_eigenvalue
_vs_L_infinite.png>]
File: polytechnique-logohori.pdf Graphic file (type pdf)
<use polytechnique-logohori.pdf>
Package pdftex.def Info: polytechnique-logohori.pdf  used on input line 1345.
(pdftex.def)             Requested size: 80.52292pt x 56.90158pt.
 [29]
File: polytechnique-logohori.pdf Graphic file (type pdf)
<use polytechnique-logohori.pdf>
Package pdftex.def Info: polytechnique-logohori.pdf  used on input line 1378.
(pdftex.def)             Requested size: 80.52292pt x 56.90158pt.
 [30]
<figures/k3_inf_norm_vs_L_finite_M100_N8_D20.png, id=755, 722.7pt x 433.62pt>
File: figures/k3_inf_norm_vs_L_finite_M100_N8_D20.png Graphic file (type png)
<use figures/k3_inf_norm_vs_L_finite_M100_N8_D20.png>
Package pdftex.def Info: figures/k3_inf_norm_vs_L_finite_M100_N8_D20.png  used 
on input line 1388.
(pdftex.def)             Requested size: 241.84843pt x 145.10646pt.

! Undefined control sequence.
l.1393 ...\textcolor{k3color}{K^{(3)}} \sim \Order
                                                  (L^2/\sqrt{\m})$. The expe...
The control sequence at the end of the top line
of your error message was never \def'ed. If you have
misspelled it (e.g., `\hobx'), type `I' and the correct
spelling (e.g., `I\hbox'). Otherwise just continue,
and I'll forget about whatever was undefined.


Package hyperref Warning: Token not allowed in a PDF string (Unicode):
(hyperref)                removing `math shift' on input line 1401.


Package hyperref Warning: Token not allowed in a PDF string (Unicode):
(hyperref)                removing `subscript' on input line 1401.


Package hyperref Warning: Token not allowed in a PDF string (Unicode):
(hyperref)                removing `math shift' on input line 1401.


! LaTeX Error: Unicode character 💭 (U+1F4AD)
               not set up for use with LaTeX.

See the LaTeX manual or LaTeX Companion for explanation.
Type  H <return>  for immediate help.
 ...                                              
                                                  
l.1407 ... the Scaling Law}},enhanced,drop shadow]
                                                  
You may provide a definition with
\DeclareUnicodeCharacter 


! LaTeX Error: Unicode character 📊 (U+1F4CA)
               not set up for use with LaTeX.

See the LaTeX manual or LaTeX Companion for explanation.
Type  H <return>  for immediate help.
 ...                                              
                                                  
l.1411 ...on Decomposition}},enhanced,drop shadow]
                                                  
You may provide a definition with
\DeclareUnicodeCharacter 

File: polytechnique-logohori.pdf Graphic file (type pdf)
<use polytechnique-logohori.pdf>
Package pdftex.def Info: polytechnique-logohori.pdf  used on input line 1414.
(pdftex.def)             Requested size: 80.52292pt x 56.90158pt.
[31 <./figures/k3_inf_norm_vs_L_finite_M100_N8_D20.png>]

! LaTeX Error: Unicode character 📈 (U+1F4C8)
               not set up for use with LaTeX.

See the LaTeX manual or LaTeX Companion for explanation.
Type  H <return>  for immediate help.
 ...                                              
                                                  
l.1420 ...ectral Structure}},enhanced,drop shadow]
                                                  
You may provide a definition with
\DeclareUnicodeCharacter 


LaTeX Warning: Citation 'hanin_nica_2019' on page 32 undefined on input line 14
26.


! LaTeX Error: Unicode character 💭 (U+1F4AD)
               not set up for use with LaTeX.

See the LaTeX manual or LaTeX Companion for explanation.
Type  H <return>  for immediate help.
 ...                                              
                                                  
l.1429 ...SCALING ESTIMATE}},enhanced,drop shadow]
                                                  
You may provide a definition with
\DeclareUnicodeCharacter 


! LaTeX Error: Unicode character 📊 (U+1F4CA)
               not set up for use with LaTeX.

See the LaTeX manual or LaTeX Companion for explanation.
Type  H <return>  for immediate help.
 ...                                              
                                                  
l.1438 ...Observed Scaling}},enhanced,drop shadow]
                                                  
You may provide a definition with
\DeclareUnicodeCharacter 


! LaTeX Error: Unicode character 💡 (U+1F4A1)
               not set up for use with LaTeX.

See the LaTeX manual or LaTeX Companion for explanation.
Type  H <return>  for immediate help.
 ...                                              
                                                  
l.1446 ...f{O}_4}$ Scaling}},enhanced,drop shadow]
                                                  
You may provide a definition with
\DeclareUnicodeCharacter 


! LaTeX Error: Unicode character 🎯 (U+1F3AF)
               not set up for use with LaTeX.

See the LaTeX manual or LaTeX Companion for explanation.
Type  H <return>  for immediate help.
 ...                                              
                                                  
l.1454 ...relations Matter}},enhanced,drop shadow]
                                                  
You may provide a definition with
\DeclareUnicodeCharacter 

File: polytechnique-logohori.pdf Graphic file (type pdf)
<use polytechnique-logohori.pdf>
Package pdftex.def Info: polytechnique-logohori.pdf  used on input line 1459.
(pdftex.def)             Requested size: 80.52292pt x 56.90158pt.
[32]
File: polytechnique-filetcourt.pdf Graphic file (type pdf)
<use polytechnique-filetcourt.pdf>
Package pdftex.def Info: polytechnique-filetcourt.pdf  used on input line 1463.

(pdftex.def)             Requested size: 28.40604pt x 2.16808pt.


! LaTeX Error: Unicode character 🚀 (U+1F680)
               not set up for use with LaTeX.

See the LaTeX manual or LaTeX Companion for explanation.
Type  H <return>  for immediate help.
 ...                                              
                                                  
l.1465 ...for NTK Analysis}},enhanced,drop shadow]
                                                  
You may provide a definition with
\DeclareUnicodeCharacter 


LaTeX Warning: Citation 'doumeche2023sobolev_ntk' on page 33 undefined on input
 line 1466.


LaTeX Warning: Citation 'townsend2022sobolev' on page 33 undefined on input lin
e 1469.


! LaTeX Error: Unicode character 💡 (U+1F4A1)
               not set up for use with LaTeX.

See the LaTeX manual or LaTeX Companion for explanation.
Type  H <return>  for immediate help.
 ...                                              
                                                  
l.1471 ...sal Distribution}},enhanced,drop shadow]
                                                  
You may provide a definition with
\DeclareUnicodeCharacter 


LaTeX Warning: Citation 'bach2017breaking' on page 33 undefined on input line 1
472.


! LaTeX Error: Unicode character 📖 (U+1F4D6)
               not set up for use with LaTeX.

See the LaTeX manual or LaTeX Companion for explanation.
Type  H <return>  for immediate help.
 ...                                              
                                                  
l.1477 ...Covariance Model}},enhanced,drop shadow]
                                                  
You may provide a definition with
\DeclareUnicodeCharacter 


LaTeX Warning: Citation 'doumeche2023sobolev' on page 33 undefined on input lin
e 1482.

File: polytechnique-logohori.pdf Graphic file (type pdf)
<use polytechnique-logohori.pdf>
Package pdftex.def Info: polytechnique-logohori.pdf  used on input line 1484.
(pdftex.def)             Requested size: 80.52292pt x 56.90158pt.
[33]

! LaTeX Error: Unicode character 🎯 (U+1F3AF)
               not set up for use with LaTeX.

See the LaTeX manual or LaTeX Companion for explanation.
Type  H <return>  for immediate help.
 ...                                              
                                                  
l.1487 ...Phase Transition}},enhanced,drop shadow]
                                                  
You may provide a definition with
\DeclareUnicodeCharacter 


LaTeX Warning: Citation 'townsend2022sobolev' on page 34 undefined on input lin
e 1488.


! LaTeX Error: Unicode character 🔥 (U+1F525)
               not set up for use with LaTeX.

See the LaTeX manual or LaTeX Companion for explanation.
Type  H <return>  for immediate help.
 ...                                              
                                                  
l.1493 ...= BBP Transition}},enhanced,drop shadow]
                                                  
You may provide a definition with
\DeclareUnicodeCharacter 


LaTeX Warning: Citation 'bach2017breaking' on page 34 undefined on input line 1
494.


! LaTeX Error: Unicode character 🎯 (U+1F3AF)
               not set up for use with LaTeX.

See the LaTeX manual or LaTeX Companion for explanation.
Type  H <return>  for immediate help.
 ...                                              
                                                  
l.1503 ...arning Threshold}},enhanced,drop shadow]
                                                  
You may provide a definition with
\DeclareUnicodeCharacter 


LaTeX Warning: Citation 'doumeche2023sobolev_ntk' on page 34 undefined on input
 line 1504.

File: polytechnique-logohori.pdf Graphic file (type pdf)
<use polytechnique-logohori.pdf>
Package pdftex.def Info: polytechnique-logohori.pdf  used on input line 1506.
(pdftex.def)             Requested size: 80.52292pt x 56.90158pt.
[34]

! LaTeX Error: Unicode character ⚡ (U+26A1)
               not set up for use with LaTeX.

See the LaTeX manual or LaTeX Companion for explanation.
Type  H <return>  for immediate help.
 ...                                              
                                                  
l.1513 ... Signal Strength}},enhanced,drop shadow]
                                                  
You may provide a definition with
\DeclareUnicodeCharacter 


LaTeX Warning: Citation 'townsend2022sobolev' on page 35 undefined on input lin
e 1514.


! LaTeX Error: Unicode character 🔬 (U+1F52C)
               not set up for use with LaTeX.

See the LaTeX manual or LaTeX Companion for explanation.
Type  H <return>  for immediate help.
 ...                                              
                                                  
l.1519 ...mal Scaling Laws}},enhanced,drop shadow]
                                                  
You may provide a definition with
\DeclareUnicodeCharacter 


LaTeX Warning: Citation 'bach2017breaking' on page 35 undefined on input line 1
520.


! LaTeX Error: Unicode character 🎯 (U+1F3AF)
               not set up for use with LaTeX.

See the LaTeX manual or LaTeX Companion for explanation.
Type  H <return>  for immediate help.
 ...                                              
                                                  
l.1523 ...T-NTK Connection}},enhanced,drop shadow]
                                                  
You may provide a definition with
\DeclareUnicodeCharacter 


LaTeX Warning: Citation 'doumeche2023sobolev_ntk' on page 35 undefined on input
 line 1524.

File: polytechnique-logohori.pdf Graphic file (type pdf)
<use polytechnique-logohori.pdf>
Package pdftex.def Info: polytechnique-logohori.pdf  used on input line 1526.
(pdftex.def)             Requested size: 80.52292pt x 56.90158pt.
[35]

! LaTeX Error: Unicode character 🎯 (U+1F3AF)
               not set up for use with LaTeX.

See the LaTeX manual or LaTeX Companion for explanation.
Type  H <return>  for immediate help.
 ...                                              
                                                  
l.1529 ...ARK: Path to RMT}},enhanced,drop shadow]
                                                  
You may provide a definition with
\DeclareUnicodeCharacter 


LaTeX Warning: Citation 'townsend2022sobolev' on page 36 undefined on input lin
e 1530.


! LaTeX Error: Unicode character 🔍 (U+1F50D)
               not set up for use with LaTeX.

See the LaTeX manual or LaTeX Companion for explanation.
Type  H <return>  for immediate help.
 ...                                              
                                                  
l.1537 ...istical Analysis}},enhanced,drop shadow]
                                                  
You may provide a definition with
\DeclareUnicodeCharacter 


LaTeX Warning: Citation 'bach2017breaking' on page 36 undefined on input line 1
538.


! LaTeX Error: Unicode character 📝 (U+1F4DD)
               not set up for use with LaTeX.

See the LaTeX manual or LaTeX Companion for explanation.
Type  H <return>  for immediate help.
 ...                                              
                                                  
l.1545 ...s but Complexity}},enhanced,drop shadow]
                                                  
You may provide a definition with
\DeclareUnicodeCharacter 


LaTeX Warning: Citation 'doumeche2023sobolev_ntk' on page 36 undefined on input
 line 1546.

File: polytechnique-logohori.pdf Graphic file (type pdf)
<use polytechnique-logohori.pdf>
Package pdftex.def Info: polytechnique-logohori.pdf  used on input line 1548.
(pdftex.def)             Requested size: 80.52292pt x 56.90158pt.
[36]
File: polytechnique-logohori.pdf Graphic file (type pdf)
<use polytechnique-logohori.pdf>
Package pdftex.def Info: polytechnique-logohori.pdf  used on input line 1573.
(pdftex.def)             Requested size: 80.52292pt x 56.90158pt.
 [37]
LaTeX Info: Redefining \\ on input line 1574.
File: polytechnique-filetlongrouge.pdf Graphic file (type pdf)
<use polytechnique-filetlongrouge.pdf>
Package pdftex.def Info: polytechnique-filetlongrouge.pdf  used on input line 1
574.
(pdftex.def)             Requested size: 124.21375pt x 2.16808pt.


! LaTeX Error: Unicode character 🚀 (U+1F680)
               not set up for use with LaTeX.

See the LaTeX manual or LaTeX Companion for explanation.
Type  H <return>  for immediate help.
 ...                                              
                                                  
l.1576 ...K-GOE Connection}},enhanced,drop shadow]
                                                  
You may provide a definition with
\DeclareUnicodeCharacter 


LaTeX Warning: Citation 'guillen_misof_gerken_2025' on page 38 undefined on inp
ut line 1581.


LaTeX Warning: Citation 'dyer_gur_ari_2019' on page 38 undefined on input line 
1581.

File: polytechnique-filetcourt.pdf Graphic file (type pdf)
<use polytechnique-filetcourt.pdf>
Package pdftex.def Info: polytechnique-filetcourt.pdf  used on input line 1584.

(pdftex.def)             Requested size: 28.40604pt x 2.16808pt.

! LaTeX Error: Unicode character 📖 (U+1F4D6)
               not set up for use with LaTeX.

See the LaTeX manual or LaTeX Companion for explanation.
Type  H <return>  for immediate help.
 ...                                              
                                                  
l.1586 ...ory Fundamentals}},enhanced,drop shadow]
                                                  
You may provide a definition with
\DeclareUnicodeCharacter 


LaTeX Warning: Citation 'dyer_gur_ari_2019' on page 38 undefined on input line 
1589.


! LaTeX Error: Unicode character 🔬 (U+1F52C)
               not set up for use with LaTeX.

See the LaTeX manual or LaTeX Companion for explanation.
Type  H <return>  for immediate help.
 ...                                              
                                                  
l.1592 ...Spacing Analysis}},enhanced,drop shadow]
                                                  
You may provide a definition with
\DeclareUnicodeCharacter 


! LaTeX Error: Unicode character 🎯 (U+1F3AF)
               not set up for use with LaTeX.

See the LaTeX manual or LaTeX Companion for explanation.
Type  H <return>  for immediate help.
 ...                                              
                                                  
l.1603 ...tio Distribution}},enhanced,drop shadow]
                                                  
You may provide a definition with
\DeclareUnicodeCharacter 


! LaTeX Error: Unicode character 🎯 (U+1F3AF)
               not set up for use with LaTeX.

See the LaTeX manual or LaTeX Companion for explanation.
Type  H <return>  for immediate help.
 ...                                              
                                                  
l.1616 ...vity of GOE Test}},enhanced,drop shadow]
                                                  
You may provide a definition with
\DeclareUnicodeCharacter 

File: polytechnique-logohori.pdf Graphic file (type pdf)
<use polytechnique-logohori.pdf>
Package pdftex.def Info: polytechnique-logohori.pdf  used on input line 1619.
(pdftex.def)             Requested size: 80.52292pt x 56.90158pt.
[38]
File: polytechnique-filetcourt.pdf Graphic file (type pdf)
<use polytechnique-filetcourt.pdf>
Package pdftex.def Info: polytechnique-filetcourt.pdf  used on input line 1620.

(pdftex.def)             Requested size: 28.40604pt x 2.16808pt.


! LaTeX Error: Unicode character 🏆 (U+1F3C6)
               not set up for use with LaTeX.

See the LaTeX manual or LaTeX Companion for explanation.
Type  H <return>  for immediate help.
 ...                                              
                                                  
l.1622 ...erfect GOE Match}},enhanced,drop shadow]
                                                  
You may provide a definition with
\DeclareUnicodeCharacter 

<figures/consecutive_spacing_ratio_dist_N64_D10_M20_L2.png, id=802, 723.9045pt 
x 520.344pt>
File: figures/consecutive_spacing_ratio_dist_N64_D10_M20_L2.png Graphic file (t
ype png)
<use figures/consecutive_spacing_ratio_dist_N64_D10_M20_L2.png>
Package pdftex.def Info: figures/consecutive_spacing_ratio_dist_N64_D10_M20_L2.
png  used on input line 1626.
(pdftex.def)             Requested size: 316.67786pt x 227.63405pt.

LaTeX Warning: Citation 'seleznova_kutyniok_2022' on page 39 undefined on input
 line 1632.


! LaTeX Error: Unicode character 💭 (U+1F4AD)
               not set up for use with LaTeX.

See the LaTeX manual or LaTeX Companion for explanation.
Type  H <return>  for immediate help.
 ...                                              
                                                  
l.1635 ...asure Connection}},enhanced,drop shadow]
                                                  
You may provide a definition with
\DeclareUnicodeCharacter 


LaTeX Warning: Citation 'huang2019dynamicsdeepneuralnetworks' on page 39 undefi
ned on input line 1640.


Underfull \hbox (badness 10000) in paragraph at lines 1640--1641
[]\T1/lmr/m/n/10 This con-nects []NTK[] to fun-da-men-tal sym-me-try prin-ci-pl
es in quan-tum physics
 []


LaTeX Warning: File `consecutive_spacing_ratio_dist_N64_D10_M20_L2.png' not fou
nd on input line 1645.


! Package pdftex.def Error: File `consecutive_spacing_ratio_dist_N64_D10_M20_L2
.png' not found: using draft setting.

See the pdftex.def package documentation for explanation.
Type  H <return>  for immediate help.
 ...                                              
                                                  
l.1645 ...e_spacing_ratio_dist_N64_D10_M20_L2.png}
                                                  
Try typing  <return>  to proceed.
If that doesn't work, type  X <return>  to quit.


LaTeX Warning: `!h' float specifier changed to `!ht'.


! LaTeX Error: Unicode character 🎯 (U+1F3AF)
               not set up for use with LaTeX.

See the LaTeX manual or LaTeX Companion for explanation.
Type  H <return>  for immediate help.
 ...                                              
                                                  
l.1650 ...und Implications}},enhanced,drop shadow]
                                                  
You may provide a definition with
\DeclareUnicodeCharacter 


LaTeX Warning: Reference `fig:goe_fit' on page 39 undefined on input line 1651.



! LaTeX Error: Unicode character 🎯 (U+1F3AF)
               not set up for use with LaTeX.

See the LaTeX manual or LaTeX Companion for explanation.
Type  H <return>  for immediate help.
 ...                                              
                                                  
l.1657 ...Mehta Conjecture}},enhanced,drop shadow]
                                                  
You may provide a definition with
\DeclareUnicodeCharacter 


! LaTeX Error: Unicode character 🏆 (U+1F3C6)
               not set up for use with LaTeX.

See the LaTeX manual or LaTeX Companion for explanation.
Type  H <return>  for immediate help.
 ...                                              
                                                  
l.1661 ...in Deep Learning}},enhanced,drop shadow]
                                                  
You may provide a definition with
\DeclareUnicodeCharacter 

File: polytechnique-logohori.pdf Graphic file (type pdf)
<use polytechnique-logohori.pdf>
Package pdftex.def Info: polytechnique-logohori.pdf  used on input line 1666.
(pdftex.def)             Requested size: 80.52292pt x 56.90158pt.
[39]

! LaTeX Error: Unicode character 🎯 (U+1F3AF)
               not set up for use with LaTeX.

See the LaTeX manual or LaTeX Companion for explanation.
Type  H <return>  for immediate help.
 ...                                              
                                                  
l.1672 ...Scaling Analysis}},enhanced,drop shadow]
                                                  
You may provide a definition with
\DeclareUnicodeCharacter 


! LaTeX Error: Unicode character 📖 (U+1F4D6)
               not set up for use with LaTeX.

See the LaTeX manual or LaTeX Companion for explanation.
Type  H <return>  for immediate help.
 ...                                              
                                                  
l.1676 ...tion Calculation}},enhanced,drop shadow]
                                                  
You may provide a definition with
\DeclareUnicodeCharacter 

File: polytechnique-logohori.pdf Graphic file (type pdf)
<use polytechnique-logohori.pdf>
Package pdftex.def Info: polytechnique-logohori.pdf  used on input line 1683.
(pdftex.def)             Requested size: 80.52292pt x 56.90158pt.
[40 <./figures/consecutive_spacing_ratio_dist_N64_D10_M20_L2.png>]

! LaTeX Error: Unicode character 🎯 (U+1F3AF)
               not set up for use with LaTeX.

See the LaTeX manual or LaTeX Companion for explanation.
Type  H <return>  for immediate help.
 ...                                              
                                                  
l.1684 ...ngarten Calculus}},enhanced,drop shadow]
                                                  
You may provide a definition with
\DeclareUnicodeCharacter 


LaTeX Warning: Citation 'collins2022weingarten' on page 41 undefined on input l
ine 1685.


! LaTeX Error: Unicode character 🚀 (U+1F680)
               not set up for use with LaTeX.

See the LaTeX manual or LaTeX Companion for explanation.
Type  H <return>  for immediate help.
 ...                                              
                                                  
l.1688 ...agram Connection}},enhanced,drop shadow]
                                                  
You may provide a definition with
\DeclareUnicodeCharacter 

File: polytechnique-logohori.pdf Graphic file (type pdf)
<use polytechnique-logohori.pdf>
Package pdftex.def Info: polytechnique-logohori.pdf  used on input line 1703.
(pdftex.def)             Requested size: 80.52292pt x 56.90158pt.
[41]
LaTeX Info: Redefining \\ on input line 1704.
File: polytechnique-filetlongrouge.pdf Graphic file (type pdf)
<use polytechnique-filetlongrouge.pdf>
Package pdftex.def Info: polytechnique-filetlongrouge.pdf  used on input line 1
704.
(pdftex.def)             Requested size: 124.21375pt x 2.16808pt.


Package hyperref Warning: Difference (2) between bookmark levels is greater 
(hyperref)                than one, level fixed on input line 1708.


! Package xcolor Error: Undefined color `k2color'.

See the xcolor package documentation for explanation.
Type  H <return>  for immediate help.
 ...                                              
                                                  
l.1742 ...(3)}}$ and $\textcolor{k2color}{K^{(2)}}
                                                  $ eigenvalues exhibit Wign...

Try typing  <return>  to proceed.
If that doesn't work, type  X <return>  to quit.

File: polytechnique-logohori.pdf Graphic file (type pdf)
<use polytechnique-logohori.pdf>
Package pdftex.def Info: polytechnique-logohori.pdf  used on input line 1750.
(pdftex.def)             Requested size: 80.52292pt x 56.90158pt.
[42]
File: polytechnique-logohori.pdf Graphic file (type pdf)
<use polytechnique-logohori.pdf>
Package pdftex.def Info: polytechnique-logohori.pdf  used on input line 1788.
(pdftex.def)             Requested size: 80.52292pt x 56.90158pt.
 [43]

! LaTeX Error: Unicode character 🎯 (U+1F3AF)
               not set up for use with LaTeX.

See the LaTeX manual or LaTeX Companion for explanation.
Type  H <return>  for immediate help.
 ...                                              
                                                  
l.1811 ...FICATION RESULTS}},enhanced,drop shadow]
                                                  
You may provide a definition with
\DeclareUnicodeCharacter 

File: polytechnique-logohori.pdf Graphic file (type pdf)
<use polytechnique-logohori.pdf>
Package pdftex.def Info: polytechnique-logohori.pdf  used on input line 1838.
(pdftex.def)             Requested size: 80.52292pt x 56.90158pt.
[44]

LaTeX Warning: Citation 'vaswani2017attention' on page 45 undefined on input li
ne 1857.


LaTeX Warning: Citation 'he2016deep' on page 45 undefined on input line 1857.


LaTeX Warning: Citation 'cohen2021gradient' on page 45 undefined on input line 
1859.


LaTeX Warning: Citation 'mandt2017stochastic' on page 45 undefined on input lin
e 1859.


Underfull \hbox (badness 1281) in paragraph at lines 1859--1860
[]\T1/lmr/bx/n/10 Training dy-nam-ics\T1/lmr/m/n/10 : We fo-cus on gra-di-ent f
low (continuous-time). \T1/lmr/bx/n/10 Discrete-time ef-fects
 []

File: polytechnique-logohori.pdf Graphic file (type pdf)
<use polytechnique-logohori.pdf>
Package pdftex.def Info: polytechnique-logohori.pdf  used on input line 1863.
(pdftex.def)             Requested size: 80.52292pt x 56.90158pt.
[45]
File: polytechnique-logohori.pdf Graphic file (type pdf)
<use polytechnique-logohori.pdf>
Package pdftex.def Info: polytechnique-logohori.pdf  used on input line 1864.
(pdftex.def)             Requested size: 80.52292pt x 56.90158pt.
 [46]
LaTeX Info: Redefining \\ on input line 1865.
File: polytechnique-filetlongrouge.pdf Graphic file (type pdf)
<use polytechnique-filetlongrouge.pdf>
Package pdftex.def Info: polytechnique-filetlongrouge.pdf  used on input line 1
865.
(pdftex.def)             Requested size: 124.21375pt x 2.16808pt.
File: polytechnique-logohori.pdf Graphic file (type pdf)
<use polytechnique-logohori.pdf>
Package pdftex.def Info: polytechnique-logohori.pdf  used on input line 1892.
(pdftex.def)             Requested size: 80.52292pt x 56.90158pt.
 [47]
File: polytechnique-logohori.pdf Graphic file (type pdf)
<use polytechnique-logohori.pdf>
Package pdftex.def Info: polytechnique-logohori.pdf  used on input line 1895.
(pdftex.def)             Requested size: 80.52292pt x 56.90158pt.
 [48]
File: polytechnique-filetcourt.pdf Graphic file (type pdf)
<use polytechnique-filetcourt.pdf>
Package pdftex.def Info: polytechnique-filetcourt.pdf  used on input line 1896.

(pdftex.def)             Requested size: 28.40604pt x 2.16808pt.
File: polytechnique-logohori.pdf Graphic file (type pdf)
<use polytechnique-logohori.pdf>
Package pdftex.def Info: polytechnique-logohori.pdf  used on input line 1933.
(pdftex.def)             Requested size: 80.52292pt x 56.90158pt.
 [49]
File: polytechnique-logohori.pdf Graphic file (type pdf)
<use polytechnique-logohori.pdf>
Package pdftex.def Info: polytechnique-logohori.pdf  used on input line 1936.
(pdftex.def)             Requested size: 80.52292pt x 56.90158pt.
 [50]
LaTeX Info: Redefining \\ on input line 1996.
File: polytechnique-filetlongrouge.pdf Graphic file (type pdf)
<use polytechnique-filetlongrouge.pdf>
Package pdftex.def Info: polytechnique-filetlongrouge.pdf  used on input line 1
996.
(pdftex.def)             Requested size: 124.21375pt x 2.16808pt.
File: polytechnique-filetcourt.pdf Graphic file (type pdf)
<use polytechnique-filetcourt.pdf>
Package pdftex.def Info: polytechnique-filetcourt.pdf  used on input line 2003.

(pdftex.def)             Requested size: 28.40604pt x 2.16808pt.
File: polytechnique-filetcourt.pdf Graphic file (type pdf)
<use polytechnique-filetcourt.pdf>
Package pdftex.def Info: polytechnique-filetcourt.pdf  used on input line 2009.

(pdftex.def)             Requested size: 28.40604pt x 2.16808pt.
File: polytechnique-filetcourt.pdf Graphic file (type pdf)
<use polytechnique-filetcourt.pdf>
Package pdftex.def Info: polytechnique-filetcourt.pdf  used on input line 2029.

(pdftex.def)             Requested size: 28.40604pt x 2.16808pt.
File: polytechnique-filetcourt.pdf Graphic file (type pdf)
<use polytechnique-filetcourt.pdf>
Package pdftex.def Info: polytechnique-filetcourt.pdf  used on input line 2041.

(pdftex.def)             Requested size: 28.40604pt x 2.16808pt.
File: polytechnique-logohori.pdf Graphic file (type pdf)
<use polytechnique-logohori.pdf>
Package pdftex.def Info: polytechnique-logohori.pdf  used on input line 2049.
(pdftex.def)             Requested size: 80.52292pt x 56.90158pt.
 [51]
File: polytechnique-filetcourt.pdf Graphic file (type pdf)
<use polytechnique-filetcourt.pdf>
Package pdftex.def Info: polytechnique-filetcourt.pdf  used on input line 2065.

(pdftex.def)             Requested size: 28.40604pt x 2.16808pt.


Package hyperref Warning: Token not allowed in a PDF string (Unicode):
(hyperref)                removing `math shift' on input line 2083.


Package hyperref Warning: Token not allowed in a PDF string (Unicode):
(hyperref)                removing `superscript' on input line 2083.


Package hyperref Warning: Token not allowed in a PDF string (Unicode):
(hyperref)                removing `math shift' on input line 2083.

File: polytechnique-logohori.pdf Graphic file (type pdf)
<use polytechnique-logohori.pdf>
Package pdftex.def Info: polytechnique-logohori.pdf  used on input line 2121.
(pdftex.def)             Requested size: 80.52292pt x 56.90158pt.
[52]

LaTeX Warning: Hyper reference `sec:appendix_expanded_formula' on page 53 undef
ined on input line 2125.

LaTeX Font Info:    External font `lmex10' loaded for size
(Font)              <14.4> on input line 2127.
File: polytechnique-filetcourt.pdf Graphic file (type pdf)
<use polytechnique-filetcourt.pdf>
Package pdftex.def Info: polytechnique-filetcourt.pdf  used on input line 2127.

(pdftex.def)             Requested size: 28.40604pt x 2.16808pt.

Package hyperref Warning: Token not allowed in a PDF string (Unicode):
(hyperref)                removing `math shift' on input line 2127.


Package hyperref Warning: Token not allowed in a PDF string (Unicode):
(hyperref)                removing `superscript' on input line 2127.


Package hyperref Warning: Token not allowed in a PDF string (Unicode):
(hyperref)                removing `math shift' on input line 2127.

File: polytechnique-filetcourt.pdf Graphic file (type pdf)
<use polytechnique-filetcourt.pdf>
Package pdftex.def Info: polytechnique-filetcourt.pdf  used on input line 2135.

(pdftex.def)             Requested size: 28.40604pt x 2.16808pt.
File: polytechnique-filetcourt.pdf Graphic file (type pdf)
<use polytechnique-filetcourt.pdf>
Package pdftex.def Info: polytechnique-filetcourt.pdf  used on input line 2139.

(pdftex.def)             Requested size: 28.40604pt x 2.16808pt.

Package hyperref Warning: Token not allowed in a PDF string (Unicode):
(hyperref)                removing `math shift' on input line 2139.


Package hyperref Warning: Token not allowed in a PDF string (Unicode):
(hyperref)                removing `math shift' on input line 2139.

File: polytechnique-logohori.pdf Graphic file (type pdf)
<use polytechnique-logohori.pdf>
Package pdftex.def Info: polytechnique-logohori.pdf  used on input line 2144.
(pdftex.def)             Requested size: 80.52292pt x 56.90158pt.
[53]
File: polytechnique-filetcourt.pdf Graphic file (type pdf)
<use polytechnique-filetcourt.pdf>
Package pdftex.def Info: polytechnique-filetcourt.pdf  used on input line 2153.

(pdftex.def)             Requested size: 28.40604pt x 2.16808pt.
File: polytechnique-filetcourt.pdf Graphic file (type pdf)
<use polytechnique-filetcourt.pdf>
Package pdftex.def Info: polytechnique-filetcourt.pdf  used on input line 2162.

(pdftex.def)             Requested size: 28.40604pt x 2.16808pt.
File: polytechnique-filetcourt.pdf Graphic file (type pdf)
<use polytechnique-filetcourt.pdf>
Package pdftex.def Info: polytechnique-filetcourt.pdf  used on input line 2173.

(pdftex.def)             Requested size: 28.40604pt x 2.16808pt.
File: polytechnique-logohori.pdf Graphic file (type pdf)
<use polytechnique-logohori.pdf>
Package pdftex.def Info: polytechnique-logohori.pdf  used on input line 2178.
(pdftex.def)             Requested size: 80.52292pt x 56.90158pt.
 [54]
File: polytechnique-filetcourt.pdf Graphic file (type pdf)
<use polytechnique-filetcourt.pdf>
Package pdftex.def Info: polytechnique-filetcourt.pdf  used on input line 2184.

(pdftex.def)             Requested size: 28.40604pt x 2.16808pt.
File: polytechnique-logohori.pdf Graphic file (type pdf)
<use polytechnique-logohori.pdf>
Package pdftex.def Info: polytechnique-logohori.pdf  used on input line 2217.
(pdftex.def)             Requested size: 80.52292pt x 56.90158pt.
 [55]

LaTeX Warning: Hyper reference `sec:appendix_scaling_analysis' on page 56 undef
ined on input line 2231.

File: polytechnique-filetcourt.pdf Graphic file (type pdf)
<use polytechnique-filetcourt.pdf>
Package pdftex.def Info: polytechnique-filetcourt.pdf  used on input line 2239.

(pdftex.def)             Requested size: 28.40604pt x 2.16808pt.

! LaTeX Error: Unicode character 🧪 (U+1F9EA)
               not set up for use with LaTeX.

See the LaTeX manual or LaTeX Companion for explanation.
Type  H <return>  for immediate help.
 ...                                              
                                                  
l.2241 ...LIDATION RESULTS}},enhanced,drop shadow]
                                                  
You may provide a definition with
\DeclareUnicodeCharacter 

File: polytechnique-filetcourt.pdf Graphic file (type pdf)
<use polytechnique-filetcourt.pdf>
Package pdftex.def Info: polytechnique-filetcourt.pdf  used on input line 2261.

(pdftex.def)             Requested size: 28.40604pt x 2.16808pt.
LaTeX Font Info:    Font shape `T1/lmtt/bx/n' in size <10> not available
(Font)              Font shape `T1/lmtt/b/n' tried instead on input line 2270.
File: polytechnique-logohori.pdf Graphic file (type pdf)
<use polytechnique-logohori.pdf>
Package pdftex.def Info: polytechnique-logohori.pdf  used on input line 2279.
(pdftex.def)             Requested size: 80.52292pt x 56.90158pt.
[56]
File: polytechnique-filetcourt.pdf Graphic file (type pdf)
<use polytechnique-filetcourt.pdf>
Package pdftex.def Info: polytechnique-filetcourt.pdf  used on input line 2302.

(pdftex.def)             Requested size: 28.40604pt x 2.16808pt.

! Missing $ inserted.
<inserted text> 
                $
l.2306 ...ulti-Layer Perceptrons (MLPs) with \ReLU
                                                   activation functions, inp...
I've inserted a begin-math/end-math symbol since I think
you left one out. Proceed, with fingers crossed.

! Missing $ inserted.
<inserted text> 
                $
l.2306 ...ctivation functions, input dimension $D_
                                                  {\text{in}}$, uniform hidd...
I've inserted a begin-math/end-math symbol since I think
you left one out. Proceed, with fingers crossed.

File: polytechnique-logohori.pdf Graphic file (type pdf)
<use polytechnique-logohori.pdf>
Package pdftex.def Info: polytechnique-logohori.pdf  used on input line 2316.
(pdftex.def)             Requested size: 80.52292pt x 56.90158pt.
[57]
File: polytechnique-logohori.pdf Graphic file (type pdf)
<use polytechnique-logohori.pdf>
Package pdftex.def Info: polytechnique-logohori.pdf  used on input line 2356.
(pdftex.def)             Requested size: 80.52292pt x 56.90158pt.
 [58]
File: polytechnique-logohori.pdf Graphic file (type pdf)
<use polytechnique-logohori.pdf>
Package pdftex.def Info: polytechnique-logohori.pdf  used on input line 2371.
(pdftex.def)             Requested size: 80.52292pt x 56.90158pt.
 [59]
LaTeX Info: Redefining \\ on input line 2373.
File: polytechnique-filetlongrouge.pdf Graphic file (type pdf)
<use polytechnique-filetlongrouge.pdf>
Package pdftex.def Info: polytechnique-filetlongrouge.pdf  used on input line 2
373.
(pdftex.def)             Requested size: 124.21375pt x 2.16808pt.
File: polytechnique-filetcourt.pdf Graphic file (type pdf)
<use polytechnique-filetcourt.pdf>
Package pdftex.def Info: polytechnique-filetcourt.pdf  used on input line 2375.

(pdftex.def)             Requested size: 28.40604pt x 2.16808pt.


! LaTeX Error: Unicode character 📖 (U+1F4D6)
               not set up for use with LaTeX.

See the LaTeX manual or LaTeX Companion for explanation.
Type  H <return>  for immediate help.
 ...                                              
                                                  
l.2383 ...'s Threefold Way}},enhanced,drop shadow]
                                                  
You may provide a definition with
\DeclareUnicodeCharacter 


! LaTeX Error: Unicode character 🎯 (U+1F3AF)
               not set up for use with LaTeX.

See the LaTeX manual or LaTeX Companion for explanation.
Type  H <return>  for immediate help.
 ...                                              
                                                  
l.2409 ... Duality for NTK}},enhanced,drop shadow]
                                                  
You may provide a definition with
\DeclareUnicodeCharacter 

File: polytechnique-logohori.pdf Graphic file (type pdf)
<use polytechnique-logohori.pdf>
Package pdftex.def Info: polytechnique-logohori.pdf  used on input line 2424.
(pdftex.def)             Requested size: 80.52292pt x 56.90158pt.
[60]
LaTeX Info: Redefining \\ on input line 2424.
File: polytechnique-filetlongrouge.pdf Graphic file (type pdf)
<use polytechnique-filetlongrouge.pdf>
Package pdftex.def Info: polytechnique-filetlongrouge.pdf  used on input line 2
424.
(pdftex.def)             Requested size: 124.21375pt x 2.16808pt.


Package hyperref Warning: Difference (2) between bookmark levels is greater 
(hyperref)                than one, level fixed on input line 2428.


LaTeX Warning: Citation 'dyer2019asymptotics' on page 61 undefined on input lin
e 2429.


LaTeX Warning: Citation 'jacot2020kernelhessian' on page 61 undefined on input 
line 2434.


LaTeX Warning: Citation 'dyer2019asymptotics' on page 61 undefined on input lin
e 2442.

! Undefined control sequence.
l.2444 \lexp
             \mathrm{Tr}(H^k) \rexp \approx \lexp \mathrm{Tr}(\mathcal{A}^k)...
The control sequence at the end of the top line
of your error message was never \def'ed. If you have
misspelled it (e.g., `\hobx'), type `I' and the correct
spelling (e.g., `I\hbox'). Otherwise just continue,
and I'll forget about whatever was undefined.

! Undefined control sequence.
l.2444 \lexp \mathrm{Tr}(H^k) \rexp
                                    \approx \lexp \mathrm{Tr}(\mathcal{A}^k)...
The control sequence at the end of the top line
of your error message was never \def'ed. If you have
misspelled it (e.g., `\hobx'), type `I' and the correct
spelling (e.g., `I\hbox'). Otherwise just continue,
and I'll forget about whatever was undefined.

! Undefined control sequence.
l.2444 \lexp \mathrm{Tr}(H^k) \rexp \approx \lexp
                                                  \mathrm{Tr}(\mathcal{A}^k)...
The control sequence at the end of the top line
of your error message was never \def'ed. If you have
misspelled it (e.g., `\hobx'), type `I' and the correct
spelling (e.g., `I\hbox'). Otherwise just continue,
and I'll forget about whatever was undefined.

! Undefined control sequence.
l.2444 ...x \lexp \mathrm{Tr}(\mathcal{A}^k) \rexp
                                                   \quad \text{for } k \ge 1
The control sequence at the end of the top line
of your error message was never \def'ed. If you have
misspelled it (e.g., `\hobx'), type `I' and the correct
spelling (e.g., `I\hbox'). Otherwise just continue,
and I'll forget about whatever was undefined.

! Undefined control sequence.
<recently read> \lexp 
                      
l.2446 with the exception of $k=2$, where $\lexp
                                                 \mathrm{Tr}(\mathcal{B}^2) ...
The control sequence at the end of the top line
of your error message was never \def'ed. If you have
misspelled it (e.g., `\hobx'), type `I' and the correct
spelling (e.g., `I\hbox'). Otherwise just continue,
and I'll forget about whatever was undefined.

! Undefined control sequence.
l.2446 ... $\lexp \mathrm{Tr}(\mathcal{B}^2) \rexp
                                                  $ can also contribute at l...
The control sequence at the end of the top line
of your error message was never \def'ed. If you have
misspelled it (e.g., `\hobx'), type `I' and the correct
spelling (e.g., `I\hbox'). Otherwise just continue,
and I'll forget about whatever was undefined.


LaTeX Warning: Citation 'jacot2020kernelhessian' on page 61 undefined on input 
line 2448.

File: polytechnique-logohori.pdf Graphic file (type pdf)
<use polytechnique-logohori.pdf>
Package pdftex.def Info: polytechnique-logohori.pdf  used on input line 2453.
(pdftex.def)             Requested size: 80.52292pt x 56.90158pt.
[61]
LaTeX Info: Redefining \\ on input line 2464.
File: polytechnique-filetlongrouge.pdf Graphic file (type pdf)
<use polytechnique-filetlongrouge.pdf>
Package pdftex.def Info: polytechnique-filetlongrouge.pdf  used on input line 2
464.
(pdftex.def)             Requested size: 124.21375pt x 2.16808pt.


LaTeX Warning: Citation 'halverson2020neural' on page 62 undefined on input lin
e 2466.


LaTeX Warning: Citation 'bondesan2021hintons' on page 62 undefined on input lin
e 2466.


LaTeX Warning: Citation 'grosvenor2021edge' on page 62 undefined on input line 
2468.


LaTeX Warning: Citation 'yaida2023structures' on page 62 undefined on input lin
e 2470.


LaTeX Warning: Citation 'guillen_misof_gerken_2025' on page 62 undefined on inp
ut line 2472.


LaTeX Warning: Citation 'mei2021principles' on page 62 undefined on input line 
2472.


LaTeX Warning: Citation 'erbin2022renormalization' on page 62 undefined on inpu
t line 2472.


LaTeX Warning: Citation 'liu2025efnn' on page 62 undefined on input line 2474.


LaTeX Warning: Citation 'jiang2025synaptic' on page 62 undefined on input line 
2474.


LaTeX Warning: Citation 'hashimoto2022duality' on page 62 undefined on input li
ne 2474.


LaTeX Warning: Citation 'yaida2024nnqft' on page 62 undefined on input line 247
4.


LaTeX Warning: Citation 'martyn2022variational' on page 62 undefined on input l
ine 2474.


LaTeX Warning: Citation 'huang2025fermionic' on page 62 undefined on input line
 2474.


Overfull \hbox (30.1441pt too wide) in paragraph at lines 2474--2475
[]\T1/lmr/m/n/10 ], while \T1/lmr/bx/n/10 fermionic ex-ten-sions \T1/lmr/m/n/10
 cap-ture com-plex weight cor-re-la-tions [[]]. 
 []

File: polytechnique-filetcourt.pdf Graphic file (type pdf)
<use polytechnique-filetcourt.pdf>
Package pdftex.def Info: polytechnique-filetcourt.pdf  used on input line 2476.

(pdftex.def)             Requested size: 28.40604pt x 2.16808pt.

! LaTeX Error: Unicode character α (U+03B1)
               not set up for use with LaTeX.

See the LaTeX manual or LaTeX Companion for explanation.
Type  H <return>  for immediate help.
 ...                                              
                                                  
l.2480 ... attraction of an \textbf{α-stable law}
                                                  , the empirical spectral d...

You may provide a definition with
\DeclareUnicodeCharacter 


LaTeX Warning: Citation 'benarous2007spectrum' on page 62 undefined on input li
ne 2480.


LaTeX Warning: Citation 'benarous2014high_dimensional_landscapes' on page 62 un
defined on input line 2482.


LaTeX Warning: Citation 'benarous2014high_dimensional_landscapes' on page 62 un
defined on input line 2482.

File: polytechnique-logohori.pdf Graphic file (type pdf)
<use polytechnique-logohori.pdf>
Package pdftex.def Info: polytechnique-logohori.pdf  used on input line 2483.
(pdftex.def)             Requested size: 80.52292pt x 56.90158pt.
[62]

LaTeX Warning: Citation 'benarous2019spiked_tensor' on page 63 undefined on inp
ut line 2484.


Overfull \hbox (87.3758pt too wide) in paragraph at lines 2484--2485
[]\T1/lmr/bx/n/10 Spiked ten-sor mod-els \T1/lmr/m/n/10 re-veal \T1/lmr/bx/n/10
 com-pu-ta-tional phase tran-si-tions \T1/lmr/m/n/10 in high-dimensional in-fer
-ence [[]].
 []


LaTeX Warning: Citation 'benarous2023high_dimensional_sgd' on page 63 undefined
 on input line 2486.


LaTeX Warning: Citation 'benarous2023high_dimensional_sgd' on page 63 undefined
 on input line 2486.


Overfull \hbox (5.8548pt too wide) in paragraph at lines 2486--2487
\T1/lmr/bx/n/10 hav-iors \T1/lmr/m/n/10 af-fect-ing finite-width cor-rec-tions 
[[]]. \T1/lmr/bx/n/10 High-dimensional limit
 []


LaTeX Warning: Citation 'benarous2023spectral_sgd_alignment' on page 63 undefin
ed on input line 2488.


LaTeX Warning: Citation 'benarous2010gaps' on page 63 undefined on input line 2
490.


LaTeX Warning: Citation 'benarous2009poisson' on page 63 undefined on input lin
e 2492.


Overfull \hbox (75.92236pt too wide) in paragraph at lines 2492--2493
[]\T1/lmr/m/n/10 For \T1/lmr/bx/n/10 heavy-tailed \T1/lmr/m/n/10 ma-tri-ces wit
h-out fourth mo-ments, largest eigen-val-ues ex-hibit \T1/lmr/bx/n/10 Pois-son 
con-ver-gence \T1/lmr/m/n/10 [[]].
 []


LaTeX Warning: Citation 'benarous2013complexity' on page 63 undefined on input 
line 2494.


Overfull \hbox (40.85808pt too wide) in paragraph at lines 2494--2495
[]\T1/lmr/bx/n/10 Spin glass com-plex-ity \T1/lmr/m/n/10 anal-y-sis re-veals la
y-ered crit-i-cal value struc-tures in neu-ral net-works [[]].
 []


LaTeX Warning: Citation 'benarous2021determinants' on page 63 undefined on inpu
t line 2496.


Overfull \hbox (39.74452pt too wide) in paragraph at lines 2496--2497
[]\T1/lmr/bx/n/10 Random de-ter-mi-nant growth \T1/lmr/m/n/10 pro-vides cri-te-
ria for \T1/lmr/bx/n/10 Gaus-sian land-scape \T1/lmr/m/n/10 com-plex-ity [[]].
 []

File: polytechnique-logohori.pdf Graphic file (type pdf)
<use polytechnique-logohori.pdf>
Package pdftex.def Info: polytechnique-logohori.pdf  used on input line 2503.
(pdftex.def)             Requested size: 80.52292pt x 56.90158pt.
[63]
LaTeX Info: Redefining \\ on input line 2505.
File: polytechnique-filetlongrouge.pdf Graphic file (type pdf)
<use polytechnique-filetlongrouge.pdf>
Package pdftex.def Info: polytechnique-filetlongrouge.pdf  used on input line 2
505.
(pdftex.def)             Requested size: 124.21375pt x 2.16808pt.
File: polytechnique-filetcourt.pdf Graphic file (type pdf)
<use polytechnique-filetcourt.pdf>
Package pdftex.def Info: polytechnique-filetcourt.pdf  used on input line 2507.

(pdftex.def)             Requested size: 28.40604pt x 2.16808pt.
File: polytechnique-filetcourt.pdf Graphic file (type pdf)
<use polytechnique-filetcourt.pdf>
Package pdftex.def Info: polytechnique-filetcourt.pdf  used on input line 2521.

(pdftex.def)             Requested size: 28.40604pt x 2.16808pt.
File: polytechnique-filetcourt.pdf Graphic file (type pdf)
<use polytechnique-filetcourt.pdf>
Package pdftex.def Info: polytechnique-filetcourt.pdf  used on input line 2555.

(pdftex.def)             Requested size: 28.40604pt x 2.16808pt.
File: polytechnique-filetcourt.pdf Graphic file (type pdf)
<use polytechnique-filetcourt.pdf>
Package pdftex.def Info: polytechnique-filetcourt.pdf  used on input line 2585.

(pdftex.def)             Requested size: 28.40604pt x 2.16808pt.
File: polytechnique-logohori.pdf Graphic file (type pdf)
<use polytechnique-logohori.pdf>
Package pdftex.def Info: polytechnique-logohori.pdf  used on input line 2593.
(pdftex.def)             Requested size: 80.52292pt x 56.90158pt.
 [64]
File: polytechnique-filetcourt.pdf Graphic file (type pdf)
<use polytechnique-filetcourt.pdf>
Package pdftex.def Info: polytechnique-filetcourt.pdf  used on input line 2686.

(pdftex.def)             Requested size: 28.40604pt x 2.16808pt.
File: polytechnique-logohori.pdf Graphic file (type pdf)
<use polytechnique-logohori.pdf>
Package pdftex.def Info: polytechnique-logohori.pdf  used on input line 2693.
(pdftex.def)             Requested size: 80.52292pt x 56.90158pt.
 [65]
File: polytechnique-filetcourt.pdf Graphic file (type pdf)
<use polytechnique-filetcourt.pdf>
Package pdftex.def Info: polytechnique-filetcourt.pdf  used on input line 2718.

(pdftex.def)             Requested size: 28.40604pt x 2.16808pt.
File: polytechnique-filetcourt.pdf Graphic file (type pdf)
<use polytechnique-filetcourt.pdf>
Package pdftex.def Info: polytechnique-filetcourt.pdf  used on input line 2756.

(pdftex.def)             Requested size: 28.40604pt x 2.16808pt.
File: polytechnique-logohori.pdf Graphic file (type pdf)
<use polytechnique-logohori.pdf>
Package pdftex.def Info: polytechnique-logohori.pdf  used on input line 2770.
(pdftex.def)             Requested size: 80.52292pt x 56.90158pt.
 [66]
File: polytechnique-filetcourt.pdf Graphic file (type pdf)
<use polytechnique-filetcourt.pdf>
Package pdftex.def Info: polytechnique-filetcourt.pdf  used on input line 2811.

(pdftex.def)             Requested size: 28.40604pt x 2.16808pt.
File: polytechnique-logohori.pdf Graphic file (type pdf)
<use polytechnique-logohori.pdf>
Package pdftex.def Info: polytechnique-logohori.pdf  used on input line 2821.
(pdftex.def)             Requested size: 80.52292pt x 56.90158pt.
 [67]

! LaTeX Error: Float(s) lost.

See the LaTeX manual or LaTeX Companion for explanation.
Type  H <return>  for immediate help.
 ...                                              
                                                  
l.2821 \end{document}
                     
You've lost some text.  Try typing  <return>  to proceed.
If that doesn't work, type  X <return>  to quit.

(./reportpart3.aux)
 ***********
LaTeX2e <2023-11-01> patch level 1
L3 programming layer <2024-01-22>
 ***********


LaTeX Warning: There were undefined references.


LaTeX Warning: There were multiply-defined labels.

Package rerunfilecheck Info: File `reportpart3.out' has not changed.
(rerunfilecheck)             Checksum: 01CE5C77DAF4B9E0E7743F8126DBF100;27616.

Package biblatex Warning: Please (re)run Biber on the file:
(biblatex)                reportpart3
(biblatex)                and rerun LaTeX afterwards.

Package logreq Info: Writing requests to 'reportpart3.run.xml'.
\openout1 = `reportpart3.run.xml'.

 ) 
Here is how much of TeX's memory you used:
 40262 strings out of 474222
 801857 string characters out of 5748733
 1956975 words of memory out of 5000000
 61577 multiletter control sequences out of 15000+600000
 670675 words of font info for 109 fonts, out of 8000000 for 9000
 1141 hyphenation exceptions out of 8191
 93i,18n,102p,1226b,2230s stack positions out of 10000i,1000n,20000p,200000b,200000s
</usr/share/texmf/fonts/type1/public/lm/lmbx10.pfb></usr/share/texmf/fonts/ty
pe1/public/lm/lmbx12.pfb></usr/share/texmf/fonts/type1/public/lm/lmbx8.pfb></us
r/share/texmf/fonts/type1/public/lm/lmcsc10.pfb></usr/share/texmf/fonts/type1/p
ublic/lm/lmex10.pfb></usr/share/texmf/fonts/type1/public/lm/lmmi10.pfb></usr/sh
are/texmf/fonts/type1/public/lm/lmmi12.pfb></usr/share/texmf/fonts/type1/public
/lm/lmmi5.pfb></usr/share/texmf/fonts/type1/public/lm/lmmi7.pfb></usr/share/tex
mf/fonts/type1/public/lm/lmmi8.pfb></usr/share/texmf/fonts/type1/public/lm/lmmi
b10.pfb></usr/share/texmf/fonts/type1/public/lm/lmr10.pfb></usr/share/texmf/fon
ts/type1/public/lm/lmr12.pfb></usr/share/texmf/fonts/type1/public/lm/lmr5.pfb><
/usr/share/texmf/fonts/type1/public/lm/lmr6.pfb></usr/share/texmf/fonts/type1/p
ublic/lm/lmr7.pfb></usr/share/texmf/fonts/type1/public/lm/lmr8.pfb></usr/share/
texmf/fonts/type1/public/lm/lmri10.pfb></usr/share/texmf/fonts/type1/public/lm/
lmssbx10.pfb></usr/share/texmf/fonts/type1/public/lm/lmsy10.pfb></usr/share/tex
mf/fonts/type1/public/lm/lmsy5.pfb></usr/share/texmf/fonts/type1/public/lm/lmsy
7.pfb></usr/share/texmf/fonts/type1/public/lm/lmsy8.pfb></usr/share/texmf/fonts
/type1/public/lm/lmtk10.pfb></usr/share/texmf/fonts/type1/public/lm/lmtt10.pfb>
</usr/share/texlive/texmf-dist/fonts/type1/public/amsfonts/symbols/msbm10.pfb><
/usr/share/texlive/texmf-dist/fonts/type1/public/amsfonts/symbols/msbm7.pfb>
Output written on reportpart3.pdf (67 pages, 1134809 bytes).
PDF statistics:
 1327 PDF objects out of 1440 (max. 8388607)
 1142 compressed objects within 12 object streams
 309 named destinations out of 1000 (max. 500000)
 957 words of extra memory for PDF output out of 10000 (max. 10000000)

