Wall time,Step,Value,Var
1707691100.22279,1,0.385185688734055,0.000718074385077
1707691100.22349,2,0.416859060525894,0.000679086544551
1707691100.22408,3,0.4551662504673,0.000635904783849
1707691100.22468,4,0.502497017383575,0.000922806269955
1707691100.22525,5,0.558210074901581,0.001044911914505
1707691100.22568,6,0.637452363967896,0.000999171868898
1707691100.22627,7,0.781652987003326,0.000995443668216
