This is pdfTeX, Version 3.141592653-2.6-1.40.25 (TeX Live 2023/Debian) (preloaded format=pdflatex 2025.8.16)  27 AUG 2025 22:01
entering extended mode
 restricted \write18 enabled.
 %&-line parsing enabled.
**main3.tex
(./main3.tex
LaTeX2e <2023-11-01> patch level 1
L3 programming layer <2024-01-22>
(/usr/share/texlive/texmf-dist/tex/latex/base/article.cls
Document Class: article 2023/05/17 v1.4n Standard LaTeX document class
(/usr/share/texlive/texmf-dist/tex/latex/base/size10.clo
File: size10.clo 2023/05/17 v1.4n Standard LaTeX file (size option)
)
\c@part=\count187
\c@section=\count188
\c@subsection=\count189
\c@subsubsection=\count190
\c@paragraph=\count191
\c@subparagraph=\count192
\c@figure=\count193
\c@table=\count194
\abovecaptionskip=\skip48
\belowcaptionskip=\skip49
\bibindent=\dimen140
)
(/usr/share/texlive/texmf-dist/tex/latex/graphics/graphicx.sty
Package: graphicx 2021/09/16 v1.2d Enhanced LaTeX Graphics (DPC,SPQR)

(/usr/share/texlive/texmf-dist/tex/latex/graphics/keyval.sty
Package: keyval 2022/05/29 v1.15 key=value parser (DPC)
\KV@toks@=\toks17
)
(/usr/share/texlive/texmf-dist/tex/latex/graphics/graphics.sty
Package: graphics 2022/03/10 v1.4e Standard LaTeX Graphics (DPC,SPQR)

(/usr/share/texlive/texmf-dist/tex/latex/graphics/trig.sty
Package: trig 2021/08/11 v1.11 sin cos tan (DPC)
)
(/usr/share/texlive/texmf-dist/tex/latex/graphics-cfg/graphics.cfg
File: graphics.cfg 2016/06/04 v1.11 sample graphics configuration
)
Package graphics Info: Driver file: pdftex.def on input line 107.

(/usr/share/texlive/texmf-dist/tex/latex/graphics-def/pdftex.def
File: pdftex.def 2022/09/22 v1.2b Graphics/color driver for pdftex
))
\Gin@req@height=\dimen141
\Gin@req@width=\dimen142
)
(/usr/share/texlive/texmf-dist/tex/latex/amsmath/amsmath.sty
Package: amsmath 2023/05/13 v2.17o AMS math features
\@mathmargin=\skip50

For additional information on amsmath, use the `?' option.
(/usr/share/texlive/texmf-dist/tex/latex/amsmath/amstext.sty
Package: amstext 2021/08/26 v2.01 AMS text

(/usr/share/texlive/texmf-dist/tex/latex/amsmath/amsgen.sty
File: amsgen.sty 1999/11/30 v2.0 generic functions
\@emptytoks=\toks18
\ex@=\dimen143
))
(/usr/share/texlive/texmf-dist/tex/latex/amsmath/amsbsy.sty
Package: amsbsy 1999/11/29 v1.2d Bold Symbols
\pmbraise@=\dimen144
)
(/usr/share/texlive/texmf-dist/tex/latex/amsmath/amsopn.sty
Package: amsopn 2022/04/08 v2.04 operator names
)
\inf@bad=\count195
LaTeX Info: Redefining \frac on input line 234.
\uproot@=\count196
\leftroot@=\count197
LaTeX Info: Redefining \overline on input line 399.
LaTeX Info: Redefining \colon on input line 410.
\classnum@=\count198
\DOTSCASE@=\count199
LaTeX Info: Redefining \ldots on input line 496.
LaTeX Info: Redefining \dots on input line 499.
LaTeX Info: Redefining \cdots on input line 620.
\Mathstrutbox@=\box51
\strutbox@=\box52
LaTeX Info: Redefining \big on input line 722.
LaTeX Info: Redefining \Big on input line 723.
LaTeX Info: Redefining \bigg on input line 724.
LaTeX Info: Redefining \Bigg on input line 725.
\big@size=\dimen145
LaTeX Font Info:    Redeclaring font encoding OML on input line 743.
LaTeX Font Info:    Redeclaring font encoding OMS on input line 744.
\macc@depth=\count266
LaTeX Info: Redefining \bmod on input line 905.
LaTeX Info: Redefining \pmod on input line 910.
LaTeX Info: Redefining \smash on input line 940.
LaTeX Info: Redefining \relbar on input line 970.
LaTeX Info: Redefining \Relbar on input line 971.
\c@MaxMatrixCols=\count267
\dotsspace@=\muskip16
\c@parentequation=\count268
\dspbrk@lvl=\count269
\tag@help=\toks19
\row@=\count270
\column@=\count271
\maxfields@=\count272
\andhelp@=\toks20
\eqnshift@=\dimen146
\alignsep@=\dimen147
\tagshift@=\dimen148
\tagwidth@=\dimen149
\totwidth@=\dimen150
\lineht@=\dimen151
\@envbody=\toks21
\multlinegap=\skip51
\multlinetaggap=\skip52
\mathdisplay@stack=\toks22
LaTeX Info: Redefining \[ on input line 2953.
LaTeX Info: Redefining \] on input line 2954.
)
(/usr/share/texlive/texmf-dist/tex/latex/amsfonts/amssymb.sty
Package: amssymb 2013/01/14 v3.01 AMS font symbols

(/usr/share/texlive/texmf-dist/tex/latex/amsfonts/amsfonts.sty
Package: amsfonts 2013/01/14 v3.01 Basic AMSFonts support
\symAMSa=\mathgroup4
\symAMSb=\mathgroup5
LaTeX Font Info:    Redeclaring math symbol \hbar on input line 98.
LaTeX Font Info:    Overwriting math alphabet `\mathfrak' in version `bold'
(Font)                  U/euf/m/n --> U/euf/b/n on input line 106.
))
(/usr/share/texlive/texmf-dist/tex/latex/amscls/amsthm.sty
Package: amsthm 2020/05/29 v2.20.6
\thm@style=\toks23
\thm@bodyfont=\toks24
\thm@headfont=\toks25
\thm@notefont=\toks26
\thm@headpunct=\toks27
\thm@preskip=\skip53
\thm@postskip=\skip54
\thm@headsep=\skip55
\dth@everypar=\toks28
)
(/usr/share/texlive/texmf-dist/tex/latex/mathtools/mathtools.sty
Package: mathtools 2022/06/29 v1.29 mathematical typesetting tools

(/usr/share/texlive/texmf-dist/tex/latex/tools/calc.sty
Package: calc 2023/07/08 v4.3 Infix arithmetic (KKT,FJ)
\calc@Acount=\count273
\calc@Bcount=\count274
\calc@Adimen=\dimen152
\calc@Bdimen=\dimen153
\calc@Askip=\skip56
\calc@Bskip=\skip57
LaTeX Info: Redefining \setlength on input line 80.
LaTeX Info: Redefining \addtolength on input line 81.
\calc@Ccount=\count275
\calc@Cskip=\skip58
)
(/usr/share/texlive/texmf-dist/tex/latex/mathtools/mhsetup.sty
Package: mhsetup 2021/03/18 v1.4 programming setup (MH)
)
\g_MT_multlinerow_int=\count276
\l_MT_multwidth_dim=\dimen154
\origjot=\skip59
\l_MT_shortvdotswithinadjustabove_dim=\dimen155
\l_MT_shortvdotswithinadjustbelow_dim=\dimen156
\l_MT_above_intertext_sep=\dimen157
\l_MT_below_intertext_sep=\dimen158
\l_MT_above_shortintertext_sep=\dimen159
\l_MT_below_shortintertext_sep=\dimen160
\xmathstrut@box=\box53
\xmathstrut@dim=\dimen161
)
(/usr/share/texlive/texmf-dist/tex/latex/biblatex/biblatex.sty
Package: biblatex 2023/03/05 v3.19 programmable bibliographies (PK/MW)

(/usr/share/texlive/texmf-dist/tex/generic/pdftexcmds/pdftexcmds.sty
Package: pdftexcmds 2020-06-27 v0.33 Utility functions of pdfTeX for LuaTeX (HO
)

(/usr/share/texlive/texmf-dist/tex/generic/infwarerr/infwarerr.sty
Package: infwarerr 2019/12/03 v1.5 Providing info/warning/error messages (HO)
)
(/usr/share/texlive/texmf-dist/tex/generic/iftex/iftex.sty
Package: iftex 2022/02/03 v1.0f TeX engine tests
)
(/usr/share/texlive/texmf-dist/tex/generic/ltxcmds/ltxcmds.sty
Package: ltxcmds 2023-12-04 v1.26 LaTeX kernel commands for general use (HO)
)
Package pdftexcmds Info: \pdf@primitive is available.
Package pdftexcmds Info: \pdf@ifprimitive is available.
Package pdftexcmds Info: \pdfdraftmode found.
)
(/usr/share/texlive/texmf-dist/tex/latex/etoolbox/etoolbox.sty
Package: etoolbox 2020/10/05 v2.5k e-TeX tools for LaTeX (JAW)
\etb@tempcnta=\count277
)
(/usr/share/texlive/texmf-dist/tex/latex/kvoptions/kvoptions.sty
Package: kvoptions 2022-06-15 v3.15 Key value format for package options (HO)

(/usr/share/texlive/texmf-dist/tex/latex/kvsetkeys/kvsetkeys.sty
Package: kvsetkeys 2022-10-05 v1.19 Key value parser (HO)
))
(/usr/share/texlive/texmf-dist/tex/latex/logreq/logreq.sty
Package: logreq 2010/08/04 v1.0 xml request logger
\lrq@indent=\count278

(/usr/share/texlive/texmf-dist/tex/latex/logreq/logreq.def
File: logreq.def 2010/08/04 v1.0 logreq spec v1.0
))
(/usr/share/texlive/texmf-dist/tex/latex/base/ifthen.sty
Package: ifthen 2022/04/13 v1.1d Standard LaTeX ifthen package (DPC)
)
(/usr/share/texlive/texmf-dist/tex/latex/url/url.sty
\Urlmuskip=\muskip17
Package: url 2013/09/16  ver 3.4  Verb mode for urls, etc.
)
\c@tabx@nest=\count279
\c@listtotal=\count280
\c@listcount=\count281
\c@liststart=\count282
\c@liststop=\count283
\c@citecount=\count284
\c@citetotal=\count285
\c@multicitecount=\count286
\c@multicitetotal=\count287
\c@instcount=\count288
\c@maxnames=\count289
\c@minnames=\count290
\c@maxitems=\count291
\c@minitems=\count292
\c@citecounter=\count293
\c@maxcitecounter=\count294
\c@savedcitecounter=\count295
\c@uniquelist=\count296
\c@uniquename=\count297
\c@refsection=\count298
\c@refsegment=\count299
\c@maxextratitle=\count300
\c@maxextratitleyear=\count301
\c@maxextraname=\count302
\c@maxextradate=\count303
\c@maxextraalpha=\count304
\c@abbrvpenalty=\count305
\c@highnamepenalty=\count306
\c@lownamepenalty=\count307
\c@maxparens=\count308
\c@parenlevel=\count309
\blx@tempcnta=\count310
\blx@tempcntb=\count311
\blx@tempcntc=\count312
\c@blx@maxsection=\count313
\blx@maxsegment@0=\count314
\blx@notetype=\count315
\blx@parenlevel@text=\count316
\blx@parenlevel@foot=\count317
\blx@sectionciteorder@0=\count318
\blx@sectionciteorderinternal@0=\count319
\blx@entrysetcounter=\count320
\blx@biblioinstance=\count321
\labelnumberwidth=\skip60
\labelalphawidth=\skip61
\biblabelsep=\skip62
\bibitemsep=\skip63
\bibnamesep=\skip64
\bibinitsep=\skip65
\bibparsep=\skip66
\bibhang=\skip67
\blx@bcfin=\read2
\blx@bcfout=\write3
\blx@langwohyphens=\language89
\c@mincomprange=\count322
\c@maxcomprange=\count323
\c@mincompwidth=\count324
Package biblatex Info: Trying to load biblatex default data model...
Package biblatex Info: ... file 'blx-dm.def' found.

(/usr/share/texlive/texmf-dist/tex/latex/biblatex/blx-dm.def
File: blx-dm.def 2023/03/05 v3.19 biblatex localization (PK/MW)
)
Package biblatex Info: Trying to load biblatex custom data model...
Package biblatex Info: ... file 'biblatex-dm.cfg' not found.
\c@afterword=\count325
\c@savedafterword=\count326
\c@annotator=\count327
\c@savedannotator=\count328
\c@author=\count329
\c@savedauthor=\count330
\c@bookauthor=\count331
\c@savedbookauthor=\count332
\c@commentator=\count333
\c@savedcommentator=\count334
\c@editor=\count335
\c@savededitor=\count336
\c@editora=\count337
\c@savededitora=\count338
\c@editorb=\count339
\c@savededitorb=\count340
\c@editorc=\count341
\c@savededitorc=\count342
\c@foreword=\count343
\c@savedforeword=\count344
\c@holder=\count345
\c@savedholder=\count346
\c@introduction=\count347
\c@savedintroduction=\count348
\c@namea=\count349
\c@savednamea=\count350
\c@nameb=\count351
\c@savednameb=\count352
\c@namec=\count353
\c@savednamec=\count354
\c@translator=\count355
\c@savedtranslator=\count356
\c@shortauthor=\count357
\c@savedshortauthor=\count358
\c@shorteditor=\count359
\c@savedshorteditor=\count360
\c@labelname=\count361
\c@savedlabelname=\count362
\c@institution=\count363
\c@savedinstitution=\count364
\c@lista=\count365
\c@savedlista=\count366
\c@listb=\count367
\c@savedlistb=\count368
\c@listc=\count369
\c@savedlistc=\count370
\c@listd=\count371
\c@savedlistd=\count372
\c@liste=\count373
\c@savedliste=\count374
\c@listf=\count375
\c@savedlistf=\count376
\c@location=\count377
\c@savedlocation=\count378
\c@organization=\count379
\c@savedorganization=\count380
\c@origlocation=\count381
\c@savedoriglocation=\count382
\c@origpublisher=\count383
\c@savedorigpublisher=\count384
\c@publisher=\count385
\c@savedpublisher=\count386
\c@language=\count387
\c@savedlanguage=\count388
\c@origlanguage=\count389
\c@savedoriglanguage=\count390
\c@pageref=\count391
\c@savedpageref=\count392
\shorthandwidth=\skip68
\shortjournalwidth=\skip69
\shortserieswidth=\skip70
\shorttitlewidth=\skip71
\shortauthorwidth=\skip72
\shorteditorwidth=\skip73
\locallabelnumberwidth=\skip74
\locallabelalphawidth=\skip75
\localshorthandwidth=\skip76
\localshortjournalwidth=\skip77
\localshortserieswidth=\skip78
\localshorttitlewidth=\skip79
\localshortauthorwidth=\skip80
\localshorteditorwidth=\skip81
Package biblatex Info: Trying to load compatibility code...
Package biblatex Info: ... file 'blx-compat.def' found.

(/usr/share/texlive/texmf-dist/tex/latex/biblatex/blx-compat.def
File: blx-compat.def 2023/03/05 v3.19 biblatex compatibility (PK/MW)
)
Package biblatex Info: Trying to load generic definitions...
Package biblatex Info: ... file 'biblatex.def' found.

(/usr/share/texlive/texmf-dist/tex/latex/biblatex/biblatex.def
File: biblatex.def 2023/03/05 v3.19 biblatex compatibility (PK/MW)
\c@textcitecount=\count393
\c@textcitetotal=\count394
\c@textcitemaxnames=\count395
\c@biburlbigbreakpenalty=\count396
\c@biburlbreakpenalty=\count397
\c@biburlnumpenalty=\count398
\c@biburlucpenalty=\count399
\c@biburllcpenalty=\count400
\biburlbigskip=\muskip18
\biburlnumskip=\muskip19
\biburlucskip=\muskip20
\biburllcskip=\muskip21
\c@smartand=\count401
)
Package biblatex Info: Trying to load bibliography style 'numeric'...
Package biblatex Info: ... file 'numeric.bbx' found.

(/usr/share/texlive/texmf-dist/tex/latex/biblatex/bbx/numeric.bbx
File: numeric.bbx 2023/03/05 v3.19 biblatex bibliography style (PK/MW)
Package biblatex Info: Trying to load bibliography style 'standard'...
Package biblatex Info: ... file 'standard.bbx' found.

(/usr/share/texlive/texmf-dist/tex/latex/biblatex/bbx/standard.bbx
File: standard.bbx 2023/03/05 v3.19 biblatex bibliography style (PK/MW)
\c@bbx:relatedcount=\count402
\c@bbx:relatedtotal=\count403
))
Package biblatex Info: Trying to load citation style 'numeric'...
Package biblatex Info: ... file 'numeric.cbx' found.

(/usr/share/texlive/texmf-dist/tex/latex/biblatex/cbx/numeric.cbx
File: numeric.cbx 2023/03/05 v3.19 biblatex citation style (PK/MW)
Package biblatex Info: Redefining '\cite'.
Package biblatex Info: Redefining '\parencite'.
Package biblatex Info: Redefining '\footcite'.
Package biblatex Info: Redefining '\footcitetext'.
Package biblatex Info: Redefining '\smartcite'.
Package biblatex Info: Redefining '\supercite'.
Package biblatex Info: Redefining '\textcite'.
Package biblatex Info: Redefining '\textcites'.
Package biblatex Info: Redefining '\cites'.
Package biblatex Info: Redefining '\parencites'.
Package biblatex Info: Redefining '\smartcites'.
)
Package biblatex Info: Trying to load configuration file...
Package biblatex Info: ... file 'biblatex.cfg' found.

(/usr/share/texlive/texmf-dist/tex/latex/biblatex/biblatex.cfg
File: biblatex.cfg 
)
Package biblatex Info: Input encoding 'utf8' detected.
Package biblatex Info: Document encoding is UTF8 ....

(/usr/share/texlive/texmf-dist/tex/latex/l3kernel/expl3.sty
Package: expl3 2024-01-22 L3 programming layer (loader) 

(/usr/share/texlive/texmf-dist/tex/latex/l3backend/l3backend-pdftex.def
File: l3backend-pdftex.def 2024-01-04 L3 backend support: PDF output (pdfTeX)
\l__color_backend_stack_int=\count404
\l__pdf_internal_box=\box54
))
Package biblatex Info: ... and expl3
(biblatex)             2024-01-22 L3 programming layer (loader) 
(biblatex)             is new enough (at least 2020/04/06),
(biblatex)             setting 'casechanger=expl3'.

(/usr/share/texlive/texmf-dist/tex/latex/biblatex/blx-case-expl3.sty
(/usr/share/texlive/texmf-dist/tex/latex/l3packages/xparse/xparse.sty
Package: xparse 2023-10-10 L3 Experimental document command parser
)
Package: blx-case-expl3 2023/03/05 v3.19 expl3 case changing code for biblatex
))
(/usr/share/texlive/texmf-dist/tex/latex/subfig/subfig.sty
Package: subfig 2005/06/28 ver: 1.3 subfig package

(/usr/share/texlive/texmf-dist/tex/latex/caption/caption.sty
Package: caption 2023/08/05 v3.6o Customizing captions (AR)

(/usr/share/texlive/texmf-dist/tex/latex/caption/caption3.sty
Package: caption3 2023/07/31 v2.4d caption3 kernel (AR)
\caption@tempdima=\dimen162
\captionmargin=\dimen163
\caption@leftmargin=\dimen164
\caption@rightmargin=\dimen165
\caption@width=\dimen166
\caption@indent=\dimen167
\caption@parindent=\dimen168
\caption@hangindent=\dimen169
Package caption Info: Standard document class detected.
)
\c@caption@flags=\count405
\c@continuedfloat=\count406
)
\c@KVtest=\count407
\sf@farskip=\skip82
\sf@captopadj=\dimen170
\sf@capskip=\skip83
\sf@nearskip=\skip84
\c@subfigure=\count408
\c@subfigure@save=\count409
\c@lofdepth=\count410
\c@subtable=\count411
\c@subtable@save=\count412
\c@lotdepth=\count413
\sf@top=\skip85
\sf@bottom=\skip86
)
(/usr/share/texlive/texmf-dist/tex/latex/parskip/parskip.sty
Package: parskip 2021-03-14 v2.0h non-zero parskip adjustments
)
(/usr/share/texlive/texmf-dist/tex/latex/multirow/multirow.sty
Package: multirow 2021/03/15 v2.8 Span multiple rows of a table
\multirow@colwidth=\skip87
\multirow@cntb=\count414
\multirow@dima=\skip88
\bigstrutjot=\dimen171
)
(/usr/share/texlive/texmf-dist/tex/latex/tools/longtable.sty
Package: longtable 2023-11-01 v4.19 Multi-page Table package (DPC)
\LTleft=\skip89
\LTright=\skip90
\LTpre=\skip91
\LTpost=\skip92
\LTchunksize=\count415
\LTcapwidth=\dimen172
\LT@head=\box55
\LT@firsthead=\box56
\LT@foot=\box57
\LT@lastfoot=\box58
\LT@gbox=\box59
\LT@cols=\count416
\LT@rows=\count417
\c@LT@tables=\count418
\c@LT@chunks=\count419
\LT@p@ftn=\toks29
)
(/usr/share/texlive/texmf-dist/tex/latex/booktabs/booktabs.sty
Package: booktabs 2020/01/12 v1.61803398 Publication quality tables
\heavyrulewidth=\dimen173
\lightrulewidth=\dimen174
\cmidrulewidth=\dimen175
\belowrulesep=\dimen176
\belowbottomsep=\dimen177
\aboverulesep=\dimen178
\abovetopsep=\dimen179
\cmidrulesep=\dimen180
\cmidrulekern=\dimen181
\defaultaddspace=\dimen182
\@cmidla=\count420
\@cmidlb=\count421
\@aboverulesep=\dimen183
\@belowrulesep=\dimen184
\@thisruleclass=\count422
\@lastruleclass=\count423
\@thisrulewidth=\dimen185
)
(/usr/share/texlive/texmf-dist/tex/latex/tcolorbox/tcolorbox.sty
Package: tcolorbox 2024/01/10 version 6.2.0 text color boxes

(/usr/share/texlive/texmf-dist/tex/latex/pgf/basiclayer/pgf.sty
(/usr/share/texlive/texmf-dist/tex/latex/pgf/utilities/pgfrcs.sty
(/usr/share/texlive/texmf-dist/tex/generic/pgf/utilities/pgfutil-common.tex
\pgfutil@everybye=\toks30
\pgfutil@tempdima=\dimen186
\pgfutil@tempdimb=\dimen187
)
(/usr/share/texlive/texmf-dist/tex/generic/pgf/utilities/pgfutil-latex.def
\pgfutil@abb=\box60
)
(/usr/share/texlive/texmf-dist/tex/generic/pgf/utilities/pgfrcs.code.tex
(/usr/share/texlive/texmf-dist/tex/generic/pgf/pgf.revision.tex)
Package: pgfrcs 2023-01-15 v3.1.10 (3.1.10)
))
Package: pgf 2023-01-15 v3.1.10 (3.1.10)

(/usr/share/texlive/texmf-dist/tex/latex/pgf/basiclayer/pgfcore.sty
(/usr/share/texlive/texmf-dist/tex/latex/pgf/systemlayer/pgfsys.sty
(/usr/share/texlive/texmf-dist/tex/generic/pgf/systemlayer/pgfsys.code.tex
Package: pgfsys 2023-01-15 v3.1.10 (3.1.10)

(/usr/share/texlive/texmf-dist/tex/generic/pgf/utilities/pgfkeys.code.tex
\pgfkeys@pathtoks=\toks31
\pgfkeys@temptoks=\toks32

(/usr/share/texlive/texmf-dist/tex/generic/pgf/utilities/pgfkeyslibraryfiltered
.code.tex
\pgfkeys@tmptoks=\toks33
))
\pgf@x=\dimen188
\pgf@y=\dimen189
\pgf@xa=\dimen190
\pgf@ya=\dimen191
\pgf@xb=\dimen192
\pgf@yb=\dimen193
\pgf@xc=\dimen194
\pgf@yc=\dimen195
\pgf@xd=\dimen196
\pgf@yd=\dimen197
\w@pgf@writea=\write4
\r@pgf@reada=\read3
\c@pgf@counta=\count424
\c@pgf@countb=\count425
\c@pgf@countc=\count426
\c@pgf@countd=\count427
\t@pgf@toka=\toks34
\t@pgf@tokb=\toks35
\t@pgf@tokc=\toks36
\pgf@sys@id@count=\count428
 (/usr/share/texlive/texmf-dist/tex/generic/pgf/systemlayer/pgf.cfg
File: pgf.cfg 2023-01-15 v3.1.10 (3.1.10)
)
Driver file for pgf: pgfsys-pdftex.def
(/usr/share/texlive/texmf-dist/tex/generic/pgf/systemlayer/pgfsys-pdftex.def
File: pgfsys-pdftex.def 2023-01-15 v3.1.10 (3.1.10)

(/usr/share/texlive/texmf-dist/tex/generic/pgf/systemlayer/pgfsys-common-pdf.de
f
File: pgfsys-common-pdf.def 2023-01-15 v3.1.10 (3.1.10)
)))
(/usr/share/texlive/texmf-dist/tex/generic/pgf/systemlayer/pgfsyssoftpath.code.
tex
File: pgfsyssoftpath.code.tex 2023-01-15 v3.1.10 (3.1.10)
\pgfsyssoftpath@smallbuffer@items=\count429
\pgfsyssoftpath@bigbuffer@items=\count430
)
(/usr/share/texlive/texmf-dist/tex/generic/pgf/systemlayer/pgfsysprotocol.code.
tex
File: pgfsysprotocol.code.tex 2023-01-15 v3.1.10 (3.1.10)
)) (/usr/share/texlive/texmf-dist/tex/latex/xcolor/xcolor.sty
Package: xcolor 2023/11/15 v3.01 LaTeX color extensions (UK)

(/usr/share/texlive/texmf-dist/tex/latex/graphics-cfg/color.cfg
File: color.cfg 2016/01/02 v1.6 sample color configuration
)
Package xcolor Info: Driver file: pdftex.def on input line 274.

(/usr/share/texlive/texmf-dist/tex/latex/graphics/mathcolor.ltx)
Package xcolor Info: Model `cmy' substituted by `cmy0' on input line 1350.
Package xcolor Info: Model `hsb' substituted by `rgb' on input line 1354.
Package xcolor Info: Model `RGB' extended on input line 1366.
Package xcolor Info: Model `HTML' substituted by `rgb' on input line 1368.
Package xcolor Info: Model `Hsb' substituted by `hsb' on input line 1369.
Package xcolor Info: Model `tHsb' substituted by `hsb' on input line 1370.
Package xcolor Info: Model `HSB' substituted by `hsb' on input line 1371.
Package xcolor Info: Model `Gray' substituted by `gray' on input line 1372.
Package xcolor Info: Model `wave' substituted by `hsb' on input line 1373.
)
(/usr/share/texlive/texmf-dist/tex/generic/pgf/basiclayer/pgfcore.code.tex
Package: pgfcore 2023-01-15 v3.1.10 (3.1.10)

(/usr/share/texlive/texmf-dist/tex/generic/pgf/math/pgfmath.code.tex
(/usr/share/texlive/texmf-dist/tex/generic/pgf/math/pgfmathutil.code.tex)
(/usr/share/texlive/texmf-dist/tex/generic/pgf/math/pgfmathparser.code.tex
\pgfmath@dimen=\dimen198
\pgfmath@count=\count431
\pgfmath@box=\box61
\pgfmath@toks=\toks37
\pgfmath@stack@operand=\toks38
\pgfmath@stack@operation=\toks39
)
(/usr/share/texlive/texmf-dist/tex/generic/pgf/math/pgfmathfunctions.code.tex)
(/usr/share/texlive/texmf-dist/tex/generic/pgf/math/pgfmathfunctions.basic.code
.tex)
(/usr/share/texlive/texmf-dist/tex/generic/pgf/math/pgfmathfunctions.trigonomet
ric.code.tex)
(/usr/share/texlive/texmf-dist/tex/generic/pgf/math/pgfmathfunctions.random.cod
e.tex)
(/usr/share/texlive/texmf-dist/tex/generic/pgf/math/pgfmathfunctions.comparison
.code.tex)
(/usr/share/texlive/texmf-dist/tex/generic/pgf/math/pgfmathfunctions.base.code.
tex)
(/usr/share/texlive/texmf-dist/tex/generic/pgf/math/pgfmathfunctions.round.code
.tex)
(/usr/share/texlive/texmf-dist/tex/generic/pgf/math/pgfmathfunctions.misc.code.
tex)
(/usr/share/texlive/texmf-dist/tex/generic/pgf/math/pgfmathfunctions.integerari
thmetics.code.tex)
(/usr/share/texlive/texmf-dist/tex/generic/pgf/math/pgfmathcalc.code.tex)
(/usr/share/texlive/texmf-dist/tex/generic/pgf/math/pgfmathfloat.code.tex
\c@pgfmathroundto@lastzeros=\count432
))
(/usr/share/texlive/texmf-dist/tex/generic/pgf/math/pgfint.code.tex)
(/usr/share/texlive/texmf-dist/tex/generic/pgf/basiclayer/pgfcorepoints.code.te
x
File: pgfcorepoints.code.tex 2023-01-15 v3.1.10 (3.1.10)
\pgf@picminx=\dimen199
\pgf@picmaxx=\dimen256
\pgf@picminy=\dimen257
\pgf@picmaxy=\dimen258
\pgf@pathminx=\dimen259
\pgf@pathmaxx=\dimen260
\pgf@pathminy=\dimen261
\pgf@pathmaxy=\dimen262
\pgf@xx=\dimen263
\pgf@xy=\dimen264
\pgf@yx=\dimen265
\pgf@yy=\dimen266
\pgf@zx=\dimen267
\pgf@zy=\dimen268
)
(/usr/share/texlive/texmf-dist/tex/generic/pgf/basiclayer/pgfcorepathconstruct.
code.tex
File: pgfcorepathconstruct.code.tex 2023-01-15 v3.1.10 (3.1.10)
\pgf@path@lastx=\dimen269
\pgf@path@lasty=\dimen270
)
(/usr/share/texlive/texmf-dist/tex/generic/pgf/basiclayer/pgfcorepathusage.code
.tex
File: pgfcorepathusage.code.tex 2023-01-15 v3.1.10 (3.1.10)
\pgf@shorten@end@additional=\dimen271
\pgf@shorten@start@additional=\dimen272
)
(/usr/share/texlive/texmf-dist/tex/generic/pgf/basiclayer/pgfcorescopes.code.te
x
File: pgfcorescopes.code.tex 2023-01-15 v3.1.10 (3.1.10)
\pgfpic=\box62
\pgf@hbox=\box63
\pgf@layerbox@main=\box64
\pgf@picture@serial@count=\count433
)
(/usr/share/texlive/texmf-dist/tex/generic/pgf/basiclayer/pgfcoregraphicstate.c
ode.tex
File: pgfcoregraphicstate.code.tex 2023-01-15 v3.1.10 (3.1.10)
\pgflinewidth=\dimen273
)
(/usr/share/texlive/texmf-dist/tex/generic/pgf/basiclayer/pgfcoretransformation
s.code.tex
File: pgfcoretransformations.code.tex 2023-01-15 v3.1.10 (3.1.10)
\pgf@pt@x=\dimen274
\pgf@pt@y=\dimen275
\pgf@pt@temp=\dimen276
)
(/usr/share/texlive/texmf-dist/tex/generic/pgf/basiclayer/pgfcorequick.code.tex
File: pgfcorequick.code.tex 2023-01-15 v3.1.10 (3.1.10)
)
(/usr/share/texlive/texmf-dist/tex/generic/pgf/basiclayer/pgfcoreobjects.code.t
ex
File: pgfcoreobjects.code.tex 2023-01-15 v3.1.10 (3.1.10)
)
(/usr/share/texlive/texmf-dist/tex/generic/pgf/basiclayer/pgfcorepathprocessing
.code.tex
File: pgfcorepathprocessing.code.tex 2023-01-15 v3.1.10 (3.1.10)
)
(/usr/share/texlive/texmf-dist/tex/generic/pgf/basiclayer/pgfcorearrows.code.te
x
File: pgfcorearrows.code.tex 2023-01-15 v3.1.10 (3.1.10)
\pgfarrowsep=\dimen277
)
(/usr/share/texlive/texmf-dist/tex/generic/pgf/basiclayer/pgfcoreshade.code.tex
File: pgfcoreshade.code.tex 2023-01-15 v3.1.10 (3.1.10)
\pgf@max=\dimen278
\pgf@sys@shading@range@num=\count434
\pgf@shadingcount=\count435
)
(/usr/share/texlive/texmf-dist/tex/generic/pgf/basiclayer/pgfcoreimage.code.tex
File: pgfcoreimage.code.tex 2023-01-15 v3.1.10 (3.1.10)
)
(/usr/share/texlive/texmf-dist/tex/generic/pgf/basiclayer/pgfcoreexternal.code.
tex
File: pgfcoreexternal.code.tex 2023-01-15 v3.1.10 (3.1.10)
\pgfexternal@startupbox=\box65
)
(/usr/share/texlive/texmf-dist/tex/generic/pgf/basiclayer/pgfcorelayers.code.te
x
File: pgfcorelayers.code.tex 2023-01-15 v3.1.10 (3.1.10)
)
(/usr/share/texlive/texmf-dist/tex/generic/pgf/basiclayer/pgfcoretransparency.c
ode.tex
File: pgfcoretransparency.code.tex 2023-01-15 v3.1.10 (3.1.10)
)
(/usr/share/texlive/texmf-dist/tex/generic/pgf/basiclayer/pgfcorepatterns.code.
tex
File: pgfcorepatterns.code.tex 2023-01-15 v3.1.10 (3.1.10)
)
(/usr/share/texlive/texmf-dist/tex/generic/pgf/basiclayer/pgfcorerdf.code.tex
File: pgfcorerdf.code.tex 2023-01-15 v3.1.10 (3.1.10)
)))
(/usr/share/texlive/texmf-dist/tex/generic/pgf/modules/pgfmoduleshapes.code.tex
File: pgfmoduleshapes.code.tex 2023-01-15 v3.1.10 (3.1.10)
\pgfnodeparttextbox=\box66
) (/usr/share/texlive/texmf-dist/tex/generic/pgf/modules/pgfmoduleplot.code.tex
File: pgfmoduleplot.code.tex 2023-01-15 v3.1.10 (3.1.10)
)
(/usr/share/texlive/texmf-dist/tex/latex/pgf/compatibility/pgfcomp-version-0-65
.sty
Package: pgfcomp-version-0-65 2023-01-15 v3.1.10 (3.1.10)
\pgf@nodesepstart=\dimen279
\pgf@nodesepend=\dimen280
)
(/usr/share/texlive/texmf-dist/tex/latex/pgf/compatibility/pgfcomp-version-1-18
.sty
Package: pgfcomp-version-1-18 2023-01-15 v3.1.10 (3.1.10)
)) (/usr/share/texlive/texmf-dist/tex/latex/tools/verbatim.sty
Package: verbatim 2023-11-06 v1.5v LaTeX2e package for verbatim enhancements
\every@verbatim=\toks40
\verbatim@line=\toks41
\verbatim@in@stream=\read4
)
(/usr/share/texlive/texmf-dist/tex/latex/environ/environ.sty
Package: environ 2014/05/04 v0.3 A new way to define environments

(/usr/share/texlive/texmf-dist/tex/latex/trimspaces/trimspaces.sty
Package: trimspaces 2009/09/17 v1.1 Trim spaces around a token list
))
\tcb@titlebox=\box67
\tcb@upperbox=\box68
\tcb@lowerbox=\box69
\tcb@phantombox=\box70
\c@tcbbreakpart=\count436
\c@tcblayer=\count437
\c@tcolorbox@number=\count438
\l__tcobox_tmpa_box=\box71
\l__tcobox_tmpa_dim=\dimen281
\tcb@temp=\box72
\tcb@temp=\box73
\tcb@temp=\box74
\tcb@temp=\box75

(/usr/share/texlive/texmf-dist/tex/latex/tcolorbox/tcbraster.code.tex
Library (tcolorbox): 'tcbraster.code.tex' version '6.2.0'
\c@tcbrastercolumn=\count439
\c@tcbrasterrow=\count440
\c@tcbrasternum=\count441
\c@tcbraster=\count442
) (/usr/share/texlive/texmf-dist/tex/latex/tcolorbox/tcbskins.code.tex
Library (tcolorbox): 'tcbskins.code.tex' version '6.2.0'
(/usr/share/texlive/texmf-dist/tex/latex/pgf/frontendlayer/tikz.sty
(/usr/share/texlive/texmf-dist/tex/latex/pgf/utilities/pgffor.sty
(/usr/share/texlive/texmf-dist/tex/latex/pgf/utilities/pgfkeys.sty
(/usr/share/texlive/texmf-dist/tex/generic/pgf/utilities/pgfkeys.code.tex))
(/usr/share/texlive/texmf-dist/tex/latex/pgf/math/pgfmath.sty
(/usr/share/texlive/texmf-dist/tex/generic/pgf/math/pgfmath.code.tex))
(/usr/share/texlive/texmf-dist/tex/generic/pgf/utilities/pgffor.code.tex
Package: pgffor 2023-01-15 v3.1.10 (3.1.10)
\pgffor@iter=\dimen282
\pgffor@skip=\dimen283
\pgffor@stack=\toks42
\pgffor@toks=\toks43
))
(/usr/share/texlive/texmf-dist/tex/generic/pgf/frontendlayer/tikz/tikz.code.tex
Package: tikz 2023-01-15 v3.1.10 (3.1.10)

(/usr/share/texlive/texmf-dist/tex/generic/pgf/libraries/pgflibraryplothandlers
.code.tex
File: pgflibraryplothandlers.code.tex 2023-01-15 v3.1.10 (3.1.10)
\pgf@plot@mark@count=\count443
\pgfplotmarksize=\dimen284
)
\tikz@lastx=\dimen285
\tikz@lasty=\dimen286
\tikz@lastxsaved=\dimen287
\tikz@lastysaved=\dimen288
\tikz@lastmovetox=\dimen289
\tikz@lastmovetoy=\dimen290
\tikzleveldistance=\dimen291
\tikzsiblingdistance=\dimen292
\tikz@figbox=\box76
\tikz@figbox@bg=\box77
\tikz@tempbox=\box78
\tikz@tempbox@bg=\box79
\tikztreelevel=\count444
\tikznumberofchildren=\count445
\tikznumberofcurrentchild=\count446
\tikz@fig@count=\count447

(/usr/share/texlive/texmf-dist/tex/generic/pgf/modules/pgfmodulematrix.code.tex
File: pgfmodulematrix.code.tex 2023-01-15 v3.1.10 (3.1.10)
\pgfmatrixcurrentrow=\count448
\pgfmatrixcurrentcolumn=\count449
\pgf@matrix@numberofcolumns=\count450
)
\tikz@expandcount=\count451

(/usr/share/texlive/texmf-dist/tex/generic/pgf/frontendlayer/tikz/libraries/tik
zlibrarytopaths.code.tex
File: tikzlibrarytopaths.code.tex 2023-01-15 v3.1.10 (3.1.10)
)))
(/usr/share/texlive/texmf-dist/tex/latex/tikzfill/tikzfill.image.sty
Package: tikzfill.image 2023/08/08 v1.0.1 Image filling library for TikZ

(/usr/share/texlive/texmf-dist/tex/latex/tikzfill/tikzfill-common.sty
Package: tikzfill-common 2023/08/08 v1.0.1 Auxiliary code for tikzfill
)
(/usr/share/texlive/texmf-dist/tex/latex/tikzfill/tikzlibraryfill.image.code.te
x
File: tikzlibraryfill.image.code.tex 2023/08/08 v1.0.1 Image filling library
\l__tikzfill_img_box=\box80
)) (/usr/share/texlive/texmf-dist/tex/latex/tcolorbox/tcbskinsjigsaw.code.tex
Library (tcolorbox): 'tcbskinsjigsaw.code.tex' version '6.2.0'
)) (/usr/share/texlive/texmf-dist/tex/latex/tcolorbox/tcbbreakable.code.tex
Library (tcolorbox): 'tcbbreakable.code.tex' version '6.2.0'
(/usr/share/texlive/texmf-dist/tex/latex/pdfcol/pdfcol.sty
Package: pdfcol 2022-09-21 v1.7 Handle new color stacks for pdfTeX (HO)
)
Package pdfcol Info: New color stack `tcb@breakable' = 1 on input line 23.
\tcb@testbox=\box81
\tcb@totalupperbox=\box82
\tcb@totallowerbox=\box83
)
(/usr/share/texlive/texmf-dist/tex/latex/tcolorbox/tcbhooks.code.tex
Library (tcolorbox): 'tcbhooks.code.tex' version '6.2.0'
) (/usr/share/texlive/texmf-dist/tex/latex/tcolorbox/tcbtheorems.code.tex
Library (tcolorbox): 'tcbtheorems.code.tex' version '6.2.0'
) (/usr/share/texlive/texmf-dist/tex/latex/tcolorbox/tcbfitting.code.tex
Library (tcolorbox): 'tcbfitting.code.tex' version '6.2.0'
\tcbfitdim=\dimen293
\tcb@lowerfitdim=\dimen294
\tcb@upperfitdim=\dimen295
\tcb@cur@hbadness=\count452
) (/usr/share/texlive/texmf-dist/tex/latex/tcolorbox/tcblistingsutf8.code.tex
Library (tcolorbox): 'tcblistingsutf8.code.tex' version '6.2.0'
(/usr/share/texlive/texmf-dist/tex/latex/tcolorbox/tcblistings.code.tex
Library (tcolorbox): 'tcblistings.code.tex' version '6.2.0'
(/usr/share/texlive/texmf-dist/tex/latex/listings/listings.sty
\lst@mode=\count453
\lst@gtempboxa=\box84
\lst@token=\toks44
\lst@length=\count454
\lst@currlwidth=\dimen296
\lst@column=\count455
\lst@pos=\count456
\lst@lostspace=\dimen297
\lst@width=\dimen298
\lst@newlines=\count457
\lst@lineno=\count458
\lst@maxwidth=\dimen299

(/usr/share/texlive/texmf-dist/tex/latex/listings/lstmisc.sty
File: lstmisc.sty 2023/02/27 1.9 (Carsten Heinz)
\c@lstnumber=\count459
\lst@skipnumbers=\count460
\lst@framebox=\box85
)
(/usr/share/texlive/texmf-dist/tex/latex/listings/listings.cfg
File: listings.cfg 2023/02/27 1.9 listings configuration
))
Package: listings 2023/02/27 1.9 (Carsten Heinz)

(/usr/share/texlive/texmf-dist/tex/latex/tcolorbox/tcblistingscore.code.tex
Library (tcolorbox): 'tcblistingscore.code.tex' version '6.2.0'
(/usr/share/texlive/texmf-dist/tex/latex/tcolorbox/tcbprocessing.code.tex
Library (tcolorbox): 'tcbprocessing.code.tex' version '6.2.0'
)
\c@tcblisting=\count461
)) (/usr/share/texlive/texmf-dist/tex/latex/listingsutf8/listingsutf8.sty
Package: listingsutf8 2019-12-10 v1.5 Allow UTF-8 in listings input (HO)

(/usr/share/texlive/texmf-dist/tex/generic/stringenc/stringenc.sty
Package: stringenc 2019/11/29 v1.12 Convert strings between diff. encodings (HO
)

(/usr/share/texlive/texmf-dist/tex/generic/pdfescape/pdfescape.sty
Package: pdfescape 2019/12/09 v1.15 Implements pdfTeX's escape features (HO)
))))
(/usr/share/texlive/texmf-dist/tex/latex/tcolorbox/tcbexternal.code.tex
Library (tcolorbox): 'tcbexternal.code.tex' version '6.2.0'
) (/usr/share/texlive/texmf-dist/tex/latex/tcolorbox/tcbmagazine.code.tex
Library (tcolorbox): 'tcbmagazine.code.tex' version '6.2.0'
) (/usr/share/texlive/texmf-dist/tex/latex/tcolorbox/tcbvignette.code.tex
Library (tcolorbox): 'tcbvignette.code.tex' version '6.2.0'

(/usr/share/texlive/texmf-dist/tex/generic/pgf/frontendlayer/tikz/libraries/tik
zlibraryfadings.code.tex
File: tikzlibraryfadings.code.tex 2023-01-15 v3.1.10 (3.1.10)

(/usr/share/texlive/texmf-dist/tex/generic/pgf/libraries/pgflibraryfadings.code
.tex
File: pgflibraryfadings.code.tex 2023-01-15 v3.1.10 (3.1.10)
))) (/usr/share/texlive/texmf-dist/tex/latex/tcolorbox/tcbposter.code.tex
Library (tcolorbox): 'tcbposter.code.tex' version '6.2.0'
)) (/usr/share/texlive/texmf-dist/tex/latex/hyperref/hyperref.sty
Package: hyperref 2024-01-20 v7.01h Hypertext links for LaTeX

(/usr/share/texlive/texmf-dist/tex/generic/kvdefinekeys/kvdefinekeys.sty
Package: kvdefinekeys 2019-12-19 v1.6 Define keys (HO)
)
(/usr/share/texlive/texmf-dist/tex/latex/hycolor/hycolor.sty
Package: hycolor 2020-01-27 v1.10 Color options for hyperref/bookmark (HO)
)
(/usr/share/texlive/texmf-dist/tex/latex/auxhook/auxhook.sty
Package: auxhook 2019-12-17 v1.6 Hooks for auxiliary files (HO)
)
(/usr/share/texlive/texmf-dist/tex/latex/hyperref/nameref.sty
Package: nameref 2023-11-26 v2.56 Cross-referencing by name of section

(/usr/share/texlive/texmf-dist/tex/latex/refcount/refcount.sty
Package: refcount 2019/12/15 v3.6 Data extraction from label references (HO)
)
(/usr/share/texlive/texmf-dist/tex/generic/gettitlestring/gettitlestring.sty
Package: gettitlestring 2019/12/15 v1.6 Cleanup title references (HO)
)
\c@section@level=\count462
)
\@linkdim=\dimen300
\Hy@linkcounter=\count463
\Hy@pagecounter=\count464

(/usr/share/texlive/texmf-dist/tex/latex/hyperref/pd1enc.def
File: pd1enc.def 2024-01-20 v7.01h Hyperref: PDFDocEncoding definition (HO)
Now handling font encoding PD1 ...
... no UTF-8 mapping file for font encoding PD1
)
(/usr/share/texlive/texmf-dist/tex/generic/intcalc/intcalc.sty
Package: intcalc 2019/12/15 v1.3 Expandable calculations with integers (HO)
)
\Hy@SavedSpaceFactor=\count465

(/usr/share/texlive/texmf-dist/tex/latex/hyperref/puenc.def
File: puenc.def 2024-01-20 v7.01h Hyperref: PDF Unicode definition (HO)
Now handling font encoding PU ...
... no UTF-8 mapping file for font encoding PU
)
Package hyperref Info: Hyper figures OFF on input line 4179.
Package hyperref Info: Link nesting OFF on input line 4184.
Package hyperref Info: Hyper index ON on input line 4187.
Package hyperref Info: Plain pages OFF on input line 4194.
Package hyperref Info: Backreferencing OFF on input line 4199.
Package hyperref Info: Implicit mode ON; LaTeX internals redefined.
Package hyperref Info: Bookmarks ON on input line 4446.
\c@Hy@tempcnt=\count466
LaTeX Info: Redefining \url on input line 4784.
\XeTeXLinkMargin=\dimen301

(/usr/share/texlive/texmf-dist/tex/generic/bitset/bitset.sty
Package: bitset 2019/12/09 v1.3 Handle bit-vector datatype (HO)

(/usr/share/texlive/texmf-dist/tex/generic/bigintcalc/bigintcalc.sty
Package: bigintcalc 2019/12/15 v1.5 Expandable calculations on big integers (HO
)
))
\Fld@menulength=\count467
\Field@Width=\dimen302
\Fld@charsize=\dimen303
Package hyperref Info: Hyper figures OFF on input line 6063.
Package hyperref Info: Link nesting OFF on input line 6068.
Package hyperref Info: Hyper index ON on input line 6071.
Package hyperref Info: backreferencing OFF on input line 6078.
Package hyperref Info: Link coloring OFF on input line 6083.
Package hyperref Info: Link coloring with OCG OFF on input line 6088.
Package hyperref Info: PDF/A mode OFF on input line 6093.

(/usr/share/texlive/texmf-dist/tex/latex/base/atbegshi-ltx.sty
Package: atbegshi-ltx 2021/01/10 v1.0c Emulation of the original atbegshi
package with kernel methods
)
\Hy@abspage=\count468
\c@Item=\count469
\c@Hfootnote=\count470
)
Package hyperref Info: Driver (autodetected): hpdftex.

(/usr/share/texlive/texmf-dist/tex/latex/hyperref/hpdftex.def
File: hpdftex.def 2024-01-20 v7.01h Hyperref driver for pdfTeX

(/usr/share/texlive/texmf-dist/tex/latex/base/atveryend-ltx.sty
Package: atveryend-ltx 2020/08/19 v1.0a Emulation of the original atveryend pac
kage
with kernel methods
)
\Fld@listcount=\count471
\c@bookmark@seq@number=\count472

(/usr/share/texlive/texmf-dist/tex/latex/rerunfilecheck/rerunfilecheck.sty
Package: rerunfilecheck 2022-07-10 v1.10 Rerun checks for auxiliary files (HO)

(/usr/share/texlive/texmf-dist/tex/generic/uniquecounter/uniquecounter.sty
Package: uniquecounter 2019/12/15 v1.4 Provide unlimited unique counter (HO)
)
Package uniquecounter Info: New unique counter `rerunfilecheck' on input line 2
85.
)
\Hy@SectionHShift=\skip93
)

! LaTeX Error: Option clash for package hyperref.

See the LaTeX manual or LaTeX Companion for explanation.
Type  H <return>  for immediate help.
 ...                                              
                                                  
l.53 
     
The package hyperref has already been loaded with options:
  []
There has now been an attempt to load it with options
  [colorlinks=true, linkcolor=blue, refcolor=red, urlcolor=blue, backref=true, 
hyperindex=true, bookmarks=true, bookmarksopen=true]
Adding the global options:
  ,colorlinks=true, linkcolor=blue, refcolor=red, urlcolor=blue, backref=true, 
hyperindex=true, bookmarks=true, bookmarksopen=true
to your \documentclass declaration may fix this.
Try typing  <return>  to proceed.

Package hyperref Info: Option `colorlinks' set `true' on input line 65.

! Package kvsetkeys Error: Undefined key `refcolor'.

See the kvsetkeys package documentation for explanation.
Type  H <return>  for immediate help.
 ...                                              
                                                  
l.65 }
      
The keyval family of the key `refcolor' is `Hyp'.
The setting of the key is ignored because of the error.

Try typing  <return>  to proceed.
If that doesn't work, type  X <return>  to quit.


Package hyperref Warning: Option `backref' has already been used,
(hyperref)                setting the option has no effect on input line 65.


Package hyperref Warning: Option `hyperindex' has already been used,
(hyperref)                setting the option has no effect on input line 65.


Package hyperref Warning: Option `bookmarks' has already been used,
(hyperref)                setting the option has no effect on input line 65.

Package hyperref Info: Option `bookmarksopen' set `true' on input line 65.
(./polytechnique.sty
Package: polytechnique 2022/04/29 v1.3.10, standard scientific documents layout
 for Ecole polytechnique (Palaiseau,France).

(/usr/share/texlive/texmf-dist/tex/latex/geometry/geometry.sty
Package: geometry 2020/01/02 v5.9 Page Geometry

(/usr/share/texlive/texmf-dist/tex/generic/iftex/ifvtex.sty
Package: ifvtex 2019/10/25 v1.7 ifvtex legacy package. Use iftex instead.
)
\Gm@cnth=\count473
\Gm@cntv=\count474
\c@Gm@tempcnt=\count475
\Gm@bindingoffset=\dimen304
\Gm@wd@mp=\dimen305
\Gm@odd@mp=\dimen306
\Gm@even@mp=\dimen307
\Gm@layoutwidth=\dimen308
\Gm@layoutheight=\dimen309
\Gm@layouthoffset=\dimen310
\Gm@layoutvoffset=\dimen311
\Gm@dimlist=\toks45
)
(/usr/share/texlive/texmf-dist/tex/generic/iftex/ifpdf.sty
Package: ifpdf 2019/10/25 v3.4 ifpdf legacy package. Use iftex instead.
)
(/usr/share/texmf/tex/latex/lm/lmodern.sty
Package: lmodern 2015/05/01 v1.6.1 Latin Modern Fonts
LaTeX Font Info:    Overwriting symbol font `operators' in version `normal'
(Font)                  OT1/cmr/m/n --> OT1/lmr/m/n on input line 22.
LaTeX Font Info:    Overwriting symbol font `letters' in version `normal'
(Font)                  OML/cmm/m/it --> OML/lmm/m/it on input line 23.
LaTeX Font Info:    Overwriting symbol font `symbols' in version `normal'
(Font)                  OMS/cmsy/m/n --> OMS/lmsy/m/n on input line 24.
LaTeX Font Info:    Overwriting symbol font `largesymbols' in version `normal'
(Font)                  OMX/cmex/m/n --> OMX/lmex/m/n on input line 25.
LaTeX Font Info:    Overwriting symbol font `operators' in version `bold'
(Font)                  OT1/cmr/bx/n --> OT1/lmr/bx/n on input line 26.
LaTeX Font Info:    Overwriting symbol font `letters' in version `bold'
(Font)                  OML/cmm/b/it --> OML/lmm/b/it on input line 27.
LaTeX Font Info:    Overwriting symbol font `symbols' in version `bold'
(Font)                  OMS/cmsy/b/n --> OMS/lmsy/b/n on input line 28.
LaTeX Font Info:    Overwriting symbol font `largesymbols' in version `bold'
(Font)                  OMX/cmex/m/n --> OMX/lmex/m/n on input line 29.
LaTeX Font Info:    Overwriting math alphabet `\mathbf' in version `normal'
(Font)                  OT1/cmr/bx/n --> OT1/lmr/bx/n on input line 31.
LaTeX Font Info:    Overwriting math alphabet `\mathsf' in version `normal'
(Font)                  OT1/cmss/m/n --> OT1/lmss/m/n on input line 32.
LaTeX Font Info:    Overwriting math alphabet `\mathit' in version `normal'
(Font)                  OT1/cmr/m/it --> OT1/lmr/m/it on input line 33.
LaTeX Font Info:    Overwriting math alphabet `\mathtt' in version `normal'
(Font)                  OT1/cmtt/m/n --> OT1/lmtt/m/n on input line 34.
LaTeX Font Info:    Overwriting math alphabet `\mathbf' in version `bold'
(Font)                  OT1/cmr/bx/n --> OT1/lmr/bx/n on input line 35.
LaTeX Font Info:    Overwriting math alphabet `\mathsf' in version `bold'
(Font)                  OT1/cmss/bx/n --> OT1/lmss/bx/n on input line 36.
LaTeX Font Info:    Overwriting math alphabet `\mathit' in version `bold'
(Font)                  OT1/cmr/bx/it --> OT1/lmr/bx/it on input line 37.
LaTeX Font Info:    Overwriting math alphabet `\mathtt' in version `bold'
(Font)                  OT1/cmtt/m/n --> OT1/lmtt/m/n on input line 38.
)
(/usr/share/texlive/texmf-dist/tex/latex/titlesec/titlesec.sty
Package: titlesec 2023/10/27 v2.16 Sectioning titles
\ttl@box=\box86
\beforetitleunit=\skip94
\aftertitleunit=\skip95
\ttl@plus=\dimen312
\ttl@minus=\dimen313
\ttl@toksa=\toks46
\titlewidth=\dimen314
\titlewidthlast=\dimen315
\titlewidthfirst=\dimen316

(/usr/share/texlive/texmf-dist/tex/latex/titlesec/titleps.sty))
\margehaut=\skip96
\hauteurentete=\skip97
\separationentete=\skip98
\margecote=\skip99
\margecoteinterieur=\skip100
\margecoteexterieur=\skip101
\margebas=\skip102
\separationpied=\skip103
\hauteurlogohori=\skip104
\separationtitre=\skip105
\epaisseurtrait=\skip106
\separationlignestitre=\skip107
\separationtitrecorps=\skip108
\hauteurlogopage=\skip109
\separationentetelogo=\skip110
\largeurfiletpiedcentre=\skip111
\largeurlogovert=\skip112
\hauteurlogovert=\skip113
\largeurlogohori=\skip114
\distancetitrelogo=\skip115
\separationlogotrait=\skip116
\largeurminipage=\skip117
\distancetitrecorps=\skip118
\largeurtitreentete=\skip119
\decalageverticalentete=\skip120
)
(/usr/share/texlive/texmf-dist/tex/generic/babel/babel.sty
Package: babel 2024/01/07 v24.1 The Babel package
\babel@savecnt=\count476
\U@D=\dimen317
\l@unhyphenated=\language90

(/usr/share/texlive/texmf-dist/tex/generic/babel/txtbabel.def)
\bbl@readstream=\read5
\bbl@dirlevel=\count477

(/usr/share/texlive/texmf-dist/tex/generic/babel-english/english.ldf
Language: english 2017/06/06 v3.3r English support from the babel system
Package babel Info: Hyphen rules for 'canadian' set to \l@english
(babel)             (\language0). Reported on input line 102.
Package babel Info: Hyphen rules for 'australian' set to \l@ukenglish
(babel)             (\language43). Reported on input line 105.
Package babel Info: Hyphen rules for 'newzealand' set to \l@ukenglish
(babel)             (\language43). Reported on input line 108.
))
(/usr/share/texlive/texmf-dist/tex/generic/babel/locale/en/babel-english.tex
Package babel Info: Importing font and identification data for english
(babel)             from babel-en.ini. Reported on input line 11.
)
(/usr/share/texlive/texmf-dist/tex/latex/base/fontenc.sty
Package: fontenc 2021/04/29 v2.0v Standard LaTeX package
LaTeX Font Info:    Trying to load font information for T1+lmr on input line 11
2.

(/usr/share/texmf/tex/latex/lm/t1lmr.fd
File: t1lmr.fd 2015/05/01 v1.6.1 Font defs for Latin Modern
))
(/usr/share/texlive/texmf-dist/tex/latex/blindtext/blindtext.sty
Package: blindtext 2012/01/06 V2.0 blindtext-Package

(/usr/share/texlive/texmf-dist/tex/latex/tools/xspace.sty
Package: xspace 2014/10/28 v1.13 Space after command names (DPC,MH)
)
\c@blindtext=\count478
\c@Blindtext=\count479
\c@blind@countparstart=\count480
\blind@countxx=\count481
\blindtext@numBlindtext=\count482
\blind@countyy=\count483
\c@blindlist=\count484
\c@blindlistlevel=\count485
\c@blindlist@level=\count486
\blind@listitem=\count487
\c@blind@listcount=\count488
\c@blind@levelcount=\count489
\blind@mathformula=\count490
\blind@Mathformula=\count491
\c@blind@randomcount=\count492
\c@blind@randommax=\count493
\c@blind@pangramcount=\count494
\c@blind@pangrammax=\count495
)
(/usr/share/texlive/texmf-dist/tex/generic/pgf/frontendlayer/tikz/libraries/tik
zlibrarypositioning.code.tex
File: tikzlibrarypositioning.code.tex 2023-01-15 v3.1.10 (3.1.10)
)
(/usr/share/texlive/texmf-dist/tex/generic/pgf/frontendlayer/tikz/libraries/tik
zlibraryshadows.code.tex
File: tikzlibraryshadows.code.tex 2023-01-15 v3.1.10 (3.1.10)
)
(/usr/share/texlive/texmf-dist/tex/latex/listings/lstlang1.sty
File: lstlang1.sty 2023/02/27 1.9 listings language file
)
\c@theorem=\count496


! LaTeX Error: Missing \begin{document}.

See the LaTeX manual or LaTeX Companion for explanation.
Type  H <return>  for immediate help.
 ...                                              
                                                  
l.150 .
       
You're in trouble here.  Try typing  <return>  to proceed.
If that doesn't work, type  X <return>  to quit.


! LaTeX Error: Command \E already defined.
               Or name \end... illegal, see p.192 of the manual.

See the LaTeX manual or LaTeX Companion for explanation.
Type  H <return>  for immediate help.
 ...                                              
                                                  
l.182 \newcommand{\E}{\mathbb{E}}
                                 
Your command was ignored.
Type  I <command> <return>  to replace it with another command,
or  <return>  to continue without it.


! LaTeX Error: Command \Var already defined.
               Or name \end... illegal, see p.192 of the manual.

See the LaTeX manual or LaTeX Companion for explanation.
Type  H <return>  for immediate help.
 ...                                              
                                                  
l.183 \DeclareMathOperator{\Var}{Var}
                                     
Your command was ignored.
Type  I <command> <return>  to replace it with another command,
or  <return>  to continue without it.


! LaTeX Error: Command \indic already defined.
               Or name \end... illegal, see p.192 of the manual.

See the LaTeX manual or LaTeX Companion for explanation.
Type  H <return>  for immediate help.
 ...                                              
                                                  
l.184 \newcommand{\indic}{\mathbb{1}}
                                     
Your command was ignored.
Type  I <command> <return>  to replace it with another command,
or  <return>  to continue without it.


! LaTeX Error: Command \dd already defined.
               Or name \end... illegal, see p.192 of the manual.

See the LaTeX manual or LaTeX Companion for explanation.
Type  H <return>  for immediate help.
 ...                                              
                                                  
l.185 \newcommand{\dd}{\,d}
                           
Your command was ignored.
Type  I <command> <return>  to replace it with another command,
or  <return>  to continue without it.


! LaTeX Error: Command \Kop already defined.
               Or name \end... illegal, see p.192 of the manual.

See the LaTeX manual or LaTeX Companion for explanation.
Type  H <return>  for immediate help.
 ...                                              
                                                  
l.188 ...Kop}{\textcolor{kernelcolor}{\mathbf{K}}}
                                                  
Your command was ignored.
Type  I <command> <return>  to replace it with another command,
or  <return>  to continue without it.


! LaTeX Error: Command \Pop already defined.
               Or name \end... illegal, see p.192 of the manual.

See the LaTeX manual or LaTeX Companion for explanation.
Type  H <return>  for immediate help.
 ...                                              
                                                  
l.189 ...op}{\textcolor{sobolevcolor}{\mathbf{P}}}
                                                  
Your command was ignored.
Type  I <command> <return>  to replace it with another command,
or  <return>  to continue without it.


! LaTeX Error: Command \Kinf already defined.
               Or name \end... illegal, see p.192 of the manual.

See the LaTeX manual or LaTeX Companion for explanation.
Type  H <return>  for immediate help.
 ...                                              
                                                  
l.190 ...inf}{\textcolor{kernelcolor}{K^{\infty}}}
                                                  
Your command was ignored.
Type  I <command> <return>  to replace it with another command,
or  <return>  to continue without it.


! LaTeX Error: Command \Ps already defined.
               Or name \end... illegal, see p.192 of the manual.

See the LaTeX manual or LaTeX Companion for explanation.
Type  H <return>  for immediate help.
 ...                                              
                                                  
l.191 ...mmand{\Ps}{\textcolor{sobolevcolor}{P_s}}
                                                  
Your command was ignored.
Type  I <command> <return>  to replace it with another command,
or  <return>  to continue without it.


! LaTeX Error: Command \Ts already defined.
               Or name \end... illegal, see p.192 of the manual.

See the LaTeX manual or LaTeX Companion for explanation.
Type  H <return>  for immediate help.
 ...                                              
                                                  
l.192 \newcommand{\Ts}{\mathcal{T}_s}
                                     
Your command was ignored.
Type  I <command> <return>  to replace it with another command,
or  <return>  to continue without it.


! LaTeX Error: Command \rho already defined.
               Or name \end... illegal, see p.192 of the manual.

See the LaTeX manual or LaTeX Companion for explanation.
Type  H <return>  for immediate help.
 ...                                              
                                                  
l.197 ...ommand{\rho}{\textcolor{pinkcolor}{\rho}}
                                                  
Your command was ignored.
Type  I <command> <return>  to replace it with another command,
or  <return>  to continue without it.


! LaTeX Error: Command \d already defined.
               Or name \end... illegal, see p.192 of the manual.

See the LaTeX manual or LaTeX Companion for explanation.
Type  H <return>  for immediate help.
 ...                                              
                                                  
l.198 \newcommand{\d}{\textcolor{yellowcolor}{d}}
                                                 
Your command was ignored.
Type  I <command> <return>  to replace it with another command,
or  <return>  to continue without it.

Package hyperref Info: Option `colorlinks' set `true' on input line 255.

! Package kvsetkeys Error: Undefined key `refcolor'.

See the kvsetkeys package documentation for explanation.
Type  H <return>  for immediate help.
 ...                                              
                                                  
l.255 }
       
The keyval family of the key `refcolor' is `Hyp'.
The setting of the key is ignored because of the error.

Try typing  <return>  to proceed.
If that doesn't work, type  X <return>  to quit.


Package biblatex Warning: 'babel/polyglossia' detected but 'csquotes' missing.
(biblatex)                Loading 'csquotes' recommended.

\@quotelevel=\count497
\@quotereset=\count498
(./main3.aux

LaTeX Warning: Label `eq:hessian_ntk_k4' multiply defined.


LaTeX Warning: Label `eq:ntk_decomposition' multiply defined.


LaTeX Warning: Label `sec:appendix_recursive_derivation' multiply defined.

)
\openout1 = `main3.aux'.

LaTeX Font Info:    Checking defaults for OML/cmm/m/it on input line 259.
LaTeX Font Info:    ... okay on input line 259.
LaTeX Font Info:    Checking defaults for OMS/cmsy/m/n on input line 259.
LaTeX Font Info:    ... okay on input line 259.
LaTeX Font Info:    Checking defaults for OT1/cmr/m/n on input line 259.
LaTeX Font Info:    ... okay on input line 259.
LaTeX Font Info:    Checking defaults for T1/cmr/m/n on input line 259.
LaTeX Font Info:    ... okay on input line 259.
LaTeX Font Info:    Checking defaults for TS1/cmr/m/n on input line 259.
LaTeX Font Info:    ... okay on input line 259.
LaTeX Font Info:    Checking defaults for OMX/cmex/m/n on input line 259.
LaTeX Font Info:    ... okay on input line 259.
LaTeX Font Info:    Checking defaults for U/cmr/m/n on input line 259.
LaTeX Font Info:    ... okay on input line 259.
LaTeX Font Info:    Checking defaults for PD1/pdf/m/n on input line 259.
LaTeX Font Info:    ... okay on input line 259.
LaTeX Font Info:    Checking defaults for PU/pdf/m/n on input line 259.
LaTeX Font Info:    ... okay on input line 259.
 (/usr/share/texlive/texmf-dist/tex/context/base/mkii/supp-pdf.mkii
[Loading MPS to PDF converter (version 2006.09.02).]
\scratchcounter=\count499
\scratchdimen=\dimen318
\scratchbox=\box87
\nofMPsegments=\count500
\nofMParguments=\count501
\everyMPshowfont=\toks47
\MPscratchCnt=\count502
\MPscratchDim=\dimen319
\MPnumerator=\count503
\makeMPintoPDFobject=\count504
\everyMPtoPDFconversion=\toks48
) (/usr/share/texlive/texmf-dist/tex/latex/epstopdf-pkg/epstopdf-base.sty
Package: epstopdf-base 2020-01-24 v2.11 Base part for package epstopdf
Package epstopdf-base Info: Redefining graphics rule for `.eps' on input line 4
85.

(/usr/share/texlive/texmf-dist/tex/latex/latexconfig/epstopdf-sys.cfg
File: epstopdf-sys.cfg 2010/07/13 v1.3 Configuration of (r)epstopdf for TeX Liv
e
))
Package biblatex Info: Trying to load language 'english'...
Package biblatex Info: ... file 'english.lbx' found.

(/usr/share/texlive/texmf-dist/tex/latex/biblatex/lbx/english.lbx
File: english.lbx 2023/03/05 v3.19 biblatex localization (PK/MW)
)
Package biblatex Info: Input encoding 'utf8' detected.
Package biblatex Info: Automatic encoding selection.
(biblatex)             Assuming data encoding 'utf8'.
\openout3 = `main3.bcf'.

Package biblatex Info: Trying to load bibliographic data...
Package biblatex Info: ... file 'main3.bbl' not found.

No file main3.bbl.
Package biblatex Info: Reference section=0 on input line 259.
Package biblatex Info: Reference segment=0 on input line 259.
Package caption Info: Begin \AtBeginDocument code.
Package caption Info: subfig package v1.3 is loaded.
Package caption Info: hyperref package is loaded.
Package caption Info: listings package is loaded.
Package caption Info: longtable package is loaded.
(/usr/share/texlive/texmf-dist/tex/latex/caption/ltcaption.sty
Package: ltcaption 2021/01/08 v1.4c longtable captions (AR)
)
Package caption Info: End \AtBeginDocument code.
\c@lstlisting=\count505

(/usr/share/texlive/texmf-dist/tex/latex/base/inputenc.sty
Package: inputenc 2021/02/14 v1.3d Input encoding file
\inpenc@prehook=\toks49
\inpenc@posthook=\toks50
)
Package hyperref Info: Link coloring ON on input line 259.
 (./main3.out)
(./main3.out)
\@outlinefile=\write5
\openout5 = `main3.out'.


*geometry* driver: auto-detecting
*geometry* detected driver: pdftex
*geometry* verbose mode - [ preamble ] result:
* driver: pdftex
* paper: a4paper
* layout: <same size as paper>
* layoutoffset:(h,v)=(0.0pt,0.0pt)
* modes: 
* h-part:(L,W,R)=(56.9055pt, 483.69687pt, 56.9055pt)
* v-part:(T,H,B)=(113.81102pt, 631.65118pt, 99.58464pt)
* \paperwidth=597.50787pt
* \paperheight=845.04684pt
* \textwidth=483.69687pt
* \textheight=631.65118pt
* \oddsidemargin=-15.36449pt
* \evensidemargin=-15.36449pt
* \topmargin=-69.4247pt
* \headheight=76.82243pt
* \headsep=34.1433pt
* \topskip=10.0pt
* \footskip=49.79231pt
* \marginparwidth=57.0pt
* \marginparsep=11.0pt
* \columnsep=10.0pt
* \skip\footins=9.0pt plus 4.0pt minus 2.0pt
* \hoffset=0.0pt
* \voffset=0.0pt
* \mag=1000
* \@twocolumnfalse
* \@twosidefalse
* \@mparswitchfalse
* \@reversemarginfalse
* (1in=72.27pt=25.4mm, 1cm=28.453pt)

<umdlogo.png, id=639, 982.67125pt x 225.84375pt>
File: umdlogo.png Graphic file (type png)
<use umdlogo.png>
Package pdftex.def Info: umdlogo.png  used on input line 313.
(pdftex.def)             Requested size: 145.11053pt x 33.34784pt.
<polytechnique-logohori.pdf, id=640, 845.1575pt x 597.23125pt>
File: polytechnique-logohori.pdf Graphic file (type pdf)
<use polytechnique-logohori.pdf>
Package pdftex.def Info: polytechnique-logohori.pdf  used on input line 317.
(pdftex.def)             Requested size: 80.52292pt x 56.90158pt.
[1{/var/lib/texmf/fonts/map/pdftex/updmap/pdftex.map}{/usr/share/texmf/fonts/en
c/dvips/lm/lm-ec.enc}

 <./polytechnique-logohori.pdf> <./umdlogo.png>]
LaTeX Font Info:    Trying to load font information for T1+lmss on input line 3
18.

(/usr/share/texmf/tex/latex/lm/t1lmss.fd
File: t1lmss.fd 2015/05/01 v1.6.1 Font defs for Latin Modern
)
LaTeX Info: Redefining \\ on input line 318.
<polytechnique-filetlongrouge.pdf, id=652, 124.21407pt x 2.1681pt>
File: polytechnique-filetlongrouge.pdf Graphic file (type pdf)
<use polytechnique-filetlongrouge.pdf>
Package pdftex.def Info: polytechnique-filetlongrouge.pdf  used on input line 3
18.
(pdftex.def)             Requested size: 124.21375pt x 2.16808pt.
 (./main3.toc
LaTeX Font Info:    Trying to load font information for OT1+lmr on input line 8
.

(/usr/share/texmf/tex/latex/lm/ot1lmr.fd
File: ot1lmr.fd 2015/05/01 v1.6.1 Font defs for Latin Modern
)
LaTeX Font Info:    Trying to load font information for OML+lmm on input line 8
.

(/usr/share/texmf/tex/latex/lm/omllmm.fd
File: omllmm.fd 2015/05/01 v1.6.1 Font defs for Latin Modern
)
LaTeX Font Info:    Trying to load font information for OMS+lmsy on input line 
8.

(/usr/share/texmf/tex/latex/lm/omslmsy.fd
File: omslmsy.fd 2015/05/01 v1.6.1 Font defs for Latin Modern
)
LaTeX Font Info:    Trying to load font information for OMX+lmex on input line 
8.

(/usr/share/texmf/tex/latex/lm/omxlmex.fd
File: omxlmex.fd 2015/05/01 v1.6.1 Font defs for Latin Modern
)
LaTeX Font Info:    External font `lmex10' loaded for size
(Font)              <10> on input line 8.
LaTeX Font Info:    External font `lmex10' loaded for size
(Font)              <7> on input line 8.
LaTeX Font Info:    External font `lmex10' loaded for size
(Font)              <5> on input line 8.
LaTeX Font Info:    Trying to load font information for U+msa on input line 8.

(/usr/share/texlive/texmf-dist/tex/latex/amsfonts/umsa.fd
File: umsa.fd 2013/01/14 v3.01 AMS symbols A
)
LaTeX Font Info:    Trying to load font information for U+msb on input line 8.

(/usr/share/texlive/texmf-dist/tex/latex/amsfonts/umsb.fd
File: umsb.fd 2013/01/14 v3.01 AMS symbols B
)
File: polytechnique-logohori.pdf Graphic file (type pdf)
<use polytechnique-logohori.pdf>
Package pdftex.def Info: polytechnique-logohori.pdf  used on input line 47.
(pdftex.def)             Requested size: 80.52292pt x 56.90158pt.
 [2{/usr/share/texmf/fonts/enc/dvips/lm/lm-rm.enc}{/usr/share/texmf/fonts/enc/d
vips/lm/lm-mathit.enc} <./polytechnique-filetlongrouge.pdf>]
File: polytechnique-logohori.pdf Graphic file (type pdf)
<use polytechnique-logohori.pdf>
Package pdftex.def Info: polytechnique-logohori.pdf  used on input line 94.
(pdftex.def)             Requested size: 80.52292pt x 56.90158pt.
 [3]
File: polytechnique-logohori.pdf Graphic file (type pdf)
<use polytechnique-logohori.pdf>
Package pdftex.def Info: polytechnique-logohori.pdf  used on input line 148.
(pdftex.def)             Requested size: 80.52292pt x 56.90158pt.
 [4])
\tf@toc=\write6
\openout6 = `main3.toc'.

File: polytechnique-logohori.pdf Graphic file (type pdf)
<use polytechnique-logohori.pdf>
Package pdftex.def Info: polytechnique-logohori.pdf  used on input line 319.
(pdftex.def)             Requested size: 80.52292pt x 56.90158pt.
 [5]
LaTeX Info: Redefining \\ on input line 329.
File: polytechnique-filetlongrouge.pdf Graphic file (type pdf)
<use polytechnique-filetlongrouge.pdf>
Package pdftex.def Info: polytechnique-filetlongrouge.pdf  used on input line 3
29.
(pdftex.def)             Requested size: 124.21375pt x 2.16808pt.
LaTeX Info: Redefining \\ on input line 349.
File: polytechnique-filetlongrouge.pdf Graphic file (type pdf)
<use polytechnique-filetlongrouge.pdf>
Package pdftex.def Info: polytechnique-filetlongrouge.pdf  used on input line 3
49.
(pdftex.def)             Requested size: 124.21375pt x 2.16808pt.
File: polytechnique-logohori.pdf Graphic file (type pdf)
<use polytechnique-logohori.pdf>
Package pdftex.def Info: polytechnique-logohori.pdf  used on input line 356.
(pdftex.def)             Requested size: 80.52292pt x 56.90158pt.
 [6]
LaTeX Info: Redefining \\ on input line 375.
File: polytechnique-filetlongrouge.pdf Graphic file (type pdf)
<use polytechnique-filetlongrouge.pdf>
Package pdftex.def Info: polytechnique-filetlongrouge.pdf  used on input line 3
75.
(pdftex.def)             Requested size: 124.21375pt x 2.16808pt.
File: polytechnique-logohori.pdf Graphic file (type pdf)
<use polytechnique-logohori.pdf>
Package pdftex.def Info: polytechnique-logohori.pdf  used on input line 390.
(pdftex.def)             Requested size: 80.52292pt x 56.90158pt.
 [7]
LaTeX Info: Redefining \\ on input line 401.
File: polytechnique-filetlongrouge.pdf Graphic file (type pdf)
<use polytechnique-filetlongrouge.pdf>
Package pdftex.def Info: polytechnique-filetlongrouge.pdf  used on input line 4
01.
(pdftex.def)             Requested size: 124.21375pt x 2.16808pt.
<polytechnique-filetcourt.pdf, id=845, 28.40613pt x 2.1681pt>
File: polytechnique-filetcourt.pdf Graphic file (type pdf)
<use polytechnique-filetcourt.pdf>
Package pdftex.def Info: polytechnique-filetcourt.pdf  used on input line 434.
(pdftex.def)             Requested size: 28.40604pt x 2.16808pt.
File: polytechnique-logohori.pdf Graphic file (type pdf)
<use polytechnique-logohori.pdf>
Package pdftex.def Info: polytechnique-logohori.pdf  used on input line 458.
(pdftex.def)             Requested size: 80.52292pt x 56.90158pt.
 [8 <./polytechnique-filetcourt.pdf>]

! LaTeX Error: Unknown float option `,'.

See the LaTeX manual or LaTeX Companion for explanation.
Type  H <return>  for immediate help.
 ...                                              
                                                  
l.464 \begin{figure}[htbp,scale=0.8]
                                    
Option `,' ignored and `p' used.


! LaTeX Error: Unknown float option `s'.

See the LaTeX manual or LaTeX Companion for explanation.
Type  H <return>  for immediate help.
 ...                                              
                                                  
l.464 \begin{figure}[htbp,scale=0.8]
                                    
Option `s' ignored and `p' used.


! LaTeX Error: Unknown float option `c'.

See the LaTeX manual or LaTeX Companion for explanation.
Type  H <return>  for immediate help.
 ...                                              
                                                  
l.464 \begin{figure}[htbp,scale=0.8]
                                    
Option `c' ignored and `p' used.


! LaTeX Error: Unknown float option `a'.

See the LaTeX manual or LaTeX Companion for explanation.
Type  H <return>  for immediate help.
 ...                                              
                                                  
l.464 \begin{figure}[htbp,scale=0.8]
                                    
Option `a' ignored and `p' used.


! LaTeX Error: Unknown float option `l'.

See the LaTeX manual or LaTeX Companion for explanation.
Type  H <return>  for immediate help.
 ...                                              
                                                  
l.464 \begin{figure}[htbp,scale=0.8]
                                    
Option `l' ignored and `p' used.


! LaTeX Error: Unknown float option `e'.

See the LaTeX manual or LaTeX Companion for explanation.
Type  H <return>  for immediate help.
 ...                                              
                                                  
l.464 \begin{figure}[htbp,scale=0.8]
                                    
Option `e' ignored and `p' used.


! LaTeX Error: Unknown float option `='.

See the LaTeX manual or LaTeX Companion for explanation.
Type  H <return>  for immediate help.
 ...                                              
                                                  
l.464 \begin{figure}[htbp,scale=0.8]
                                    
Option `=' ignored and `p' used.


! LaTeX Error: Unknown float option `0'.

See the LaTeX manual or LaTeX Companion for explanation.
Type  H <return>  for immediate help.
 ...                                              
                                                  
l.464 \begin{figure}[htbp,scale=0.8]
                                    
Option `0' ignored and `p' used.


! LaTeX Error: Unknown float option `.'.

See the LaTeX manual or LaTeX Companion for explanation.
Type  H <return>  for immediate help.
 ...                                              
                                                  
l.464 \begin{figure}[htbp,scale=0.8]
                                    
Option `.' ignored and `p' used.


! LaTeX Error: Unknown float option `8'.

See the LaTeX manual or LaTeX Companion for explanation.
Type  H <return>  for immediate help.
 ...                                              
                                                  
l.464 \begin{figure}[htbp,scale=0.8]
                                    
Option `8' ignored and `p' used.

LaTeX Font Info:    External font `lmex10' loaded for size
(Font)              <8> on input line 484.
LaTeX Font Info:    External font `lmex10' loaded for size
(Font)              <6> on input line 484.

Overfull \hbox (52.38512pt too wide) in paragraph at lines 529--530
 [][] 
 []

File: polytechnique-logohori.pdf Graphic file (type pdf)
<use polytechnique-logohori.pdf>
Package pdftex.def Info: polytechnique-logohori.pdf  used on input line 534.
(pdftex.def)             Requested size: 80.52292pt x 56.90158pt.
[9]
File: polytechnique-logohori.pdf Graphic file (type pdf)
<use polytechnique-logohori.pdf>
Package pdftex.def Info: polytechnique-logohori.pdf  used on input line 534.
(pdftex.def)             Requested size: 80.52292pt x 56.90158pt.
 [10{/usr/share/texmf/fonts/enc/dvips/lm/lm-mathsy.enc}]
LaTeX Info: Redefining \\ on input line 549.
File: polytechnique-filetlongrouge.pdf Graphic file (type pdf)
<use polytechnique-filetlongrouge.pdf>
Package pdftex.def Info: polytechnique-filetlongrouge.pdf  used on input line 5
49.
(pdftex.def)             Requested size: 124.21375pt x 2.16808pt.
LaTeX Font Info:    Trying to load font information for TS1+lmr on input line 5
53.

(/usr/share/texmf/tex/latex/lm/ts1lmr.fd
File: ts1lmr.fd 2015/05/01 v1.6.1 Font defs for Latin Modern
)
Underfull \hbox (badness 1824) in paragraph at lines 559--560
[]|\T1/lmr/m/n/10 Unit sphere of di-
 []


Underfull \hbox (badness 1314) in paragraph at lines 560--561
[]|\T1/lmr/m/n/10 Variance of a ran-
 []


Underfull \hbox (badness 1442) in paragraph at lines 561--561
[]|\T1/lmr/m/n/10 Covariance be-tween
 []


Underfull \hbox (badness 10000) in paragraph at lines 574--574
[]|\T1/lmr/m/n/10 Weight ma-trix of
 []


Underfull \hbox (badness 4353) in paragraph at lines 576--576
[]|\T1/lmr/m/n/10 Diagonal deriva-tive
 []


Underfull \hbox (badness 3590) in paragraph at lines 577--578
[]|\T1/lmr/m/n/10 Number of hid-den
 []


Underfull \hbox (badness 10000) in paragraph at lines 578--578
[]|\T1/lmr/m/n/10 Directional deriva-
 []


Underfull \hbox (badness 2065) in paragraph at lines 587--587
[]|\T1/lmr/m/n/10 Discrete NTK ma-
 []


Underfull \hbox (badness 2573) in paragraph at lines 587--588
[]|\T1/lmr/m/n/10 Infinite-width NTK
 []


Underfull \hbox (badness 10000) in paragraph at lines 589--590
[]|\T1/lmr/m/n/10 Initial co-sine dis-
 []


Underfull \hbox (badness 10000) in paragraph at lines 590--591
[]|$\OML/lmm/m/it/10 r$\T1/lmr/m/n/10 -th or-der ker-nel
 []

File: polytechnique-logohori.pdf Graphic file (type pdf)
<use polytechnique-logohori.pdf>
Package pdftex.def Info: polytechnique-logohori.pdf  used on input line 595.
(pdftex.def)             Requested size: 80.52292pt x 56.90158pt.
[11]
Overfull \vbox (23.9476pt too high) has occurred while \output is active []

File: polytechnique-logohori.pdf Graphic file (type pdf)
<use polytechnique-logohori.pdf>
Package pdftex.def Info: polytechnique-logohori.pdf  used on input line 595.
(pdftex.def)             Requested size: 80.52292pt x 56.90158pt.

[12{/usr/share/texmf/fonts/enc/dvips/lm/lm-ts1.enc}]
Underfull \hbox (badness 1142) in paragraph at lines 605--605
[]|\T1/lmr/m/n/10 Continuous Sobolev
 []


Underfull \hbox (badness 10000) in paragraph at lines 607--608
[]|\T1/lmr/m/n/10 Laplace-Beltrami
 []


Underfull \hbox (badness 3428) in paragraph at lines 628--628
[]|\T1/lmr/m/n/10 Eigenvalues at de-
 []


Underfull \hbox (badness 10000) in paragraph at lines 629--629
[]|\T1/lmr/m/n/10 Maximum eigen-
 []


Underfull \hbox (badness 10000) in paragraph at lines 630--630
[]|\T1/lmr/m/n/10 Constants de-pend-
 []


Underfull \hbox (badness 10000) in paragraph at lines 631--632
[]|\T1/lmr/m/n/10 Normalized NTK
 []


Underfull \hbox (badness 3930) in paragraph at lines 642--642
[]|\T1/lmr/m/n/10 Composite learn-ing
 []


Underfull \hbox (badness 4940) in paragraph at lines 648--648
[]|\T1/lmr/m/n/10 Propagation op-er-a-
 []


Overfull \vbox (63.7808pt too high) has occurred while \output is active []

File: polytechnique-logohori.pdf Graphic file (type pdf)
<use polytechnique-logohori.pdf>
Package pdftex.def Info: polytechnique-logohori.pdf  used on input line 653.
(pdftex.def)             Requested size: 80.52292pt x 56.90158pt.

[13]
LaTeX Info: Redefining \\ on input line 667.
File: polytechnique-filetlongrouge.pdf Graphic file (type pdf)
<use polytechnique-filetlongrouge.pdf>
Package pdftex.def Info: polytechnique-filetlongrouge.pdf  used on input line 6
67.
(pdftex.def)             Requested size: 124.21375pt x 2.16808pt.


Package hyperref Warning: Difference (2) between bookmark levels is greater 
(hyperref)                than one, level fixed on input line 669.

File: polytechnique-filetcourt.pdf Graphic file (type pdf)
<use polytechnique-filetcourt.pdf>
Package pdftex.def Info: polytechnique-filetcourt.pdf  used on input line 714.
(pdftex.def)             Requested size: 28.40604pt x 2.16808pt.
File: polytechnique-logohori.pdf Graphic file (type pdf)
<use polytechnique-logohori.pdf>
Package pdftex.def Info: polytechnique-logohori.pdf  used on input line 716.
(pdftex.def)             Requested size: 80.52292pt x 56.90158pt.
[14{/usr/share/texmf/fonts/enc/dvips/lm/lm-mathex.enc}]
File: polytechnique-logohori.pdf Graphic file (type pdf)
<use polytechnique-logohori.pdf>
Package pdftex.def Info: polytechnique-logohori.pdf  used on input line 742.
(pdftex.def)             Requested size: 80.52292pt x 56.90158pt.
 [15]
File: polytechnique-logohori.pdf Graphic file (type pdf)
<use polytechnique-logohori.pdf>
Package pdftex.def Info: polytechnique-logohori.pdf  used on input line 756.
(pdftex.def)             Requested size: 80.52292pt x 56.90158pt.
 [16]
LaTeX Info: Redefining \\ on input line 757.
File: polytechnique-filetlongrouge.pdf Graphic file (type pdf)
<use polytechnique-filetlongrouge.pdf>
Package pdftex.def Info: polytechnique-filetlongrouge.pdf  used on input line 7
57.
(pdftex.def)             Requested size: 124.21375pt x 2.16808pt.


Package hyperref Warning: Difference (2) between bookmark levels is greater 
(hyperref)                than one, level fixed on input line 758.

File: polytechnique-filetcourt.pdf Graphic file (type pdf)
<use polytechnique-filetcourt.pdf>
Package pdftex.def Info: polytechnique-filetcourt.pdf  used on input line 781.
(pdftex.def)             Requested size: 28.40604pt x 2.16808pt.
File: polytechnique-logohori.pdf Graphic file (type pdf)
<use polytechnique-logohori.pdf>
Package pdftex.def Info: polytechnique-logohori.pdf  used on input line 801.
(pdftex.def)             Requested size: 80.52292pt x 56.90158pt.
[17]
File: polytechnique-filetcourt.pdf Graphic file (type pdf)
<use polytechnique-filetcourt.pdf>
Package pdftex.def Info: polytechnique-filetcourt.pdf  used on input line 882.
(pdftex.def)             Requested size: 28.40604pt x 2.16808pt.
File: polytechnique-logohori.pdf Graphic file (type pdf)
<use polytechnique-logohori.pdf>
Package pdftex.def Info: polytechnique-logohori.pdf  used on input line 927.
(pdftex.def)             Requested size: 80.52292pt x 56.90158pt.
 [18]

! LaTeX Error: There's no line here to end.

See the LaTeX manual or LaTeX Companion for explanation.
Type  H <return>  for immediate help.
 ...                                              
                                                  
l.943 \newline
              
Your command was ignored.
Type  I <command> <return>  to replace it with another command,
or  <return>  to continue without it.

LaTeX Font Info:    External font `lmex10' loaded for size
(Font)              <9> on input line 987.

! Package tikz Error: You need to load a decoration library.

See the tikz package documentation for explanation.
Type  H <return>  for immediate help.
 ...                                              
                                                  
l.1018 ...e,amplitude=8pt,mirror,raise=4pt},thick]
                                                  
This error message was generated by an \errmessage
command, so I can't give any explicit help.
Pretend that you're Hercule Poirot: Examine all clues,
and deduce the truth by order and method.


! Package pgfkeys Error: I do not know the key '/tikz/decoration', to which you
 passed 'brace,amplitude=8pt,mirror,raise=4pt', and I am going to ignore it. Pe
rhaps you misspelled it.

See the pgfkeys package documentation for explanation.
Type  H <return>  for immediate help.
 ...                                              
                                                  
l.1018 ...e,amplitude=8pt,mirror,raise=4pt},thick]
                                                  
(That was another \errmessage.)

File: polytechnique-filetcourt.pdf Graphic file (type pdf)
<use polytechnique-filetcourt.pdf>
Package pdftex.def Info: polytechnique-filetcourt.pdf  used on input line 1053.

(pdftex.def)             Requested size: 28.40604pt x 2.16808pt.
File: polytechnique-logohori.pdf Graphic file (type pdf)
<use polytechnique-logohori.pdf>
Package pdftex.def Info: polytechnique-logohori.pdf  used on input line 1066.
(pdftex.def)             Requested size: 80.52292pt x 56.90158pt.
[19]
File: polytechnique-logohori.pdf Graphic file (type pdf)
<use polytechnique-logohori.pdf>
Package pdftex.def Info: polytechnique-logohori.pdf  used on input line 1087.
(pdftex.def)             Requested size: 80.52292pt x 56.90158pt.
 [20]
Overfull \hbox (1.84966pt too wide) in paragraph at lines 1122--1122
|\T1/lmr/m/sc/14.4 2.4 Per-sonal con-tri-bu-tion : Sobolev Gra-di-ent De-scent 
in Fourier
 []

File: polytechnique-filetcourt.pdf Graphic file (type pdf)
<use polytechnique-filetcourt.pdf>
Package pdftex.def Info: polytechnique-filetcourt.pdf  used on input line 1122.

(pdftex.def)             Requested size: 28.40604pt x 2.16808pt.
File: polytechnique-logohori.pdf Graphic file (type pdf)
<use polytechnique-logohori.pdf>
Package pdftex.def Info: polytechnique-logohori.pdf  used on input line 1140.
(pdftex.def)             Requested size: 80.52292pt x 56.90158pt.
[21]
File: polytechnique-filetcourt.pdf Graphic file (type pdf)
<use polytechnique-filetcourt.pdf>
Package pdftex.def Info: polytechnique-filetcourt.pdf  used on input line 1163.

(pdftex.def)             Requested size: 28.40604pt x 2.16808pt.
File: polytechnique-logohori.pdf Graphic file (type pdf)
<use polytechnique-logohori.pdf>
Package pdftex.def Info: polytechnique-logohori.pdf  used on input line 1176.
(pdftex.def)             Requested size: 80.52292pt x 56.90158pt.
 [22]
File: polytechnique-logohori.pdf Graphic file (type pdf)
<use polytechnique-logohori.pdf>
Package pdftex.def Info: polytechnique-logohori.pdf  used on input line 1217.
(pdftex.def)             Requested size: 80.52292pt x 56.90158pt.
 [23]
LaTeX Info: Redefining \\ on input line 1218.
File: polytechnique-filetlongrouge.pdf Graphic file (type pdf)
<use polytechnique-filetlongrouge.pdf>
Package pdftex.def Info: polytechnique-filetlongrouge.pdf  used on input line 1
218.
(pdftex.def)             Requested size: 124.21375pt x 2.16808pt.
File: polytechnique-logohori.pdf Graphic file (type pdf)
<use polytechnique-logohori.pdf>
Package pdftex.def Info: polytechnique-logohori.pdf  used on input line 1258.
(pdftex.def)             Requested size: 80.52292pt x 56.90158pt.
 [24]
LaTeX Info: Redefining \\ on input line 1264.
File: polytechnique-filetlongrouge.pdf Graphic file (type pdf)
<use polytechnique-filetlongrouge.pdf>
Package pdftex.def Info: polytechnique-filetlongrouge.pdf  used on input line 1
264.
(pdftex.def)             Requested size: 124.21375pt x 2.16808pt.
File: polytechnique-filetcourt.pdf Graphic file (type pdf)
<use polytechnique-filetcourt.pdf>
Package pdftex.def Info: polytechnique-filetcourt.pdf  used on input line 1266.

(pdftex.def)             Requested size: 28.40604pt x 2.16808pt.

Overfull \hbox (0.76938pt too wide) in paragraph at lines 1287--1287
|\T1/lmr/m/sc/14.4 4.2 Multi-Component Multi-layer Neu-ral Net-works (MMNN) and

 []

File: polytechnique-filetcourt.pdf Graphic file (type pdf)
<use polytechnique-filetcourt.pdf>
Package pdftex.def Info: polytechnique-filetcourt.pdf  used on input line 1287.

(pdftex.def)             Requested size: 28.40604pt x 2.16808pt.
File: polytechnique-logohori.pdf Graphic file (type pdf)
<use polytechnique-logohori.pdf>
Package pdftex.def Info: polytechnique-logohori.pdf  used on input line 1291.
(pdftex.def)             Requested size: 80.52292pt x 56.90158pt.
[25]
File: polytechnique-logohori.pdf Graphic file (type pdf)
<use polytechnique-logohori.pdf>
Package pdftex.def Info: polytechnique-logohori.pdf  used on input line 1323.
(pdftex.def)             Requested size: 80.52292pt x 56.90158pt.
 [26]
File: polytechnique-logohori.pdf Graphic file (type pdf)
<use polytechnique-logohori.pdf>
Package pdftex.def Info: polytechnique-logohori.pdf  used on input line 1325.
(pdftex.def)             Requested size: 80.52292pt x 56.90158pt.
 [27]
LaTeX Info: Redefining \\ on input line 1327.
File: polytechnique-filetlongrouge.pdf Graphic file (type pdf)
<use polytechnique-filetlongrouge.pdf>
Package pdftex.def Info: polytechnique-filetlongrouge.pdf  used on input line 1
327.
(pdftex.def)             Requested size: 124.21375pt x 2.16808pt.

! Undefined control sequence.
<recently read> \bm 
                    
l.1427     \node at (1.5,3) {$\bm
                                 {W}^{(1)}$};
The control sequence at the end of the top line
of your error message was never \def'ed. If you have
misspelled it (e.g., `\hobx'), type `I' and the correct
spelling (e.g., `I\hbox'). Otherwise just continue,
and I'll forget about whatever was undefined.

! Undefined control sequence.
<recently read> \bm 
                    
l.1428     \node at (4.5,2) {$\bm
                                 {A}^{(1)}$};
The control sequence at the end of the top line
of your error message was never \def'ed. If you have
misspelled it (e.g., `\hobx'), type `I' and the correct
spelling (e.g., `I\hbox'). Otherwise just continue,
and I'll forget about whatever was undefined.

! Undefined control sequence.
<recently read> \bm 
                    
l.1429     \node at (7.5,2) {$\bm
                                 {W}^{(2)}$};
The control sequence at the end of the top line
of your error message was never \def'ed. If you have
misspelled it (e.g., `\hobx'), type `I' and the correct
spelling (e.g., `I\hbox'). Otherwise just continue,
and I'll forget about whatever was undefined.

! Undefined control sequence.
<recently read> \bm 
                    
l.1430     \node at (10.5,1.5) {$\bm
                                    {A}^{(2)}$};
The control sequence at the end of the top line
of your error message was never \def'ed. If you have
misspelled it (e.g., `\hobx'), type `I' and the correct
spelling (e.g., `I\hbox'). Otherwise just continue,
and I'll forget about whatever was undefined.

! Undefined control sequence.
<argument> ... only train the output weights $\bm 
                                                  {A}^{(1)}$ and $\bm {A}^{(...
l.1439 ...ghts $\bm{A}^{(1)}$ and $\bm{A}^{(2)}$.}
                                                  
The control sequence at the end of the top line
of your error message was never \def'ed. If you have
misspelled it (e.g., `\hobx'), type `I' and the correct
spelling (e.g., `I\hbox'). Otherwise just continue,
and I'll forget about whatever was undefined.

! Undefined control sequence.
<argument> ...ut weights $\bm {A}^{(1)}$ and $\bm 
                                                  {A}^{(2)}$.}}{\thepage }{\...
l.1439 ...ghts $\bm{A}^{(1)}$ and $\bm{A}^{(2)}$.}
                                                  
The control sequence at the end of the top line
of your error message was never \def'ed. If you have
misspelled it (e.g., `\hobx'), type `I' and the correct
spelling (e.g., `I\hbox'). Otherwise just continue,
and I'll forget about whatever was undefined.

! Undefined control sequence.
<recently read> \bm 
                    
l.1439 ...ghts $\bm{A}^{(1)}$ and $\bm{A}^{(2)}$.}
                                                  
The control sequence at the end of the top line
of your error message was never \def'ed. If you have
misspelled it (e.g., `\hobx'), type `I' and the correct
spelling (e.g., `I\hbox'). Otherwise just continue,
and I'll forget about whatever was undefined.

! Undefined control sequence.
<recently read> \bm 
                    
l.1439 ...ghts $\bm{A}^{(1)}$ and $\bm{A}^{(2)}$.}
                                                  
The control sequence at the end of the top line
of your error message was never \def'ed. If you have
misspelled it (e.g., `\hobx'), type `I' and the correct
spelling (e.g., `I\hbox'). Otherwise just continue,
and I'll forget about whatever was undefined.

! Undefined control sequence.
<recently read> \bm 
                    
l.1439 ...ghts $\bm{A}^{(1)}$ and $\bm{A}^{(2)}$.}
                                                  
The control sequence at the end of the top line
of your error message was never \def'ed. If you have
misspelled it (e.g., `\hobx'), type `I' and the correct
spelling (e.g., `I\hbox'). Otherwise just continue,
and I'll forget about whatever was undefined.

! Undefined control sequence.
<recently read> \bm 
                    
l.1439 ...ghts $\bm{A}^{(1)}$ and $\bm{A}^{(2)}$.}
                                                  
The control sequence at the end of the top line
of your error message was never \def'ed. If you have
misspelled it (e.g., `\hobx'), type `I' and the correct
spelling (e.g., `I\hbox'). Otherwise just continue,
and I'll forget about whatever was undefined.

File: polytechnique-filetcourt.pdf Graphic file (type pdf)
<use polytechnique-filetcourt.pdf>
Package pdftex.def Info: polytechnique-filetcourt.pdf  used on input line 1444.

(pdftex.def)             Requested size: 28.40604pt x 2.16808pt.
! Undefined control sequence.
<recently read> \bm 
                    
l.1447 ...MNN} of depth $L$. Let the input be $\bm
                                                  {h}^{(0)}(\bm{x}) = \bm{x}...
The control sequence at the end of the top line
of your error message was never \def'ed. If you have
misspelled it (e.g., `\hobx'), type `I' and the correct
spelling (e.g., `I\hbox'). Otherwise just continue,
and I'll forget about whatever was undefined.

! Undefined control sequence.
l.1447 ... $L$. Let the input be $\bm{h}^{(0)}(\bm
                                                  {x}) = \bm{x} \in \mathbb{...
The control sequence at the end of the top line
of your error message was never \def'ed. If you have
misspelled it (e.g., `\hobx'), type `I' and the correct
spelling (e.g., `I\hbox'). Otherwise just continue,
and I'll forget about whatever was undefined.

! Undefined control sequence.
l.1447 ...the input be $\bm{h}^{(0)}(\bm{x}) = \bm
                                                  {x} \in \mathbb{R}^{d_0}$....
The control sequence at the end of the top line
of your error message was never \def'ed. If you have
misspelled it (e.g., `\hobx'), type `I' and the correct
spelling (e.g., `I\hbox'). Otherwise just continue,
and I'll forget about whatever was undefined.

! Undefined control sequence.
<recently read> \bm 
                    
l.1447 ...er $\ell = 1, \dots, L$, the output $\bm
                                                  {h}^{(\ell)}$ is defined r...
The control sequence at the end of the top line
of your error message was never \def'ed. If you have
misspelled it (e.g., `\hobx'), type `I' and the correct
spelling (e.g., `I\hbox'). Otherwise just continue,
and I'll forget about whatever was undefined.

! Undefined control sequence.
l.1450     \bm
              {h}^{(\ell)}(\bm{x}) = \frac{\sigma_A}{\sqrt{n_\ell}} \sum_{j=...
The control sequence at the end of the top line
of your error message was never \def'ed. If you have
misspelled it (e.g., `\hobx'), type `I' and the correct
spelling (e.g., `I\hbox'). Otherwise just continue,
and I'll forget about whatever was undefined.

! Undefined control sequence.
l.1450     \bm{h}^{(\ell)}(\bm
                              {x}) = \frac{\sigma_A}{\sqrt{n_\ell}} \sum_{j=...
The control sequence at the end of the top line
of your error message was never \def'ed. If you have
misspelled it (e.g., `\hobx'), type `I' and the correct
spelling (e.g., `I\hbox'). Otherwise just continue,
and I'll forget about whatever was undefined.

! Undefined control sequence.
l.1450 ...}{\sqrt{n_\ell}} \sum_{j=1}^{n_\ell} \bm
                                                  {A}_j^{(\ell)} \ReLU\left(...
The control sequence at the end of the top line
of your error message was never \def'ed. If you have
misspelled it (e.g., `\hobx'), type `I' and the correct
spelling (e.g., `I\hbox'). Otherwise just continue,
and I'll forget about whatever was undefined.

! Undefined control sequence.
l.1450 ...n_\ell} \bm{A}_j^{(\ell)} \ReLU\left(\bm
                                                  {w}_j^{(\ell)\top} \bm{h}^...
The control sequence at the end of the top line
of your error message was never \def'ed. If you have
misspelled it (e.g., `\hobx'), type `I' and the correct
spelling (e.g., `I\hbox'). Otherwise just continue,
and I'll forget about whatever was undefined.

! Undefined control sequence.
l.1450 ...l)} \ReLU\left(\bm{w}_j^{(\ell)\top} \bm
                                                  {h}^{(\ell-1)}(\bm{x}) + \...
The control sequence at the end of the top line
of your error message was never \def'ed. If you have
misspelled it (e.g., `\hobx'), type `I' and the correct
spelling (e.g., `I\hbox'). Otherwise just continue,
and I'll forget about whatever was undefined.

! Undefined control sequence.
l.1450 ...{w}_j^{(\ell)\top} \bm{h}^{(\ell-1)}(\bm
                                                  {x}) + \beta b_j^{(\ell)}\...
The control sequence at the end of the top line
of your error message was never \def'ed. If you have
misspelled it (e.g., `\hobx'), type `I' and the correct
spelling (e.g., `I\hbox'). Otherwise just continue,
and I'll forget about whatever was undefined.

! Undefined control sequence.
l.1450 ...\beta b_j^{(\ell)}\right) + \sigma_c \bm
                                                  {c}^{(\ell)}
The control sequence at the end of the top line
of your error message was never \def'ed. If you have
misspelled it (e.g., `\hobx'), type `I' and the correct
spelling (e.g., `I\hbox'). Otherwise just continue,
and I'll forget about whatever was undefined.

! Undefined control sequence.
<recently read> \bm 
                    
l.1453 ...l$ is the width of layer $\ell$ and $\bm
                                                  {h}^{(\ell)} \in \mathbb{R...
The control sequence at the end of the top line
of your error message was never \def'ed. If you have
misspelled it (e.g., `\hobx'), type `I' and the correct
spelling (e.g., `I\hbox'). Otherwise just continue,
and I'll forget about whatever was undefined.

! Undefined control sequence.
l.1461 ...e Parameters:} The output weights $\{\bm
                                                  {A}_j^{(\ell)}\}_{j=1}^{n_...
The control sequence at the end of the top line
of your error message was never \def'ed. If you have
misspelled it (e.g., `\hobx'), type `I' and the correct
spelling (e.g., `I\hbox'). Otherwise just continue,
and I'll forget about whatever was undefined.

! Undefined control sequence.
<recently read> \bm 
                    
l.1461 ...\ell)}\}_{j=1}^{n_\ell}$ and biases $\bm
                                                  {c}^{(\ell)}$ are optimize...
The control sequence at the end of the top line
of your error message was never \def'ed. If you have
misspelled it (e.g., `\hobx'), type `I' and the correct
spelling (e.g., `I\hbox'). Otherwise just continue,
and I'll forget about whatever was undefined.

! Undefined control sequence.
<recently read> \bm 
                    
l.1465 \item The weights $\bm
                             {A}_j^{(\ell)} \sim \mathcal{N}(0, 1)$. The ter...
The control sequence at the end of the top line
of your error message was never \def'ed. If you have
misspelled it (e.g., `\hobx'), type `I' and the correct
spelling (e.g., `I\hbox'). Otherwise just continue,
and I'll forget about whatever was undefined.

! Undefined control sequence.
<recently read> \bm 
                    
l.1466 \item The bias $\bm
                          {c}^{(\ell)} \sim \mathcal{N}(0, 1)$ is initialize...
The control sequence at the end of the top line
of your error message was never \def'ed. If you have
misspelled it (e.g., `\hobx'), type `I' and the correct
spelling (e.g., `I\hbox'). Otherwise just continue,
and I'll forget about whatever was undefined.

! Undefined control sequence.
<recently read> \bm 
                    
l.1469 ...ndom Parameters:} The input weights $\bm
                                                  {w}_j^{(\ell)}$ and biases...
The control sequence at the end of the top line
of your error message was never \def'ed. If you have
misspelled it (e.g., `\hobx'), type `I' and the correct
spelling (e.g., `I\hbox'). Otherwise just continue,
and I'll forget about whatever was undefined.

File: polytechnique-logohori.pdf Graphic file (type pdf)
<use polytechnique-logohori.pdf>
Package pdftex.def Info: polytechnique-logohori.pdf  used on input line 1471.
(pdftex.def)             Requested size: 80.52292pt x 56.90158pt.
[28]
Overfull \hbox (11.76259pt too wide) in paragraph at lines 1483--1483
|\T1/lmr/m/sc/14.4 5.2 Per-sonal con-tri-bu-tion : Pa-ram-e-ter-i-za-tion and T
rain-ing Regime| 
 []

File: polytechnique-filetcourt.pdf Graphic file (type pdf)
<use polytechnique-filetcourt.pdf>
Package pdftex.def Info: polytechnique-filetcourt.pdf  used on input line 1483.

(pdftex.def)             Requested size: 28.40604pt x 2.16808pt.
! Undefined control sequence.
<recently read> \bm 
                    
l.1509 ...hen $n_\ell \to \infty$, the output $\bm
                                                  {h}^{(\ell)}(\bm{x})$ conv...
The control sequence at the end of the top line
of your error message was never \def'ed. If you have
misspelled it (e.g., `\hobx'), type `I' and the correct
spelling (e.g., `I\hbox'). Otherwise just continue,
and I'll forget about whatever was undefined.

! Undefined control sequence.
l.1509 ...\infty$, the output $\bm{h}^{(\ell)}(\bm
                                                  {x})$ converges in
The control sequence at the end of the top line
of your error message was never \def'ed. If you have
misspelled it (e.g., `\hobx'), type `I' and the correct
spelling (e.g., `I\hbox'). Otherwise just continue,
and I'll forget about whatever was undefined.

! Undefined control sequence.
l.1514 \mathcal{K}_{NNGP}^{(\ell | \ell-1 )}(\bm
                                                {x}, \bm{x}') = \text{Cov}\l...
The control sequence at the end of the top line
of your error message was never \def'ed. If you have
misspelled it (e.g., `\hobx'), type `I' and the correct
spelling (e.g., `I\hbox'). Otherwise just continue,
and I'll forget about whatever was undefined.

! Undefined control sequence.
l.1514 ...K}_{NNGP}^{(\ell | \ell-1 )}(\bm{x}, \bm
                                                  {x}') = \text{Cov}\left[\b...
The control sequence at the end of the top line
of your error message was never \def'ed. If you have
misspelled it (e.g., `\hobx'), type `I' and the correct
spelling (e.g., `I\hbox'). Otherwise just continue,
and I'll forget about whatever was undefined.

! Undefined control sequence.
l.1514 ...}(\bm{x}, \bm{x}') = \text{Cov}\left[\bm
                                                  {h}^{(\ell)}(\bm{x}), \bm{...
The control sequence at the end of the top line
of your error message was never \def'ed. If you have
misspelled it (e.g., `\hobx'), type `I' and the correct
spelling (e.g., `I\hbox'). Otherwise just continue,
and I'll forget about whatever was undefined.

! Undefined control sequence.
l.1514 ...') = \text{Cov}\left[\bm{h}^{(\ell)}(\bm
                                                  {x}), \bm{h}^{(\ell)}(\bm{...
The control sequence at the end of the top line
of your error message was never \def'ed. If you have
misspelled it (e.g., `\hobx'), type `I' and the correct
spelling (e.g., `I\hbox'). Otherwise just continue,
and I'll forget about whatever was undefined.

! Undefined control sequence.
l.1514 ...t{Cov}\left[\bm{h}^{(\ell)}(\bm{x}), \bm
                                                  {h}^{(\ell)}(\bm{x}') \mid...
The control sequence at the end of the top line
of your error message was never \def'ed. If you have
misspelled it (e.g., `\hobx'), type `I' and the correct
spelling (e.g., `I\hbox'). Otherwise just continue,
and I'll forget about whatever was undefined.

! Undefined control sequence.
l.1514 ...h}^{(\ell)}(\bm{x}), \bm{h}^{(\ell)}(\bm
                                                  {x}') \mid \bm{h}^{(\ell-1...
The control sequence at the end of the top line
of your error message was never \def'ed. If you have
misspelled it (e.g., `\hobx'), type `I' and the correct
spelling (e.g., `I\hbox'). Otherwise just continue,
and I'll forget about whatever was undefined.

! Undefined control sequence.
l.1514 ...m{x}), \bm{h}^{(\ell)}(\bm{x}') \mid \bm
                                                  {h}^{(\ell-1)}\right]
The control sequence at the end of the top line
of your error message was never \def'ed. If you have
misspelled it (e.g., `\hobx'), type `I' and the correct
spelling (e.g., `I\hbox'). Otherwise just continue,
and I'll forget about whatever was undefined.

File: polytechnique-logohori.pdf Graphic file (type pdf)
<use polytechnique-logohori.pdf>
Package pdftex.def Info: polytechnique-logohori.pdf  used on input line 1517.
(pdftex.def)             Requested size: 80.52292pt x 56.90158pt.
[29]
! Undefined control sequence.
<recently read> \bm 
                    
l.1519 ...his limit, the output of each layer $\bm
                                                  {h}^{(\ell)}$ converges in...
The control sequence at the end of the top line
of your error message was never \def'ed. If you have
misspelled it (e.g., `\hobx'), type `I' and the correct
spelling (e.g., `I\hbox'). Otherwise just continue,
and I'll forget about whatever was undefined.

! Undefined control sequence.
<recently read> \bm 
                    
l.1527 \item For $\ell = 1$: $\bm
                                 {h}^{(1)}$ is Gaussian → $\mathcal{K}_{NN...
The control sequence at the end of the top line
of your error message was never \def'ed. If you have
misspelled it (e.g., `\hobx'), type `I' and the correct
spelling (e.g., `I\hbox'). Otherwise just continue,
and I'll forget about whatever was undefined.

! Undefined control sequence.
<recently read> \bm 
                    
l.1528 \item For $\ell > 1$: $\bm
                                 {h}^{(\ell)}$ is composition of GP → $\ma...
The control sequence at the end of the top line
of your error message was never \def'ed. If you have
misspelled it (e.g., `\hobx'), type `I' and the correct
spelling (e.g., `I\hbox'). Otherwise just continue,
and I'll forget about whatever was undefined.

File: polytechnique-filetcourt.pdf Graphic file (type pdf)
<use polytechnique-filetcourt.pdf>
Package pdftex.def Info: polytechnique-filetcourt.pdf  used on input line 1537.

(pdftex.def)             Requested size: 28.40604pt x 2.16808pt.
! Undefined control sequence.
<recently read> \bm 
                    
l.1546 ..., the output of the previous layer, $\bm
                                                  {h}^{(\ell-1)}$, is a sum ...
The control sequence at the end of the top line
of your error message was never \def'ed. If you have
misspelled it (e.g., `\hobx'), type `I' and the correct
spelling (e.g., `I\hbox'). Otherwise just continue,
and I'll forget about whatever was undefined.

! Undefined control sequence.
<recently read> \bm 
                    
l.1546 ...-1$). By the Central Limit Theorem, $\bm
                                                  {h}^{(\ell-1)}$ converges ...
The control sequence at the end of the top line
of your error message was never \def'ed. If you have
misspelled it (e.g., `\hobx'), type `I' and the correct
spelling (e.g., `I\hbox'). Otherwise just continue,
and I'll forget about whatever was undefined.

! Undefined control sequence.
<recently read> \bm 
                    
l.1546 ...eplace the complex, random function $\bm
                                                  {h}^{(\ell-1)}$ with a GP ...
The control sequence at the end of the top line
of your error message was never \def'ed. If you have
misspelled it (e.g., `\hobx'), type `I' and the correct
spelling (e.g., `I\hbox'). Otherwise just continue,
and I'll forget about whatever was undefined.

File: polytechnique-filetcourt.pdf Graphic file (type pdf)
<use polytechnique-filetcourt.pdf>
Package pdftex.def Info: polytechnique-filetcourt.pdf  used on input line 1549.

(pdftex.def)             Requested size: 28.40604pt x 2.16808pt.
! Undefined control sequence.
l.1550 ...efined as $q^{(\ell)} = \mathbb{E}[\|\bm
                                                  {h}^{(\ell)}\|^2]/d_\ell$.
The control sequence at the end of the top line
of your error message was never \def'ed. If you have
misspelled it (e.g., `\hobx'), type `I' and the correct
spelling (e.g., `I\hbox'). Otherwise just continue,
and I'll forget about whatever was undefined.

File: polytechnique-logohori.pdf Graphic file (type pdf)
<use polytechnique-logohori.pdf>
Package pdftex.def Info: polytechnique-logohori.pdf  used on input line 1553.
(pdftex.def)             Requested size: 80.52292pt x 56.90158pt.
[30]
! Undefined control sequence.
<recently read> \bm 
                    
l.1572 ...imension $d_\ell$, the layer output $\bm
                                                  {h}^{(\ell)}(\bm{x})$ foll...
The control sequence at the end of the top line
of your error message was never \def'ed. If you have
misspelled it (e.g., `\hobx'), type `I' and the correct
spelling (e.g., `I\hbox'). Otherwise just continue,
and I'll forget about whatever was undefined.

! Undefined control sequence.
l.1572 ...$, the layer output $\bm{h}^{(\ell)}(\bm
                                                  {x})$ follows a $d_\ell$-d...
The control sequence at the end of the top line
of your error message was never \def'ed. If you have
misspelled it (e.g., `\hobx'), type `I' and the correct
spelling (e.g., `I\hbox'). Otherwise just continue,
and I'll forget about whatever was undefined.

! Undefined control sequence.
<argument> \m@th $\displaystyle \bm 
                                    {h}^{(\ell )} \sim \mathcal {GP}(0, \mat...
l.1575 ...}^{(\ell)} \otimes \mathbf{I}_{d_\ell})}
                                                  
The control sequence at the end of the top line
of your error message was never \def'ed. If you have
misspelled it (e.g., `\hobx'), type `I' and the correct
spelling (e.g., `I\hbox'). Otherwise just continue,
and I'll forget about whatever was undefined.

! Undefined control sequence.
l.1580 ...ll)}_{i,j} = \text{Cov}(h^{(\ell)}_k(\bm
                                                  {x}_i), h^{(\ell)}_k(\bm{x...
The control sequence at the end of the top line
of your error message was never \def'ed. If you have
misspelled it (e.g., `\hobx'), type `I' and the correct
spelling (e.g., `I\hbox'). Otherwise just continue,
and I'll forget about whatever was undefined.

! Undefined control sequence.
l.1580 ...h^{(\ell)}_k(\bm{x}_i), h^{(\ell)}_k(\bm
                                                  {x}_j)) = \sigma_c^2 + \rh...
The control sequence at the end of the top line
of your error message was never \def'ed. If you have
misspelled it (e.g., `\hobx'), type `I' and the correct
spelling (e.g., `I\hbox'). Otherwise just continue,
and I'll forget about whatever was undefined.

! Undefined control sequence.
l.1580 ...{x}_j)) = \sigma_c^2 + \rho^{(\ell)}(\bm
                                                  {x}_i, \bm{x}_j)
The control sequence at the end of the top line
of your error message was never \def'ed. If you have
misspelled it (e.g., `\hobx'), type `I' and the correct
spelling (e.g., `I\hbox'). Otherwise just continue,
and I'll forget about whatever was undefined.

! Undefined control sequence.
l.1580 ...\sigma_c^2 + \rho^{(\ell)}(\bm{x}_i, \bm
                                                  {x}_j)
The control sequence at the end of the top line
of your error message was never \def'ed. If you have
misspelled it (e.g., `\hobx'), type `I' and the correct
spelling (e.g., `I\hbox'). Otherwise just continue,
and I'll forget about whatever was undefined.


Underfull \hbox (badness 10000) in paragraph at lines 1584--1584
[]\T1/lmr/bx/n/10 Theorem 5.1 \T1/lmr/m/n/10 (Gaus-sian Pro-cess Struc-ture of 
Layer Out-puts)\T1/lmr/bx/n/10 .
 []

File: polytechnique-logohori.pdf Graphic file (type pdf)
<use polytechnique-logohori.pdf>
Package pdftex.def Info: polytechnique-logohori.pdf  used on input line 1590.
(pdftex.def)             Requested size: 80.52292pt x 56.90158pt.
[31]
LaTeX Info: Redefining \\ on input line 1592.
File: polytechnique-filetlongrouge.pdf Graphic file (type pdf)
<use polytechnique-filetlongrouge.pdf>
Package pdftex.def Info: polytechnique-filetlongrouge.pdf  used on input line 1
592.
(pdftex.def)             Requested size: 124.21375pt x 2.16808pt.
File: polytechnique-filetcourt.pdf Graphic file (type pdf)
<use polytechnique-filetcourt.pdf>
Package pdftex.def Info: polytechnique-filetcourt.pdf  used on input line 1594.

(pdftex.def)             Requested size: 28.40604pt x 2.16808pt.

! Undefined control sequence.
<argument> \m@th $\displaystyle h(\bm 
                                      {x}) = \frac {1}{\sqrt {n}} \sum _{j=1...
l.1600 ...j \ReLU(\bm{w}_j^\top \bm{x} + b_j) + c}
                                                  
The control sequence at the end of the top line
of your error message was never \def'ed. If you have
misspelled it (e.g., `\hobx'), type `I' and the correct
spelling (e.g., `I\hbox'). Otherwise just continue,
and I'll forget about whatever was undefined.

! Undefined control sequence.
<argument> ...t {n}} \sum _{j=1}^n A_j \ReLU (\bm 
                                                  {w}_j^\top \bm {x} + b_j) ...
l.1600 ...j \ReLU(\bm{w}_j^\top \bm{x} + b_j) + c}
                                                  
The control sequence at the end of the top line
of your error message was never \def'ed. If you have
misspelled it (e.g., `\hobx'), type `I' and the correct
spelling (e.g., `I\hbox'). Otherwise just continue,
and I'll forget about whatever was undefined.

! Undefined control sequence.
<argument> ...=1}^n A_j \ReLU (\bm {w}_j^\top \bm 
                                                  {x} + b_j) + c$
l.1600 ...j \ReLU(\bm{w}_j^\top \bm{x} + b_j) + c}
                                                  
The control sequence at the end of the top line
of your error message was never \def'ed. If you have
misspelled it (e.g., `\hobx'), type `I' and the correct
spelling (e.g., `I\hbox'). Otherwise just continue,
and I'll forget about whatever was undefined.

! Undefined control sequence.
l.1602 ...=1}^n \cup \{c\}$. The parameters $\{\bm
                                                  {w}_j, b_j\}$ are fixed an...
The control sequence at the end of the top line
of your error message was never \def'ed. If you have
misspelled it (e.g., `\hobx'), type `I' and the correct
spelling (e.g., `I\hbox'). Otherwise just continue,
and I'll forget about whatever was undefined.

! Undefined control sequence.
<recently read> \bm 
                    
l.1602 ... are fixed and randomly drawn, with $\bm
                                                  {w}_j \sim \mathcal{N}(0, ...
The control sequence at the end of the top line
of your error message was never \def'ed. If you have
misspelled it (e.g., `\hobx'), type `I' and the correct
spelling (e.g., `I\hbox'). Otherwise just continue,
and I'll forget about whatever was undefined.

! Undefined control sequence.
l.1606 ...tribution of the random parameters $(\bm
                                                  {w}, b)$. The full NTK is ...
The control sequence at the end of the top line
of your error message was never \def'ed. If you have
misspelled it (e.g., `\hobx'), type `I' and the correct
spelling (e.g., `I\hbox'). Otherwise just continue,
and I'll forget about whatever was undefined.

! Undefined control sequence.
<argument> \m@th $\displaystyle \Theta ^{(1)}(\bm 
                                                  {x}, \bm {x}') = \underbra...
l.1611 ...brace{\sigma_c^2}_{\text{from bias } c}}
                                                  
The control sequence at the end of the top line
of your error message was never \def'ed. If you have
misspelled it (e.g., `\hobx'), type `I' and the correct
spelling (e.g., `I\hbox'). Otherwise just continue,
and I'll forget about whatever was undefined.

! Undefined control sequence.
<argument> ...laystyle \Theta ^{(1)}(\bm {x}, \bm 
                                                  {x}') = \underbrace {\math...
l.1611 ...brace{\sigma_c^2}_{\text{from bias } c}}
                                                  
The control sequence at the end of the top line
of your error message was never \def'ed. If you have
misspelled it (e.g., `\hobx'), type `I' and the correct
spelling (e.g., `I\hbox'). Otherwise just continue,
and I'll forget about whatever was undefined.

! Undefined control sequence.
<argument> \mathbb {E}_{\bm 
                            {w},b} \left [ \ReLU (\bm {w}^\top \bm {x} + b)\...
l.1611 ...brace{\sigma_c^2}_{\text{from bias } c}}
                                                  
The control sequence at the end of the top line
of your error message was never \def'ed. If you have
misspelled it (e.g., `\hobx'), type `I' and the correct
spelling (e.g., `I\hbox'). Otherwise just continue,
and I'll forget about whatever was undefined.

! Undefined control sequence.
<argument> ... {E}_{\bm {w},b} \left [ \ReLU (\bm 
                                                  {w}^\top \bm {x} + b)\ReLU...
l.1611 ...brace{\sigma_c^2}_{\text{from bias } c}}
                                                  
The control sequence at the end of the top line
of your error message was never \def'ed. If you have
misspelled it (e.g., `\hobx'), type `I' and the correct
spelling (e.g., `I\hbox'). Otherwise just continue,
and I'll forget about whatever was undefined.

! Undefined control sequence.
<argument> ...,b} \left [ \ReLU (\bm {w}^\top \bm 
                                                  {x} + b)\ReLU (\bm {w}^\to...
l.1611 ...brace{\sigma_c^2}_{\text{from bias } c}}
                                                  
The control sequence at the end of the top line
of your error message was never \def'ed. If you have
misspelled it (e.g., `\hobx'), type `I' and the correct
spelling (e.g., `I\hbox'). Otherwise just continue,
and I'll forget about whatever was undefined.

! Undefined control sequence.
<argument> ...\bm {w}^\top \bm {x} + b)\ReLU (\bm 
                                                  {w}^\top \bm {x}' + b) \ri...
l.1611 ...brace{\sigma_c^2}_{\text{from bias } c}}
                                                  
The control sequence at the end of the top line
of your error message was never \def'ed. If you have
misspelled it (e.g., `\hobx'), type `I' and the correct
spelling (e.g., `I\hbox'). Otherwise just continue,
and I'll forget about whatever was undefined.

! Undefined control sequence.
<argument> ...\bm {x} + b)\ReLU (\bm {w}^\top \bm 
                                                  {x}' + b) \right ]
l.1611 ...brace{\sigma_c^2}_{\text{from bias } c}}
                                                  
The control sequence at the end of the top line
of your error message was never \def'ed. If you have
misspelled it (e.g., `\hobx'), type `I' and the correct
spelling (e.g., `I\hbox'). Otherwise just continue,
and I'll forget about whatever was undefined.

! Undefined control sequence.
<argument> ...xt {NNGP Kernel } \Sigma ^{(1)}(\bm 
                                                  {x}, \bm {x}')} + \underbr...
l.1611 ...brace{\sigma_c^2}_{\text{from bias } c}}
                                                  
The control sequence at the end of the top line
of your error message was never \def'ed. If you have
misspelled it (e.g., `\hobx'), type `I' and the correct
spelling (e.g., `I\hbox'). Otherwise just continue,
and I'll forget about whatever was undefined.

! Undefined control sequence.
<argument> ...Kernel } \Sigma ^{(1)}(\bm {x}, \bm 
                                                  {x}')} + \underbrace {\sig...
l.1611 ...brace{\sigma_c^2}_{\text{from bias } c}}
                                                  
The control sequence at the end of the top line
of your error message was never \def'ed. If you have
misspelled it (e.g., `\hobx'), type `I' and the correct
spelling (e.g., `I\hbox'). Otherwise just continue,
and I'll forget about whatever was undefined.

File: polytechnique-filetcourt.pdf Graphic file (type pdf)
<use polytechnique-filetcourt.pdf>
Package pdftex.def Info: polytechnique-filetcourt.pdf  used on input line 1615.

(pdftex.def)             Requested size: 28.40604pt x 2.16808pt.
! Undefined control sequence.
<recently read> \bm 
                    
l.1616 ... integral over the distributions of $\bm
                                                  {w}$ and $b$:
The control sequence at the end of the top line
of your error message was never \def'ed. If you have
misspelled it (e.g., `\hobx'), type `I' and the correct
spelling (e.g., `I\hbox'). Otherwise just continue,
and I'll forget about whatever was undefined.

! Undefined control sequence.
l.1618     \Sigma^{(1)}(\bm
                           {x}, \bm{x}') = \int_{\mathbb{R}^d} \int_{\mathbb...
The control sequence at the end of the top line
of your error message was never \def'ed. If you have
misspelled it (e.g., `\hobx'), type `I' and the correct
spelling (e.g., `I\hbox'). Otherwise just continue,
and I'll forget about whatever was undefined.

! Undefined control sequence.
l.1618     \Sigma^{(1)}(\bm{x}, \bm
                                   {x}') = \int_{\mathbb{R}^d} \int_{\mathbb...
The control sequence at the end of the top line
of your error message was never \def'ed. If you have
misspelled it (e.g., `\hobx'), type `I' and the correct
spelling (e.g., `I\hbox'). Otherwise just continue,
and I'll forget about whatever was undefined.

! Undefined control sequence.
l.1618 ...mathbb{R}^d} \int_{\mathbb{R}} \ReLU(\bm
                                                  {w}^\top \bm{x} + b)\ReLU(...
The control sequence at the end of the top line
of your error message was never \def'ed. If you have
misspelled it (e.g., `\hobx'), type `I' and the correct
spelling (e.g., `I\hbox'). Otherwise just continue,
and I'll forget about whatever was undefined.

! Undefined control sequence.
l.1618 ... \int_{\mathbb{R}} \ReLU(\bm{w}^\top \bm
                                                  {x} + b)\ReLU(\bm{w}^\top ...
The control sequence at the end of the top line
of your error message was never \def'ed. If you have
misspelled it (e.g., `\hobx'), type `I' and the correct
spelling (e.g., `I\hbox'). Otherwise just continue,
and I'll forget about whatever was undefined.

! Undefined control sequence.
l.1618 ...} \ReLU(\bm{w}^\top \bm{x} + b)\ReLU(\bm
                                                  {w}^\top \bm{x}' + b) p(\b...
The control sequence at the end of the top line
of your error message was never \def'ed. If you have
misspelled it (e.g., `\hobx'), type `I' and the correct
spelling (e.g., `I\hbox'). Otherwise just continue,
and I'll forget about whatever was undefined.

! Undefined control sequence.
l.1618 ...w}^\top \bm{x} + b)\ReLU(\bm{w}^\top \bm
                                                  {x}' + b) p(\bm{w})p(b) \,...
The control sequence at the end of the top line
of your error message was never \def'ed. If you have
misspelled it (e.g., `\hobx'), type `I' and the correct
spelling (e.g., `I\hbox'). Otherwise just continue,
and I'll forget about whatever was undefined.

! Undefined control sequence.
l.1618 ...+ b)\ReLU(\bm{w}^\top \bm{x}' + b) p(\bm
                                                  {w})p(b) \,db \,d\bm{w}
The control sequence at the end of the top line
of your error message was never \def'ed. If you have
misspelled it (e.g., `\hobx'), type `I' and the correct
spelling (e.g., `I\hbox'). Otherwise just continue,
and I'll forget about whatever was undefined.

! Undefined control sequence.
l.1618 ...p \bm{x}' + b) p(\bm{w})p(b) \,db \,d\bm
                                                  {w}
The control sequence at the end of the top line
of your error message was never \def'ed. If you have
misspelled it (e.g., `\hobx'), type `I' and the correct
spelling (e.g., `I\hbox'). Otherwise just continue,
and I'll forget about whatever was undefined.

! Undefined control sequence.
l.1621 ...performed from the parameter space $(\bm
                                                  {w}, b)$ to the pre-activa...
The control sequence at the end of the top line
of your error message was never \def'ed. If you have
misspelled it (e.g., `\hobx'), type `I' and the correct
spelling (e.g., `I\hbox'). Otherwise just continue,
and I'll forget about whatever was undefined.

! Undefined control sequence.
l.1621 ...ion space $(g_1, g_2)$, where $g_1 = \bm
                                                  {w}^\top \bm{x} + b$ and $...
The control sequence at the end of the top line
of your error message was never \def'ed. If you have
misspelled it (e.g., `\hobx'), type `I' and the correct
spelling (e.g., `I\hbox'). Otherwise just continue,
and I'll forget about whatever was undefined.

! Undefined control sequence.
l.1621 ...g_1, g_2)$, where $g_1 = \bm{w}^\top \bm
                                                  {x} + b$ and $g_2 = \bm{w}...
The control sequence at the end of the top line
of your error message was never \def'ed. If you have
misspelled it (e.g., `\hobx'), type `I' and the correct
spelling (e.g., `I\hbox'). Otherwise just continue,
and I'll forget about whatever was undefined.

! Undefined control sequence.
l.1621 ...= \bm{w}^\top \bm{x} + b$ and $g_2 = \bm
                                                  {w}^\top \bm{x}' + b$. Thi...
The control sequence at the end of the top line
of your error message was never \def'ed. If you have
misspelled it (e.g., `\hobx'), type `I' and the correct
spelling (e.g., `I\hbox'). Otherwise just continue,
and I'll forget about whatever was undefined.

! Undefined control sequence.
l.1621 ...p \bm{x} + b$ and $g_2 = \bm{w}^\top \bm
                                                  {x}' + b$. This transforms...
The control sequence at the end of the top line
of your error message was never \def'ed. If you have
misspelled it (e.g., `\hobx'), type `I' and the correct
spelling (e.g., `I\hbox'). Otherwise just continue,
and I'll forget about whatever was undefined.

! Undefined control sequence.
l.1625 ...\mu_1 = \mathbb{E}[g_1] = \mathbb{E}[\bm
                                                  {w}^\top\bm{x} + b] = \mu_...
The control sequence at the end of the top line
of your error message was never \def'ed. If you have
misspelled it (e.g., `\hobx'), type `I' and the correct
spelling (e.g., `I\hbox'). Otherwise just continue,
and I'll forget about whatever was undefined.

! Undefined control sequence.
l.1625 ...thbb{E}[g_1] = \mathbb{E}[\bm{w}^\top\bm
                                                  {x} + b] = \mu_b$. By symm...
The control sequence at the end of the top line
of your error message was never \def'ed. If you have
misspelled it (e.g., `\hobx'), type `I' and the correct
spelling (e.g., `I\hbox'). Otherwise just continue,
and I'll forget about whatever was undefined.

! Undefined control sequence.
l.1626 ...a_1^2 = \text{Var}(g_1) = \text{Var}(\bm
                                                  {w}^\top\bm{x}) + \text{Va...
The control sequence at the end of the top line
of your error message was never \def'ed. If you have
misspelled it (e.g., `\hobx'), type `I' and the correct
spelling (e.g., `I\hbox'). Otherwise just continue,
and I'll forget about whatever was undefined.

! Undefined control sequence.
l.1626 ...xt{Var}(g_1) = \text{Var}(\bm{w}^\top\bm
                                                  {x}) + \text{Var}(b) = \bm...
The control sequence at the end of the top line
of your error message was never \def'ed. If you have
misspelled it (e.g., `\hobx'), type `I' and the correct
spelling (e.g., `I\hbox'). Otherwise just continue,
and I'll forget about whatever was undefined.

! Undefined control sequence.
l.1626 ...\bm{w}^\top\bm{x}) + \text{Var}(b) = \bm
                                                  {x}^\top \Sigma_w \bm{x} +...
The control sequence at the end of the top line
of your error message was never \def'ed. If you have
misspelled it (e.g., `\hobx'), type `I' and the correct
spelling (e.g., `I\hbox'). Otherwise just continue,
and I'll forget about whatever was undefined.

! Undefined control sequence.
l.1626 ...\text{Var}(b) = \bm{x}^\top \Sigma_w \bm
                                                  {x} + \sigma_b^2$. Similar...
The control sequence at the end of the top line
of your error message was never \def'ed. If you have
misspelled it (e.g., `\hobx'), type `I' and the correct
spelling (e.g., `I\hbox'). Otherwise just continue,
and I'll forget about whatever was undefined.

! Undefined control sequence.
l.1626 ...igma_b^2$. Similarly, $\sigma_2^2 = {\bm
                                                  {x}'}^\top \Sigma_w \bm{x}...
The control sequence at the end of the top line
of your error message was never \def'ed. If you have
misspelled it (e.g., `\hobx'), type `I' and the correct
spelling (e.g., `I\hbox'). Otherwise just continue,
and I'll forget about whatever was undefined.

! Undefined control sequence.
l.1626 ...\sigma_2^2 = {\bm{x}'}^\top \Sigma_w \bm
                                                  {x}' + \sigma_b^2$.
The control sequence at the end of the top line
of your error message was never \def'ed. If you have
misspelled it (e.g., `\hobx'), type `I' and the correct
spelling (e.g., `I\hbox'). Otherwise just continue,
and I'll forget about whatever was undefined.

! Undefined control sequence.
l.1627 ... $\text{Cov}(g_1, g_2) = \mathbb{E}[(\bm
                                                  {w}^\top\bm{x})(\bm{w}^\to...
The control sequence at the end of the top line
of your error message was never \def'ed. If you have
misspelled it (e.g., `\hobx'), type `I' and the correct
spelling (e.g., `I\hbox'). Otherwise just continue,
and I'll forget about whatever was undefined.

! Undefined control sequence.
l.1627 ...}(g_1, g_2) = \mathbb{E}[(\bm{w}^\top\bm
                                                  {x})(\bm{w}^\top\bm{x}')] ...
The control sequence at the end of the top line
of your error message was never \def'ed. If you have
misspelled it (e.g., `\hobx'), type `I' and the correct
spelling (e.g., `I\hbox'). Otherwise just continue,
and I'll forget about whatever was undefined.

! Undefined control sequence.
l.1627 ..._2) = \mathbb{E}[(\bm{w}^\top\bm{x})(\bm
                                                  {w}^\top\bm{x}')] + \text{...
The control sequence at the end of the top line
of your error message was never \def'ed. If you have
misspelled it (e.g., `\hobx'), type `I' and the correct
spelling (e.g., `I\hbox'). Otherwise just continue,
and I'll forget about whatever was undefined.

! Undefined control sequence.
l.1627 ...bb{E}[(\bm{w}^\top\bm{x})(\bm{w}^\top\bm
                                                  {x}')] + \text{Var}(b) = \...
The control sequence at the end of the top line
of your error message was never \def'ed. If you have
misspelled it (e.g., `\hobx'), type `I' and the correct
spelling (e.g., `I\hbox'). Otherwise just continue,
and I'll forget about whatever was undefined.

! Undefined control sequence.
l.1627 ...m{w}^\top\bm{x}')] + \text{Var}(b) = \bm
                                                  {x}^\top \Sigma_w \bm{x}' ...
The control sequence at the end of the top line
of your error message was never \def'ed. If you have
misspelled it (e.g., `\hobx'), type `I' and the correct
spelling (e.g., `I\hbox'). Otherwise just continue,
and I'll forget about whatever was undefined.

! Undefined control sequence.
l.1627 ...\text{Var}(b) = \bm{x}^\top \Sigma_w \bm
                                                  {x}' + \sigma_b^2$.
The control sequence at the end of the top line
of your error message was never \def'ed. If you have
misspelled it (e.g., `\hobx'), type `I' and the correct
spelling (e.g., `I\hbox'). Otherwise just continue,
and I'll forget about whatever was undefined.

File: polytechnique-logohori.pdf Graphic file (type pdf)
<use polytechnique-logohori.pdf>
Package pdftex.def Info: polytechnique-logohori.pdf  used on input line 1630.
(pdftex.def)             Requested size: 80.52292pt x 56.90158pt.
[32]
File: polytechnique-filetcourt.pdf Graphic file (type pdf)
<use polytechnique-filetcourt.pdf>
Package pdftex.def Info: polytechnique-filetcourt.pdf  used on input line 1631.

(pdftex.def)             Requested size: 28.40604pt x 2.16808pt.
File: polytechnique-filetcourt.pdf Graphic file (type pdf)
<use polytechnique-filetcourt.pdf>
Package pdftex.def Info: polytechnique-filetcourt.pdf  used on input line 1660.

(pdftex.def)             Requested size: 28.40604pt x 2.16808pt.
LaTeX Font Info:    External font `lmex10' loaded for size
(Font)              <12> on input line 1667.


Package hyperref Warning: Token not allowed in a PDF string (Unicode):
(hyperref)                removing `math shift' on input line 1667.


Package hyperref Warning: Token not allowed in a PDF string (Unicode):
(hyperref)                removing `\Sigma' on input line 1667.


Package hyperref Warning: Token not allowed in a PDF string (Unicode):
(hyperref)                removing `superscript' on input line 1667.


Package hyperref Warning: Token not allowed in a PDF string (Unicode):
(hyperref)                removing `\ell' on input line 1667.

! Undefined control sequence.
<argument> ...ma ^{(1)}(x, x') = \mathbb {E}_{\bm 
                                                  {w},b}\left [\ReLU (\bm {w...
l.1674 ... x + b)\ReLU(\bm{w}^\top x' + b)\right]}
                                                  
The control sequence at the end of the top line
of your error message was never \def'ed. If you have
misspelled it (e.g., `\hobx'), type `I' and the correct
spelling (e.g., `I\hbox'). Otherwise just continue,
and I'll forget about whatever was undefined.

! Undefined control sequence.
<argument> ...bb {E}_{\bm {w},b}\left [\ReLU (\bm 
                                                  {w}^\top x + b)\ReLU (\bm ...
l.1674 ... x + b)\ReLU(\bm{w}^\top x' + b)\right]}
                                                  
The control sequence at the end of the top line
of your error message was never \def'ed. If you have
misspelled it (e.g., `\hobx'), type `I' and the correct
spelling (e.g., `I\hbox'). Otherwise just continue,
and I'll forget about whatever was undefined.

! Undefined control sequence.
<argument> ...ReLU (\bm {w}^\top x + b)\ReLU (\bm 
                                                  {w}^\top x' + b)\right ]$
l.1674 ... x + b)\ReLU(\bm{w}^\top x' + b)\right]}
                                                  
The control sequence at the end of the top line
of your error message was never \def'ed. If you have
misspelled it (e.g., `\hobx'), type `I' and the correct
spelling (e.g., `I\hbox'). Otherwise just continue,
and I'll forget about whatever was undefined.

! Undefined control sequence.
<argument> ...{(\ell )}(x, x') = \mathbb {E}_{\bm 
                                                  {w}, b} \left [ \ReLU \lef...
l.1678 ...{(\ell-1)}(x') + \beta b\right) \right]}
                                                  
The control sequence at the end of the top line
of your error message was never \def'ed. If you have
misspelled it (e.g., `\hobx'), type `I' and the correct
spelling (e.g., `I\hbox'). Otherwise just continue,
and I'll forget about whatever was undefined.

! Undefined control sequence.
<argument> ...bm {w}, b} \left [ \ReLU \left (\bm 
                                                  {w}^\top \bm {h}^{(\ell -1...
l.1678 ...{(\ell-1)}(x') + \beta b\right) \right]}
                                                  
The control sequence at the end of the top line
of your error message was never \def'ed. If you have
misspelled it (e.g., `\hobx'), type `I' and the correct
spelling (e.g., `I\hbox'). Otherwise just continue,
and I'll forget about whatever was undefined.

! Undefined control sequence.
<argument> ...eft [ \ReLU \left (\bm {w}^\top \bm 
                                                  {h}^{(\ell -1)}(x) + \beta...
l.1678 ...{(\ell-1)}(x') + \beta b\right) \right]}
                                                  
The control sequence at the end of the top line
of your error message was never \def'ed. If you have
misspelled it (e.g., `\hobx'), type `I' and the correct
spelling (e.g., `I\hbox'). Otherwise just continue,
and I'll forget about whatever was undefined.

! Undefined control sequence.
<argument> ... + \beta b\right ) \ReLU \left (\bm 
                                                  {w}^\top \bm {h}^{(\ell -1...
l.1678 ...{(\ell-1)}(x') + \beta b\right) \right]}
                                                  
The control sequence at the end of the top line
of your error message was never \def'ed. If you have
misspelled it (e.g., `\hobx'), type `I' and the correct
spelling (e.g., `I\hbox'). Otherwise just continue,
and I'll forget about whatever was undefined.

! Undefined control sequence.
<argument> ...ght ) \ReLU \left (\bm {w}^\top \bm 
                                                  {h}^{(\ell -1)}(x') + \bet...
l.1678 ...{(\ell-1)}(x') + \beta b\right) \right]}
                                                  
The control sequence at the end of the top line
of your error message was never \def'ed. If you have
misspelled it (e.g., `\hobx'), type `I' and the correct
spelling (e.g., `I\hbox'). Otherwise just continue,
and I'll forget about whatever was undefined.

File: polytechnique-logohori.pdf Graphic file (type pdf)
<use polytechnique-logohori.pdf>
Package pdftex.def Info: polytechnique-logohori.pdf  used on input line 1682.
(pdftex.def)             Requested size: 80.52292pt x 56.90158pt.
[33]
LaTeX Font Info:    External font `lmex10' loaded for size
(Font)              <14.4> on input line 1697.
File: polytechnique-filetcourt.pdf Graphic file (type pdf)
<use polytechnique-filetcourt.pdf>
Package pdftex.def Info: polytechnique-filetcourt.pdf  used on input line 1697.

(pdftex.def)             Requested size: 28.40604pt x 2.16808pt.


Package hyperref Warning: Token not allowed in a PDF string (Unicode):
(hyperref)                removing `math shift' on input line 1697.


Package hyperref Warning: Token not allowed in a PDF string (Unicode):
(hyperref)                removing `\Theta' on input line 1697.


Package hyperref Warning: Token not allowed in a PDF string (Unicode):
(hyperref)                removing `superscript' on input line 1697.


Package hyperref Warning: Token not allowed in a PDF string (Unicode):
(hyperref)                removing `\ell' on input line 1697.

! Undefined control sequence.
l.1712 ...Sigma}^{(\ell)}(x, x') = \mathbb{E}_{\bm
                                                  {w}, b} \left[ \dot{\ReLU}...
The control sequence at the end of the top line
of your error message was never \def'ed. If you have
misspelled it (e.g., `\hobx'), type `I' and the correct
spelling (e.g., `I\hbox'). Otherwise just continue,
and I'll forget about whatever was undefined.

! Undefined control sequence.
l.1712 ..._{\bm{w}, b} \left[ \dot{\ReLU}\left(\bm
                                                  {w}^\top \bm{h}^{(\ell-1)}...
The control sequence at the end of the top line
of your error message was never \def'ed. If you have
misspelled it (e.g., `\hobx'), type `I' and the correct
spelling (e.g., `I\hbox'). Otherwise just continue,
and I'll forget about whatever was undefined.

! Undefined control sequence.
l.1712 ... \left[ \dot{\ReLU}\left(\bm{w}^\top \bm
                                                  {h}^{(\ell-1)}(x) + \beta ...
The control sequence at the end of the top line
of your error message was never \def'ed. If you have
misspelled it (e.g., `\hobx'), type `I' and the correct
spelling (e.g., `I\hbox'). Otherwise just continue,
and I'll forget about whatever was undefined.

! Undefined control sequence.
l.1712 ...x) + \beta b\right) \dot{\ReLU}\left(\bm
                                                  {w}^\top \bm{h}^{(\ell-1)}...
The control sequence at the end of the top line
of your error message was never \def'ed. If you have
misspelled it (e.g., `\hobx'), type `I' and the correct
spelling (e.g., `I\hbox'). Otherwise just continue,
and I'll forget about whatever was undefined.

! Undefined control sequence.
l.1712 ...\right) \dot{\ReLU}\left(\bm{w}^\top \bm
                                                  {h}^{(\ell-1)}(x') + \beta...
The control sequence at the end of the top line
of your error message was never \def'ed. If you have
misspelled it (e.g., `\hobx'), type `I' and the correct
spelling (e.g., `I\hbox'). Otherwise just continue,
and I'll forget about whatever was undefined.

! Undefined control sequence.
l.1712 ...m{h}^{(\ell-1)}(x') + \beta b\right) \bm
                                                  {w}^\top\bm{w} \right]
The control sequence at the end of the top line
of your error message was never \def'ed. If you have
misspelled it (e.g., `\hobx'), type `I' and the correct
spelling (e.g., `I\hbox'). Otherwise just continue,
and I'll forget about whatever was undefined.

! Undefined control sequence.
l.1712 ...-1)}(x') + \beta b\right) \bm{w}^\top\bm
                                                  {w} \right]
The control sequence at the end of the top line
of your error message was never \def'ed. If you have
misspelled it (e.g., `\hobx'), type `I' and the correct
spelling (e.g., `I\hbox'). Otherwise just continue,
and I'll forget about whatever was undefined.

File: polytechnique-filetcourt.pdf Graphic file (type pdf)
<use polytechnique-filetcourt.pdf>
Package pdftex.def Info: polytechnique-filetcourt.pdf  used on input line 1736.

(pdftex.def)             Requested size: 28.40604pt x 2.16808pt.
File: polytechnique-logohori.pdf Graphic file (type pdf)
<use polytechnique-logohori.pdf>
Package pdftex.def Info: polytechnique-logohori.pdf  used on input line 1740.
(pdftex.def)             Requested size: 80.52292pt x 56.90158pt.
[34]
! Undefined control sequence.
<recently read> \bm 
                    
l.1745     \node (h1) at (3,0) {$\bm
                                    {h}_1$};
The control sequence at the end of the top line
of your error message was never \def'ed. If you have
misspelled it (e.g., `\hobx'), type `I' and the correct
spelling (e.g., `I\hbox'). Otherwise just continue,
and I'll forget about whatever was undefined.

! Undefined control sequence.
<argument> \bm 
               {r}
l.1746 ...) at (6,0) {$\textcolor{k3color}{\bm{r}}
                                                  $};
The control sequence at the end of the top line
of your error message was never \def'ed. If you have
misspelled it (e.g., `\hobx'), type `I' and the correct
spelling (e.g., `I\hbox'). Otherwise just continue,
and I'll forget about whatever was undefined.

! Undefined control sequence.
<recently read> \bm 
                    
l.1747     \node (h2) at (9,0) {$\bm
                                    {h}_2$};
The control sequence at the end of the top line
of your error message was never \def'ed. If you have
misspelled it (e.g., `\hobx'), type `I' and the correct
spelling (e.g., `I\hbox'). Otherwise just continue,
and I'll forget about whatever was undefined.


! Package xcolor Error: Undefined color `personalcontribcolor'.

See the xcolor package documentation for explanation.
Type  H <return>  for immediate help.
 ...                                              
                                                  
l.1760 ...o Layer MMNN NTK}},enhanced,drop shadow]
                                                  
Try typing  <return>  to proceed.
If that doesn't work, type  X <return>  to quit.


! Package xcolor Error: Undefined color `personalcontribcolor'.

See the xcolor package documentation for explanation.
Type  H <return>  for immediate help.
 ...                                              
                                                  
l.1760 ...o Layer MMNN NTK}},enhanced,drop shadow]
                                                  
Try typing  <return>  to proceed.
If that doesn't work, type  X <return>  to quit.

! Undefined control sequence.
<argument> ...\Theta }}^{(1)} &= \mathbb {E}_{\bm 
                                                  {w}} \left [ \sigma (\bm {...
l.1766 \end{align}
                  
The control sequence at the end of the top line
of your error message was never \def'ed. If you have
misspelled it (e.g., `\hobx'), type `I' and the correct
spelling (e.g., `I\hbox'). Otherwise just continue,
and I'll forget about whatever was undefined.

! Undefined control sequence.
<argument> ...b {E}_{\bm {w}} \left [ \sigma (\bm 
                                                  {w}^\top x) \sigma (\bm {w...
l.1766 \end{align}
                  
The control sequence at the end of the top line
of your error message was never \def'ed. If you have
misspelled it (e.g., `\hobx'), type `I' and the correct
spelling (e.g., `I\hbox'). Otherwise just continue,
and I'll forget about whatever was undefined.

! Undefined control sequence.
<argument> ...\sigma (\bm {w}^\top x) \sigma (\bm 
                                                  {w}^\top x') \right ] + 1 ...
l.1766 \end{align}
                  
The control sequence at the end of the top line
of your error message was never \def'ed. If you have
misspelled it (e.g., `\hobx'), type `I' and the correct
spelling (e.g., `I\hbox'). Otherwise just continue,
and I'll forget about whatever was undefined.

! Undefined control sequence.
<argument> ...\left (\sigma _A^2 \mathbb {E}_{\bm 
                                                  {w}} \left [ \dot {\sigma ...
l.1766 \end{align}
                  
The control sequence at the end of the top line
of your error message was never \def'ed. If you have
misspelled it (e.g., `\hobx'), type `I' and the correct
spelling (e.g., `I\hbox'). Otherwise just continue,
and I'll forget about whatever was undefined.

! Undefined control sequence.
<argument> ...\bm {w}} \left [ \dot {\sigma }(\bm 
                                                  {w}^\top \bm {h}^{(1)}(x))...
l.1766 \end{align}
                  
The control sequence at the end of the top line
of your error message was never \def'ed. If you have
misspelled it (e.g., `\hobx'), type `I' and the correct
spelling (e.g., `I\hbox'). Otherwise just continue,
and I'll forget about whatever was undefined.

! Undefined control sequence.
<argument> ...t [ \dot {\sigma }(\bm {w}^\top \bm 
                                                  {h}^{(1)}(x)) \dot {\sigma...
l.1766 \end{align}
                  
The control sequence at the end of the top line
of your error message was never \def'ed. If you have
misspelled it (e.g., `\hobx'), type `I' and the correct
spelling (e.g., `I\hbox'). Otherwise just continue,
and I'll forget about whatever was undefined.

! Undefined control sequence.
<argument> ...bm {h}^{(1)}(x)) \dot {\sigma }(\bm 
                                                  {w}^\top \bm {h}^{(1)}(x')...
l.1766 \end{align}
                  
The control sequence at the end of the top line
of your error message was never \def'ed. If you have
misspelled it (e.g., `\hobx'), type `I' and the correct
spelling (e.g., `I\hbox'). Otherwise just continue,
and I'll forget about whatever was undefined.

! Undefined control sequence.
<argument> ...x)) \dot {\sigma }(\bm {w}^\top \bm 
                                                  {h}^{(1)}(x')) \bm {w}^\to...
l.1766 \end{align}
                  
The control sequence at the end of the top line
of your error message was never \def'ed. If you have
misspelled it (e.g., `\hobx'), type `I' and the correct
spelling (e.g., `I\hbox'). Otherwise just continue,
and I'll forget about whatever was undefined.

! Undefined control sequence.
<argument> ...\bm {w}^\top \bm {h}^{(1)}(x')) \bm 
                                                  {w}^\top \bm {w} \right ]\...
l.1766 \end{align}
                  
The control sequence at the end of the top line
of your error message was never \def'ed. If you have
misspelled it (e.g., `\hobx'), type `I' and the correct
spelling (e.g., `I\hbox'). Otherwise just continue,
and I'll forget about whatever was undefined.

! Undefined control sequence.
<argument> ...\bm {h}^{(1)}(x')) \bm {w}^\top \bm 
                                                  {w} \right ]\right ) \nonu...
l.1766 \end{align}
                  
The control sequence at the end of the top line
of your error message was never \def'ed. If you have
misspelled it (e.g., `\hobx'), type `I' and the correct
spelling (e.g., `I\hbox'). Otherwise just continue,
and I'll forget about whatever was undefined.

! Undefined control sequence.
<argument> ...number \\ &\quad + \mathbb {E}_{\bm 
                                                  {w}} \left [ \sigma (\bm {...
l.1766 \end{align}
                  
The control sequence at the end of the top line
of your error message was never \def'ed. If you have
misspelled it (e.g., `\hobx'), type `I' and the correct
spelling (e.g., `I\hbox'). Otherwise just continue,
and I'll forget about whatever was undefined.

! Undefined control sequence.
<argument> ...b {E}_{\bm {w}} \left [ \sigma (\bm 
                                                  {w}^\top \bm {h}^{(1)}(x))...
l.1766 \end{align}
                  
The control sequence at the end of the top line
of your error message was never \def'ed. If you have
misspelled it (e.g., `\hobx'), type `I' and the correct
spelling (e.g., `I\hbox'). Otherwise just continue,
and I'll forget about whatever was undefined.

! Undefined control sequence.
<argument> ...}} \left [ \sigma (\bm {w}^\top \bm 
                                                  {h}^{(1)}(x)) \sigma (\bm ...
l.1766 \end{align}
                  
The control sequence at the end of the top line
of your error message was never \def'ed. If you have
misspelled it (e.g., `\hobx'), type `I' and the correct
spelling (e.g., `I\hbox'). Otherwise just continue,
and I'll forget about whatever was undefined.

! Undefined control sequence.
<argument> ...^\top \bm {h}^{(1)}(x)) \sigma (\bm 
                                                  {w}^\top \bm {h}^{(1)}(x')...
l.1766 \end{align}
                  
The control sequence at the end of the top line
of your error message was never \def'ed. If you have
misspelled it (e.g., `\hobx'), type `I' and the correct
spelling (e.g., `I\hbox'). Otherwise just continue,
and I'll forget about whatever was undefined.

! Undefined control sequence.
<argument> ...^{(1)}(x)) \sigma (\bm {w}^\top \bm 
                                                  {h}^{(1)}(x')) \right ] + 1 
l.1766 \end{align}
                  
The control sequence at the end of the top line
of your error message was never \def'ed. If you have
misspelled it (e.g., `\hobx'), type `I' and the correct
spelling (e.g., `I\hbox'). Otherwise just continue,
and I'll forget about whatever was undefined.

! Undefined control sequence.
<argument> ...\Theta }}^{(1)} &= \mathbb {E}_{\bm 
                                                  {w}} \left [ \sigma (\bm {...
l.1766 \end{align}
                  
The control sequence at the end of the top line
of your error message was never \def'ed. If you have
misspelled it (e.g., `\hobx'), type `I' and the correct
spelling (e.g., `I\hbox'). Otherwise just continue,
and I'll forget about whatever was undefined.

! Undefined control sequence.
<argument> ...b {E}_{\bm {w}} \left [ \sigma (\bm 
                                                  {w}^\top x) \sigma (\bm {w...
l.1766 \end{align}
                  
The control sequence at the end of the top line
of your error message was never \def'ed. If you have
misspelled it (e.g., `\hobx'), type `I' and the correct
spelling (e.g., `I\hbox'). Otherwise just continue,
and I'll forget about whatever was undefined.

! Undefined control sequence.
<argument> ...\sigma (\bm {w}^\top x) \sigma (\bm 
                                                  {w}^\top x') \right ] + 1 ...
l.1766 \end{align}
                  
The control sequence at the end of the top line
of your error message was never \def'ed. If you have
misspelled it (e.g., `\hobx'), type `I' and the correct
spelling (e.g., `I\hbox'). Otherwise just continue,
and I'll forget about whatever was undefined.

! Undefined control sequence.
<argument> ...\left (\sigma _A^2 \mathbb {E}_{\bm 
                                                  {w}} \left [ \dot {\sigma ...
l.1766 \end{align}
                  
The control sequence at the end of the top line
of your error message was never \def'ed. If you have
misspelled it (e.g., `\hobx'), type `I' and the correct
spelling (e.g., `I\hbox'). Otherwise just continue,
and I'll forget about whatever was undefined.

! Undefined control sequence.
<argument> ...\bm {w}} \left [ \dot {\sigma }(\bm 
                                                  {w}^\top \bm {h}^{(1)}(x))...
l.1766 \end{align}
                  
The control sequence at the end of the top line
of your error message was never \def'ed. If you have
misspelled it (e.g., `\hobx'), type `I' and the correct
spelling (e.g., `I\hbox'). Otherwise just continue,
and I'll forget about whatever was undefined.

! Undefined control sequence.
<argument> ...t [ \dot {\sigma }(\bm {w}^\top \bm 
                                                  {h}^{(1)}(x)) \dot {\sigma...
l.1766 \end{align}
                  
The control sequence at the end of the top line
of your error message was never \def'ed. If you have
misspelled it (e.g., `\hobx'), type `I' and the correct
spelling (e.g., `I\hbox'). Otherwise just continue,
and I'll forget about whatever was undefined.

! Undefined control sequence.
<argument> ...bm {h}^{(1)}(x)) \dot {\sigma }(\bm 
                                                  {w}^\top \bm {h}^{(1)}(x')...
l.1766 \end{align}
                  
The control sequence at the end of the top line
of your error message was never \def'ed. If you have
misspelled it (e.g., `\hobx'), type `I' and the correct
spelling (e.g., `I\hbox'). Otherwise just continue,
and I'll forget about whatever was undefined.

! Undefined control sequence.
<argument> ...x)) \dot {\sigma }(\bm {w}^\top \bm 
                                                  {h}^{(1)}(x')) \bm {w}^\to...
l.1766 \end{align}
                  
The control sequence at the end of the top line
of your error message was never \def'ed. If you have
misspelled it (e.g., `\hobx'), type `I' and the correct
spelling (e.g., `I\hbox'). Otherwise just continue,
and I'll forget about whatever was undefined.

! Undefined control sequence.
<argument> ...\bm {w}^\top \bm {h}^{(1)}(x')) \bm 
                                                  {w}^\top \bm {w} \right ]\...
l.1766 \end{align}
                  
The control sequence at the end of the top line
of your error message was never \def'ed. If you have
misspelled it (e.g., `\hobx'), type `I' and the correct
spelling (e.g., `I\hbox'). Otherwise just continue,
and I'll forget about whatever was undefined.

! Undefined control sequence.
<argument> ...\bm {h}^{(1)}(x')) \bm {w}^\top \bm 
                                                  {w} \right ]\right ) \nonu...
l.1766 \end{align}
                  
The control sequence at the end of the top line
of your error message was never \def'ed. If you have
misspelled it (e.g., `\hobx'), type `I' and the correct
spelling (e.g., `I\hbox'). Otherwise just continue,
and I'll forget about whatever was undefined.

! Undefined control sequence.
<argument> ...number \\ &\quad + \mathbb {E}_{\bm 
                                                  {w}} \left [ \sigma (\bm {...
l.1766 \end{align}
                  
The control sequence at the end of the top line
of your error message was never \def'ed. If you have
misspelled it (e.g., `\hobx'), type `I' and the correct
spelling (e.g., `I\hbox'). Otherwise just continue,
and I'll forget about whatever was undefined.

! Undefined control sequence.
<argument> ...b {E}_{\bm {w}} \left [ \sigma (\bm 
                                                  {w}^\top \bm {h}^{(1)}(x))...
l.1766 \end{align}
                  
The control sequence at the end of the top line
of your error message was never \def'ed. If you have
misspelled it (e.g., `\hobx'), type `I' and the correct
spelling (e.g., `I\hbox'). Otherwise just continue,
and I'll forget about whatever was undefined.

! Undefined control sequence.
<argument> ...}} \left [ \sigma (\bm {w}^\top \bm 
                                                  {h}^{(1)}(x)) \sigma (\bm ...
l.1766 \end{align}
                  
The control sequence at the end of the top line
of your error message was never \def'ed. If you have
misspelled it (e.g., `\hobx'), type `I' and the correct
spelling (e.g., `I\hbox'). Otherwise just continue,
and I'll forget about whatever was undefined.

! Undefined control sequence.
<argument> ...^\top \bm {h}^{(1)}(x)) \sigma (\bm 
                                                  {w}^\top \bm {h}^{(1)}(x')...
l.1766 \end{align}
                  
The control sequence at the end of the top line
of your error message was never \def'ed. If you have
misspelled it (e.g., `\hobx'), type `I' and the correct
spelling (e.g., `I\hbox'). Otherwise just continue,
and I'll forget about whatever was undefined.

! Undefined control sequence.
<argument> ...^{(1)}(x)) \sigma (\bm {w}^\top \bm 
                                                  {h}^{(1)}(x')) \right ] + 1 
l.1766 \end{align}
                  
The control sequence at the end of the top line
of your error message was never \def'ed. If you have
misspelled it (e.g., `\hobx'), type `I' and the correct
spelling (e.g., `I\hbox'). Otherwise just continue,
and I'll forget about whatever was undefined.

File: polytechnique-logohori.pdf Graphic file (type pdf)
<use polytechnique-logohori.pdf>
Package pdftex.def Info: polytechnique-logohori.pdf  used on input line 1780.
(pdftex.def)             Requested size: 80.52292pt x 56.90158pt.
[35]

! Package xcolor Error: Undefined color `personalcontribcolor'.

See the xcolor package documentation for explanation.
Type  H <return>  for immediate help.
 ...                                              
                                                  
l.1783 ...RESULT}},enhanced,drop shadow,breakable]
                                                  
Try typing  <return>  to proceed.
If that doesn't work, type  X <return>  to quit.


! Package xcolor Error: Undefined color `personalcontribcolor'.

See the xcolor package documentation for explanation.
Type  H <return>  for immediate help.
 ...                                              
                                                  
l.1783 ...RESULT}},enhanced,drop shadow,breakable]
                                                  
Try typing  <return>  to proceed.
If that doesn't work, type  X <return>  to quit.

! Undefined control sequence.
<recently read> \bm 
                    
l.1819 ...rm distributions for random weights $\bm
                                                  {w}_j^{(\ell)} \sim \text{...
The control sequence at the end of the top line
of your error message was never \def'ed. If you have
misspelled it (e.g., `\hobx'), type `I' and the correct
spelling (e.g., `I\hbox'). Otherwise just continue,
and I'll forget about whatever was undefined.

! Undefined control sequence.
l.1821 ...e the random basis functions $\sigma(\bm
                                                  {w}_j^{(\ell)\top} \bm{h}^...
The control sequence at the end of the top line
of your error message was never \def'ed. If you have
misspelled it (e.g., `\hobx'), type `I' and the correct
spelling (e.g., `I\hbox'). Otherwise just continue,
and I'll forget about whatever was undefined.

! Undefined control sequence.
l.1821 ...ctions $\sigma(\bm{w}_j^{(\ell)\top} \bm
                                                  {h}^{(\ell-1)}(\bm{x}) + \...
The control sequence at the end of the top line
of your error message was never \def'ed. If you have
misspelled it (e.g., `\hobx'), type `I' and the correct
spelling (e.g., `I\hbox'). Otherwise just continue,
and I'll forget about whatever was undefined.

! Undefined control sequence.
l.1821 ...{w}_j^{(\ell)\top} \bm{h}^{(\ell-1)}(\bm
                                                  {x}) + \beta b_j^{(\ell)})...
The control sequence at the end of the top line
of your error message was never \def'ed. If you have
misspelled it (e.g., `\hobx'), type `I' and the correct
spelling (e.g., `I\hbox'). Otherwise just continue,
and I'll forget about whatever was undefined.

! Undefined control sequence.
l.1821 ...ut is linear in trainable weights $\{\bm
                                                  {A}_j^{(\ell)}\}$, the opt...
The control sequence at the end of the top line
of your error message was never \def'ed. If you have
misspelled it (e.g., `\hobx'), type `I' and the correct
spelling (e.g., `I\hbox'). Otherwise just continue,
and I'll forget about whatever was undefined.

File: polytechnique-filetcourt.pdf Graphic file (type pdf)
<use polytechnique-filetcourt.pdf>
Package pdftex.def Info: polytechnique-filetcourt.pdf  used on input line 1846.

(pdftex.def)             Requested size: 28.40604pt x 2.16808pt.

! Package xcolor Error: Undefined color `personalcontribcolor'.

See the xcolor package documentation for explanation.
Type  H <return>  for immediate help.
 ...                                              
                                                  
l.1851 ...tion}},enhanced,drop shadow,boxrule=2pt]
                                                  
Try typing  <return>  to proceed.
If that doesn't work, type  X <return>  to quit.


! Package xcolor Error: Undefined color `personalcontribcolor'.

See the xcolor package documentation for explanation.
Type  H <return>  for immediate help.
 ...                                              
                                                  
l.1851 ...tion}},enhanced,drop shadow,boxrule=2pt]
                                                  
Try typing  <return>  to proceed.
If that doesn't work, type  X <return>  to quit.

File: polytechnique-logohori.pdf Graphic file (type pdf)
<use polytechnique-logohori.pdf>
Package pdftex.def Info: polytechnique-logohori.pdf  used on input line 1853.
(pdftex.def)             Requested size: 80.52292pt x 56.90158pt.
[36]
File: polytechnique-filetcourt.pdf Graphic file (type pdf)
<use polytechnique-filetcourt.pdf>
Package pdftex.def Info: polytechnique-filetcourt.pdf  used on input line 1855.

(pdftex.def)             Requested size: 28.40604pt x 2.16808pt.


LaTeX Warning: Citation 'hron2020infiniteattentionnngpntk' on page 37 undefined
 on input line 1856.

File: polytechnique-logohori.pdf Graphic file (type pdf)
<use polytechnique-logohori.pdf>
Package pdftex.def Info: polytechnique-logohori.pdf  used on input line 1888.
(pdftex.def)             Requested size: 80.52292pt x 56.90158pt.
[37]
File: polytechnique-logohori.pdf Graphic file (type pdf)
<use polytechnique-logohori.pdf>
Package pdftex.def Info: polytechnique-logohori.pdf  used on input line 1937.
(pdftex.def)             Requested size: 80.52292pt x 56.90158pt.
 [38]

! Package xcolor Error: Undefined color `insightcolor'.

See the xcolor package documentation for explanation.
Type  H <return>  for immediate help.
 ...                                              
                                                  
l.1955 ...xtcolor{insightcolor}{\mathbf{X_{il}}}}}
                                                  
Try typing  <return>  to proceed.
If that doesn't work, type  X <return>  to quit.


! Package xcolor Error: Undefined color `insightcolor'.

See the xcolor package documentation for explanation.
Type  H <return>  for immediate help.
 ...                                              
                                                  
l.1955 ...xtcolor{insightcolor}{\mathbf{X_{il}}}}}
                                                  
Try typing  <return>  to proceed.
If that doesn't work, type  X <return>  to quit.


! Package xcolor Error: Undefined color `insightcolor'.

See the xcolor package documentation for explanation.
Type  H <return>  for immediate help.
 ...                                              
                                                  
l.1960 ...rtial} \textcolor{insightcolor}{X_{ik}}}
                                                  
Try typing  <return>  to proceed.
If that doesn't work, type  X <return>  to quit.


! Package xcolor Error: Undefined color `insightcolor'.

See the xcolor package documentation for explanation.
Type  H <return>  for immediate help.
 ...                                              
                                                  
l.1963 ...mathbf{X_{ik}}}}}{\textcolor{blue}{Z_i}}
                                                  )] = \mathbb{E}[P( \frac{e...

Try typing  <return>  to proceed.
If that doesn't work, type  X <return>  to quit.


! Package xcolor Error: Undefined color `insightcolor'.

See the xcolor package documentation for explanation.
Type  H <return>  for immediate help.
 ...                                              
                                                  
l.1963 ...xtcolor{insightcolor}{\mathbf{X_{il}}}}}
                                                  )]$ is the expectation of ...

Try typing  <return>  to proceed.
If that doesn't work, type  X <return>  to quit.


! Package xcolor Error: Undefined color `insightcolor'.

See the xcolor package documentation for explanation.
Type  H <return>  for immediate help.
 ...                                              
                                                  
l.1963 ...xtcolor{insightcolor}{\mathbf{X_{il}}}}}
                                                  )]$ is the expectation of ...

Try typing  <return>  to proceed.
If that doesn't work, type  X <return>  to quit.


! Package xcolor Error: Undefined color `insightcolor'.

See the xcolor package documentation for explanation.
Type  H <return>  for immediate help.
 ...                                              
                                                  
l.1969 ...^{\beta \textcolor{insightcolor}{X_{ik}}
                                                  } / \sum_l e^{\beta \textc...

Try typing  <return>  to proceed.
If that doesn't work, type  X <return>  to quit.


! Package xcolor Error: Undefined color `insightcolor'.

See the xcolor package documentation for explanation.
Type  H <return>  for immediate help.
 ...                                              
                                                  
l.1969 ...^{\beta \textcolor{insightcolor}{X_{il}}
                                                  }$. Following the asymptot...

Try typing  <return>  to proceed.
If that doesn't work, type  X <return>  to quit.


! Package xcolor Error: Undefined color `greencolor'.

See the xcolor package documentation for explanation.
Type  H <return>  for immediate help.
 ...                                              
                                                  
l.1972 ...eencolor}{G_{a, \text{max}}})}} \right)}
                                                  
Try typing  <return>  to proceed.
If that doesn't work, type  X <return>  to quit.


! Package xcolor Error: Undefined color `greencolor'.

See the xcolor package documentation for explanation.
Type  H <return>  for immediate help.
 ...                                              
                                                  
l.1972 ...eencolor}{G_{a, \text{max}}})}} \right)}
                                                  
Try typing  <return>  to proceed.
If that doesn't work, type  X <return>  to quit.


! Package xcolor Error: Undefined color `methodcolor'.

See the xcolor package documentation for explanation.
Type  H <return>  for immediate help.
 ...                                              
                                                  
l.1972 ...eencolor}{G_{a, \text{max}}})}} \right)}
                                                  
Try typing  <return>  to proceed.
If that doesn't work, type  X <return>  to quit.


! Package xcolor Error: Undefined color `greencolor'.

See the xcolor package documentation for explanation.
Type  H <return>  for immediate help.
 ...                                              
                                                  
l.1972 ...eencolor}{G_{a, \text{max}}})}} \right)}
                                                  
Try typing  <return>  to proceed.
If that doesn't work, type  X <return>  to quit.


! Package xcolor Error: Undefined color `greencolor'.

See the xcolor package documentation for explanation.
Type  H <return>  for immediate help.
 ...                                              
                                                  
l.1972 ...eencolor}{G_{a, \text{max}}})}} \right)}
                                                  
Try typing  <return>  to proceed.
If that doesn't work, type  X <return>  to quit.


! Package xcolor Error: Undefined color `greencolor'.

See the xcolor package documentation for explanation.
Type  H <return>  for immediate help.
 ...                                              
                                                  
l.1975 ...e^{\beta (\textcolor{greencolor}{G_{ak}}
                                                   - \textcolor{greencolor}{...

Try typing  <return>  to proceed.
If that doesn't work, type  X <return>  to quit.


! Package xcolor Error: Undefined color `greencolor'.

See the xcolor package documentation for explanation.
Type  H <return>  for immediate help.
 ...                                              
                                                  
l.1975 ...textcolor{greencolor}{G_{a, \text{max}}}
                                                  )}$ for $k \neq \text{max}$.
Try typing  <return>  to proceed.
If that doesn't work, type  X <return>  to quit.


! Package xcolor Error: Undefined color `insightcolor'.

See the xcolor package documentation for explanation.
Type  H <return>  for immediate help.
 ...                                              
                                                  
l.1978 ...\beta \textcolor{insightcolor}{X_{il}}}}
                                                  , \quad \text{where } \bet...

Try typing  <return>  to proceed.
If that doesn't work, type  X <return>  to quit.


! Package xcolor Error: Undefined color `insightcolor'.

See the xcolor package documentation for explanation.
Type  H <return>  for immediate help.
 ...                                              
                                                  
l.1978 ...\beta \textcolor{insightcolor}{X_{il}}}}
                                                  , \quad \text{where } \bet...

Try typing  <return>  to proceed.
If that doesn't work, type  X <return>  to quit.

! Undefined control sequence.
<recently read> \T 
                   
l.1982 ... \in [3.3, \infty)$ corresponding to $\T
                                                   \in (0, 0.3]$ for non-cre...
The control sequence at the end of the top line
of your error message was never \def'ed. If you have
misspelled it (e.g., `\hobx'), type `I' and the correct
spelling (e.g., `I\hbox'). Otherwise just continue,
and I'll forget about whatever was undefined.

File: polytechnique-logohori.pdf Graphic file (type pdf)
<use polytechnique-logohori.pdf>
Package pdftex.def Info: polytechnique-logohori.pdf  used on input line 1990.
(pdftex.def)             Requested size: 80.52292pt x 56.90158pt.
[39]

! Package xcolor Error: Undefined color `insightcolor'.

See the xcolor package documentation for explanation.
Type  H <return>  for immediate help.
 ...                                              
                                                  
l.1999 \end{align}
                  
Try typing  <return>  to proceed.
If that doesn't work, type  X <return>  to quit.


! Package xcolor Error: Undefined color `insightcolor'.

See the xcolor package documentation for explanation.
Type  H <return>  for immediate help.
 ...                                              
                                                  
l.1999 \end{align}
                  
Try typing  <return>  to proceed.
If that doesn't work, type  X <return>  to quit.


! Package xcolor Error: Undefined color `methodcolor'.

See the xcolor package documentation for explanation.
Type  H <return>  for immediate help.
 ...                                              
                                                  
l.1999 \end{align}
                  
Try typing  <return>  to proceed.
If that doesn't work, type  X <return>  to quit.


! Package xcolor Error: Undefined color `methodcolor'.

See the xcolor package documentation for explanation.
Type  H <return>  for immediate help.
 ...                                              
                                                  
l.1999 \end{align}
                  
Try typing  <return>  to proceed.
If that doesn't work, type  X <return>  to quit.


! Package xcolor Error: Undefined color `insightcolor'.

See the xcolor package documentation for explanation.
Type  H <return>  for immediate help.
 ...                                              
                                                  
l.1999 \end{align}
                  
Try typing  <return>  to proceed.
If that doesn't work, type  X <return>  to quit.


! Package xcolor Error: Undefined color `insightcolor'.

See the xcolor package documentation for explanation.
Type  H <return>  for immediate help.
 ...                                              
                                                  
l.1999 \end{align}
                  
Try typing  <return>  to proceed.
If that doesn't work, type  X <return>  to quit.


! Package xcolor Error: Undefined color `methodcolor'.

See the xcolor package documentation for explanation.
Type  H <return>  for immediate help.
 ...                                              
                                                  
l.1999 \end{align}
                  
Try typing  <return>  to proceed.
If that doesn't work, type  X <return>  to quit.


! Package xcolor Error: Undefined color `methodcolor'.

See the xcolor package documentation for explanation.
Type  H <return>  for immediate help.
 ...                                              
                                                  
l.1999 \end{align}
                  
Try typing  <return>  to proceed.
If that doesn't work, type  X <return>  to quit.


! Package xcolor Error: Undefined color `insightcolor'.

See the xcolor package documentation for explanation.
Type  H <return>  for immediate help.
 ...                                              
                                                  
l.2007 \end{align}
                  
Try typing  <return>  to proceed.
If that doesn't work, type  X <return>  to quit.


! Package xcolor Error: Undefined color `methodcolor'.

See the xcolor package documentation for explanation.
Type  H <return>  for immediate help.
 ...                                              
                                                  
l.2007 \end{align}
                  
Try typing  <return>  to proceed.
If that doesn't work, type  X <return>  to quit.


! Package xcolor Error: Undefined color `methodcolor'.

See the xcolor package documentation for explanation.
Type  H <return>  for immediate help.
 ...                                              
                                                  
l.2007 \end{align}
                  
Try typing  <return>  to proceed.
If that doesn't work, type  X <return>  to quit.


! Package xcolor Error: Undefined color `methodcolor'.

See the xcolor package documentation for explanation.
Type  H <return>  for immediate help.
 ...                                              
                                                  
l.2007 \end{align}
                  
Try typing  <return>  to proceed.
If that doesn't work, type  X <return>  to quit.


! Package xcolor Error: Undefined color `methodcolor'.

See the xcolor package documentation for explanation.
Type  H <return>  for immediate help.
 ...                                              
                                                  
l.2007 \end{align}
                  
Try typing  <return>  to proceed.
If that doesn't work, type  X <return>  to quit.


! Package xcolor Error: Undefined color `insightcolor'.

See the xcolor package documentation for explanation.
Type  H <return>  for immediate help.
 ...                                              
                                                  
l.2007 \end{align}
                  
Try typing  <return>  to proceed.
If that doesn't work, type  X <return>  to quit.


! Package xcolor Error: Undefined color `methodcolor'.

See the xcolor package documentation for explanation.
Type  H <return>  for immediate help.
 ...                                              
                                                  
l.2007 \end{align}
                  
Try typing  <return>  to proceed.
If that doesn't work, type  X <return>  to quit.


! Package xcolor Error: Undefined color `methodcolor'.

See the xcolor package documentation for explanation.
Type  H <return>  for immediate help.
 ...                                              
                                                  
l.2007 \end{align}
                  
Try typing  <return>  to proceed.
If that doesn't work, type  X <return>  to quit.


! Package xcolor Error: Undefined color `methodcolor'.

See the xcolor package documentation for explanation.
Type  H <return>  for immediate help.
 ...                                              
                                                  
l.2007 \end{align}
                  
Try typing  <return>  to proceed.
If that doesn't work, type  X <return>  to quit.


! Package xcolor Error: Undefined color `methodcolor'.

See the xcolor package documentation for explanation.
Type  H <return>  for immediate help.
 ...                                              
                                                  
l.2007 \end{align}
                  
Try typing  <return>  to proceed.
If that doesn't work, type  X <return>  to quit.


! Package xcolor Error: Undefined color `insightcolor'.

See the xcolor package documentation for explanation.
Type  H <return>  for immediate help.
 ...                                              
                                                  
l.2012 ...olor{orange}{\delta_k}} + \dots \right)}
                                                   \label{eq:perturbative_so...

Try typing  <return>  to proceed.
If that doesn't work, type  X <return>  to quit.


! Package xcolor Error: Undefined color `methodcolor'.

See the xcolor package documentation for explanation.
Type  H <return>  for immediate help.
 ...                                              
                                                  
l.2012 ...olor{orange}{\delta_k}} + \dots \right)}
                                                   \label{eq:perturbative_so...

Try typing  <return>  to proceed.
If that doesn't work, type  X <return>  to quit.

File: polytechnique-logohori.pdf Graphic file (type pdf)
<use polytechnique-logohori.pdf>
Package pdftex.def Info: polytechnique-logohori.pdf  used on input line 2037.
(pdftex.def)             Requested size: 80.52292pt x 56.90158pt.
[40]

! Package xcolor Error: Undefined color `methodcolor'.

See the xcolor package documentation for explanation.
Type  H <return>  for immediate help.
 ...                                              
                                                  
l.2056 ... \{1, \ldots, \textcolor{methodcolor}{n}
                                                  \}$, let $\textcolor{sobol...

Try typing  <return>  to proceed.
If that doesn't work, type  X <return>  to quit.


! Package xcolor Error: Undefined color `insightcolor'.

See the xcolor package documentation for explanation.
Type  H <return>  for immediate help.
 ...                                              
                                                  
l.2056 ...a vector of $\textcolor{insightcolor}{P}
                                                  $ independent standard nor...

Try typing  <return>  to proceed.
If that doesn't work, type  X <return>  to quit.


! Package xcolor Error: Undefined color `breakthroughcolor'.

See the xcolor package documentation for explanation.
Type  H <return>  for immediate help.
 ...                                              
                                                  
l.2061 ...tcolor{breakthroughcolor}{\rho_{ij}^2}}}
                                                   \label{eq:generative_cons...

Try typing  <return>  to proceed.
If that doesn't work, type  X <return>  to quit.


! Package xcolor Error: Undefined color `breakthroughcolor'.

See the xcolor package documentation for explanation.
Type  H <return>  for immediate help.
 ...                                              
                                                  
l.2061 ...tcolor{breakthroughcolor}{\rho_{ij}^2}}}
                                                   \label{eq:generative_cons...

Try typing  <return>  to proceed.
If that doesn't work, type  X <return>  to quit.


! Package xcolor Error: Undefined color `resultcolor'.

See the xcolor package documentation for explanation.
Type  H <return>  for immediate help.
 ...                                              
                                                  
l.2064 ...color{resultcolor}{covariance structure}
                                                  :
Try typing  <return>  to proceed.
If that doesn't work, type  X <return>  to quit.


! Package xcolor Error: Undefined color `insightcolor'.

See the xcolor package documentation for explanation.
Type  H <return>  for immediate help.
 ...                                              
                                                  
l.2067 ...{ik}}, \textcolor{kernelcolor}{G_{jl}})}
                                                   = \mathbb{E}[\textcolor{k...

Try typing  <return>  to proceed.
If that doesn't work, type  X <return>  to quit.


! Package xcolor Error: Undefined color `breakthroughcolor'.

See the xcolor package documentation for explanation.
Type  H <return>  for immediate help.
 ...                                              
                                                  
l.2067 ...\textcolor{breakthroughcolor}{\rho_{ik}}
                                                   \textcolor{methodcolor}{\...

Try typing  <return>  to proceed.
If that doesn't work, type  X <return>  to quit.


! Package xcolor Error: Undefined color `methodcolor'.

See the xcolor package documentation for explanation.
Type  H <return>  for immediate help.
 ...                                              
                                                  
l.2067 ...{ik}} \textcolor{methodcolor}{\rho_{jl}}
                                                   \label{eq:separable_covar...

Try typing  <return>  to proceed.
If that doesn't work, type  X <return>  to quit.


! Package xcolor Error: Undefined color `breakthroughcolor'.

See the xcolor package documentation for explanation.
Type  H <return>  for immediate help.
 ...                                              
                                                  
l.2077 \end{align}
                  
Try typing  <return>  to proceed.
If that doesn't work, type  X <return>  to quit.


! Package xcolor Error: Undefined color `breakthroughcolor'.

See the xcolor package documentation for explanation.
Type  H <return>  for immediate help.
 ...                                              
                                                  
l.2077 \end{align}
                  
Try typing  <return>  to proceed.
If that doesn't work, type  X <return>  to quit.


! Package xcolor Error: Undefined color `breakthroughcolor'.

See the xcolor package documentation for explanation.
Type  H <return>  for immediate help.
 ...                                              
                                                  
l.2077 \end{align}
                  
Try typing  <return>  to proceed.
If that doesn't work, type  X <return>  to quit.


! Package xcolor Error: Undefined color `breakthroughcolor'.

See the xcolor package documentation for explanation.
Type  H <return>  for immediate help.
 ...                                              
                                                  
l.2077 \end{align}
                  
Try typing  <return>  to proceed.
If that doesn't work, type  X <return>  to quit.


! Package xcolor Error: Undefined color `breakthroughcolor'.

See the xcolor package documentation for explanation.
Type  H <return>  for immediate help.
 ...                                              
                                                  
l.2077 \end{align}
                  
Try typing  <return>  to proceed.
If that doesn't work, type  X <return>  to quit.


! Package xcolor Error: Undefined color `breakthroughcolor'.

See the xcolor package documentation for explanation.
Type  H <return>  for immediate help.
 ...                                              
                                                  
l.2077 \end{align}
                  
Try typing  <return>  to proceed.
If that doesn't work, type  X <return>  to quit.


! Package xcolor Error: Undefined color `breakthroughcolor'.

See the xcolor package documentation for explanation.
Type  H <return>  for immediate help.
 ...                                              
                                                  
l.2077 \end{align}
                  
Try typing  <return>  to proceed.
If that doesn't work, type  X <return>  to quit.


! Package xcolor Error: Undefined color `breakthroughcolor'.

See the xcolor package documentation for explanation.
Type  H <return>  for immediate help.
 ...                                              
                                                  
l.2077 \end{align}
                  
Try typing  <return>  to proceed.
If that doesn't work, type  X <return>  to quit.


! Package xcolor Error: Undefined color `breakthroughcolor'.

See the xcolor package documentation for explanation.
Type  H <return>  for immediate help.
 ...                                              
                                                  
l.2077 \end{align}
                  
Try typing  <return>  to proceed.
If that doesn't work, type  X <return>  to quit.


! Package xcolor Error: Undefined color `breakthroughcolor'.

See the xcolor package documentation for explanation.
Type  H <return>  for immediate help.
 ...                                              
                                                  
l.2077 \end{align}
                  
Try typing  <return>  to proceed.
If that doesn't work, type  X <return>  to quit.


! Package xcolor Error: Undefined color `breakthroughcolor'.

See the xcolor package documentation for explanation.
Type  H <return>  for immediate help.
 ...                                              
                                                  
l.2077 \end{align}
                  
Try typing  <return>  to proceed.
If that doesn't work, type  X <return>  to quit.


! Package xcolor Error: Undefined color `breakthroughcolor'.

See the xcolor package documentation for explanation.
Type  H <return>  for immediate help.
 ...                                              
                                                  
l.2077 \end{align}
                  
Try typing  <return>  to proceed.
If that doesn't work, type  X <return>  to quit.


! Package xcolor Error: Undefined color `breakthroughcolor'.

See the xcolor package documentation for explanation.
Type  H <return>  for immediate help.
 ...                                              
                                                  
l.2077 \end{align}
                  
Try typing  <return>  to proceed.
If that doesn't work, type  X <return>  to quit.


! Package xcolor Error: Undefined color `breakthroughcolor'.

See the xcolor package documentation for explanation.
Type  H <return>  for immediate help.
 ...                                              
                                                  
l.2077 \end{align}
                  
Try typing  <return>  to proceed.
If that doesn't work, type  X <return>  to quit.


! Package xcolor Error: Undefined color `breakthroughcolor'.

See the xcolor package documentation for explanation.
Type  H <return>  for immediate help.
 ...                                              
                                                  
l.2077 \end{align}
                  
Try typing  <return>  to proceed.
If that doesn't work, type  X <return>  to quit.


! Package xcolor Error: Undefined color `breakthroughcolor'.

See the xcolor package documentation for explanation.
Type  H <return>  for immediate help.
 ...                                              
                                                  
l.2077 \end{align}
                  
Try typing  <return>  to proceed.
If that doesn't work, type  X <return>  to quit.


! Package xcolor Error: Undefined color `breakthroughcolor'.

See the xcolor package documentation for explanation.
Type  H <return>  for immediate help.
 ...                                              
                                                  
l.2077 \end{align}
                  
Try typing  <return>  to proceed.
If that doesn't work, type  X <return>  to quit.


! Package xcolor Error: Undefined color `breakthroughcolor'.

See the xcolor package documentation for explanation.
Type  H <return>  for immediate help.
 ...                                              
                                                  
l.2077 \end{align}
                  
Try typing  <return>  to proceed.
If that doesn't work, type  X <return>  to quit.


! Package xcolor Error: Undefined color `breakthroughcolor'.

See the xcolor package documentation for explanation.
Type  H <return>  for immediate help.
 ...                                              
                                                  
l.2077 \end{align}
                  
Try typing  <return>  to proceed.
If that doesn't work, type  X <return>  to quit.


! Package xcolor Error: Undefined color `breakthroughcolor'.

See the xcolor package documentation for explanation.
Type  H <return>  for immediate help.
 ...                                              
                                                  
l.2077 \end{align}
                  
Try typing  <return>  to proceed.
If that doesn't work, type  X <return>  to quit.


! Package xcolor Error: Undefined color `breakthroughcolor'.

See the xcolor package documentation for explanation.
Type  H <return>  for immediate help.
 ...                                              
                                                  
l.2077 \end{align}
                  
Try typing  <return>  to proceed.
If that doesn't work, type  X <return>  to quit.


! Package xcolor Error: Undefined color `breakthroughcolor'.

See the xcolor package documentation for explanation.
Type  H <return>  for immediate help.
 ...                                              
                                                  
l.2077 \end{align}
                  
Try typing  <return>  to proceed.
If that doesn't work, type  X <return>  to quit.


! Package xcolor Error: Undefined color `breakthroughcolor'.

See the xcolor package documentation for explanation.
Type  H <return>  for immediate help.
 ...                                              
                                                  
l.2077 \end{align}
                  
Try typing  <return>  to proceed.
If that doesn't work, type  X <return>  to quit.


! Package xcolor Error: Undefined color `breakthroughcolor'.

See the xcolor package documentation for explanation.
Type  H <return>  for immediate help.
 ...                                              
                                                  
l.2077 \end{align}
                  
Try typing  <return>  to proceed.
If that doesn't work, type  X <return>  to quit.


! Package xcolor Error: Undefined color `breakthroughcolor'.

See the xcolor package documentation for explanation.
Type  H <return>  for immediate help.
 ...                                              
                                                  
l.2077 \end{align}
                  
Try typing  <return>  to proceed.
If that doesn't work, type  X <return>  to quit.


! Package xcolor Error: Undefined color `breakthroughcolor'.

See the xcolor package documentation for explanation.
Type  H <return>  for immediate help.
 ...                                              
                                                  
l.2077 \end{align}
                  
Try typing  <return>  to proceed.
If that doesn't work, type  X <return>  to quit.


! Package xcolor Error: Undefined color `breakthroughcolor'.

See the xcolor package documentation for explanation.
Type  H <return>  for immediate help.
 ...                                              
                                                  
l.2079 ...\textcolor{breakthroughcolor}{\rho_{ii}}
                                                   = 1$ for the diagonal ter...

Try typing  <return>  to proceed.
If that doesn't work, type  X <return>  to quit.


! Package xcolor Error: Undefined color `methodcolor'.

See the xcolor package documentation for explanation.
Type  H <return>  for immediate help.
 ...                                              
                                                  
l.2079 ...equires only $\textcolor{methodcolor}{n}
                                                  \textcolor{insightcolor}{P...

Try typing  <return>  to proceed.
If that doesn't work, type  X <return>  to quit.


! Package xcolor Error: Undefined color `insightcolor'.

See the xcolor package documentation for explanation.
Type  H <return>  for immediate help.
 ...                                              
                                                  
l.2079 ...thodcolor}{n}\textcolor{insightcolor}{P}
                                                   + 1$ independent random v...

Try typing  <return>  to proceed.
If that doesn't work, type  X <return>  to quit.


! Package xcolor Error: Undefined color `methodcolor'.

See the xcolor package documentation for explanation.
Type  H <return>  for immediate help.
 ...                                              
                                                  
l.2079 ...f the full $\textcolor{methodcolor}{n^2}
                                                  \textcolor{insightcolor}{P...

Try typing  <return>  to proceed.
If that doesn't work, type  X <return>  to quit.


! Package xcolor Error: Undefined color `insightcolor'.

See the xcolor package documentation for explanation.
Type  H <return>  for immediate help.
 ...                                              
                                                  
l.2079 ...odcolor}{n^2}\textcolor{insightcolor}{P}
                                                  $ variables needed for dir...

Try typing  <return>  to proceed.
If that doesn't work, type  X <return>  to quit.

File: polytechnique-logohori.pdf Graphic file (type pdf)
<use polytechnique-logohori.pdf>
Package pdftex.def Info: polytechnique-logohori.pdf  used on input line 2080.
(pdftex.def)             Requested size: 80.52292pt x 56.90158pt.
[41]

! Package xcolor Error: Undefined color `methodcolor'.

See the xcolor package documentation for explanation.
Type  H <return>  for immediate help.
 ...                                              
                                                  
l.2082 ...l requires $\textcolor{methodcolor}{n^2}
                                                   + 1$ independent random v...

Try typing  <return>  to proceed.
If that doesn't work, type  X <return>  to quit.


! Package xcolor Error: Undefined color `methodcolor'.

See the xcolor package documentation for explanation.
Type  H <return>  for immediate help.
 ...                                              
                                                  
l.2082 ... necessary $\textcolor{methodcolor}{n^2}
                                                  \textcolor{insightcolor}{P...

Try typing  <return>  to proceed.
If that doesn't work, type  X <return>  to quit.


! Package xcolor Error: Undefined color `insightcolor'.

See the xcolor package documentation for explanation.
Type  H <return>  for immediate help.
 ...                                              
                                                  
l.2082 ...odcolor}{n^2}\textcolor{insightcolor}{P}
                                                  $ variables needed for dir...

Try typing  <return>  to proceed.
If that doesn't work, type  X <return>  to quit.


! Package xcolor Error: Undefined color `methodcolor'.

See the xcolor package documentation for explanation.
Type  H <return>  for immediate help.
 ...                                              
                                                  
l.2082 ...ables than $\textcolor{methodcolor}{n^2}
                                                   - 1$, but we preserve a c...

Try typing  <return>  to proceed.
If that doesn't work, type  X <return>  to quit.


! Package xcolor Error: Undefined color `breakthroughcolor'.

See the xcolor package documentation for explanation.
Type  H <return>  for immediate help.
 ...                                              
                                                  
l.2082 ... to $\textcolor{breakthroughcolor}{\rho}
                                                  $ in the definition, which...

Try typing  <return>  to proceed.
If that doesn't work, type  X <return>  to quit.

File: polytechnique-logohori.pdf Graphic file (type pdf)
<use polytechnique-logohori.pdf>
Package pdftex.def Info: polytechnique-logohori.pdf  used on input line 2124.
(pdftex.def)             Requested size: 80.52292pt x 56.90158pt.
[42]
File: polytechnique-logohori.pdf Graphic file (type pdf)
<use polytechnique-logohori.pdf>
Package pdftex.def Info: polytechnique-logohori.pdf  used on input line 2144.
(pdftex.def)             Requested size: 80.52292pt x 56.90158pt.
 [43]
LaTeX Info: Redefining \\ on input line 2145.
File: polytechnique-filetlongrouge.pdf Graphic file (type pdf)
<use polytechnique-filetlongrouge.pdf>
Package pdftex.def Info: polytechnique-filetlongrouge.pdf  used on input line 2
145.
(pdftex.def)             Requested size: 124.21375pt x 2.16808pt.

! Undefined control sequence.
l.2159 ...el in terms of the Gram matrix ($K = \bm
                                                  {x}^\top\bm{x}'$). This wo...
The control sequence at the end of the top line
of your error message was never \def'ed. If you have
misspelled it (e.g., `\hobx'), type `I' and the correct
spelling (e.g., `I\hbox'). Otherwise just continue,
and I'll forget about whatever was undefined.

! Undefined control sequence.
l.2159 ... of the Gram matrix ($K = \bm{x}^\top\bm
                                                  {x}'$). This would allow f...
The control sequence at the end of the top line
of your error message was never \def'ed. If you have
misspelled it (e.g., `\hobx'), type `I' and the correct
spelling (e.g., `I\hbox'). Otherwise just continue,
and I'll forget about whatever was undefined.

File: polytechnique-logohori.pdf Graphic file (type pdf)
<use polytechnique-logohori.pdf>
Package pdftex.def Info: polytechnique-logohori.pdf  used on input line 2190.
(pdftex.def)             Requested size: 80.52292pt x 56.90158pt.
[44]
! Undefined control sequence.
<recently read> \bm 
                    
l.2195 ...distribution for the random weights $\bm
                                                  {w}$. This choice may alig...
The control sequence at the end of the top line
of your error message was never \def'ed. If you have
misspelled it (e.g., `\hobx'), type `I' and the correct
spelling (e.g., `I\hbox'). Otherwise just continue,
and I'll forget about whatever was undefined.

! Undefined control sequence.
<recently read> \bm 
                    
l.2195 ... weights with opposite signs (e.g., $\bm
                                                  {w}$ and $-\bm{w}$) could ...
The control sequence at the end of the top line
of your error message was never \def'ed. If you have
misspelled it (e.g., `\hobx'), type `I' and the correct
spelling (e.g., `I\hbox'). Otherwise just continue,
and I'll forget about whatever was undefined.

! Undefined control sequence.
l.2195 ...opposite signs (e.g., $\bm{w}$ and $-\bm
                                                  {w}$) could create basis f...
The control sequence at the end of the top line
of your error message was never \def'ed. If you have
misspelled it (e.g., `\hobx'), type `I' and the correct
spelling (e.g., `I\hbox'). Otherwise just continue,
and I'll forget about whatever was undefined.

File: polytechnique-logohori.pdf Graphic file (type pdf)
<use polytechnique-logohori.pdf>
Package pdftex.def Info: polytechnique-logohori.pdf  used on input line 2209.
(pdftex.def)             Requested size: 80.52292pt x 56.90158pt.
[45]
! Undefined control sequence.
<argument> \mathds 
                   {1}
l.2223 ...thbf{J} = \frac{1}{d}\mathbf{\mathds{1}}
                                                  \mathbf{\mathds{1}}^\top$
The control sequence at the end of the top line
of your error message was never \def'ed. If you have
misspelled it (e.g., `\hobx'), type `I' and the correct
spelling (e.g., `I\hbox'). Otherwise just continue,
and I'll forget about whatever was undefined.

! Undefined control sequence.
<argument> \mathds 
                   {1}
l.2223 ...d}\mathbf{\mathds{1}}\mathbf{\mathds{1}}
                                                  ^\top$
The control sequence at the end of the top line
of your error message was never \def'ed. If you have
misspelled it (e.g., `\hobx'), type `I' and the correct
spelling (e.g., `I\hbox'). Otherwise just continue,
and I'll forget about whatever was undefined.

File: polytechnique-logohori.pdf Graphic file (type pdf)
<use polytechnique-logohori.pdf>
Package pdftex.def Info: polytechnique-logohori.pdf  used on input line 2229.
(pdftex.def)             Requested size: 80.52292pt x 56.90158pt.
[46]
LaTeX Info: Redefining \\ on input line 2230.
File: polytechnique-filetlongrouge.pdf Graphic file (type pdf)
<use polytechnique-filetlongrouge.pdf>
Package pdftex.def Info: polytechnique-filetlongrouge.pdf  used on input line 2
230.
(pdftex.def)             Requested size: 124.21375pt x 2.16808pt.
File: polytechnique-logohori.pdf Graphic file (type pdf)
<use polytechnique-logohori.pdf>
Package pdftex.def Info: polytechnique-logohori.pdf  used on input line 2258.
(pdftex.def)             Requested size: 80.52292pt x 56.90158pt.
 [47]
LaTeX Info: Redefining \\ on input line 2260.
File: polytechnique-filetlongrouge.pdf Graphic file (type pdf)
<use polytechnique-filetlongrouge.pdf>
Package pdftex.def Info: polytechnique-filetlongrouge.pdf  used on input line 2
260.
(pdftex.def)             Requested size: 124.21375pt x 2.16808pt.
File: polytechnique-filetcourt.pdf Graphic file (type pdf)
<use polytechnique-filetcourt.pdf>
Package pdftex.def Info: polytechnique-filetcourt.pdf  used on input line 2263.

(pdftex.def)             Requested size: 28.40604pt x 2.16808pt.
File: polytechnique-logohori.pdf Graphic file (type pdf)
<use polytechnique-logohori.pdf>
Package pdftex.def Info: polytechnique-logohori.pdf  used on input line 2279.
(pdftex.def)             Requested size: 80.52292pt x 56.90158pt.
 [48]
Underfull \hbox (badness 10000) in paragraph at lines 2289--2290

 []


Underfull \hbox (badness 10000) in paragraph at lines 2291--2292

 []

File: polytechnique-filetcourt.pdf Graphic file (type pdf)
<use polytechnique-filetcourt.pdf>
Package pdftex.def Info: polytechnique-filetcourt.pdf  used on input line 2306.

(pdftex.def)             Requested size: 28.40604pt x 2.16808pt.
File: polytechnique-logohori.pdf Graphic file (type pdf)
<use polytechnique-logohori.pdf>
Package pdftex.def Info: polytechnique-logohori.pdf  used on input line 2322.
(pdftex.def)             Requested size: 80.52292pt x 56.90158pt.
[49]
File: polytechnique-logohori.pdf Graphic file (type pdf)
<use polytechnique-logohori.pdf>
Package pdftex.def Info: polytechnique-logohori.pdf  used on input line 2377.
(pdftex.def)             Requested size: 80.52292pt x 56.90158pt.
 [50]
File: polytechnique-logohori.pdf Graphic file (type pdf)
<use polytechnique-logohori.pdf>
Package pdftex.def Info: polytechnique-logohori.pdf  used on input line 2420.
(pdftex.def)             Requested size: 80.52292pt x 56.90158pt.
 [51]

Package hyperref Warning: Token not allowed in a PDF string (Unicode):
(hyperref)                removing `math shift' on input line 2436.


Package hyperref Warning: Token not allowed in a PDF string (Unicode):
(hyperref)                removing `superscript' on input line 2436.


Package hyperref Warning: Token not allowed in a PDF string (Unicode):
(hyperref)                removing `math shift' on input line 2436.


Package hyperref Warning: Token not allowed in a PDF string (Unicode):
(hyperref)                removing `math shift' on input line 2458.


Package hyperref Warning: Token not allowed in a PDF string (Unicode):
(hyperref)                removing `superscript' on input line 2458.


Package hyperref Warning: Token not allowed in a PDF string (Unicode):
(hyperref)                removing `math shift' on input line 2458.


LaTeX Warning: Hyper reference `sec:appendix_complete_expression' on page 52 un
defined on input line 2462.

File: polytechnique-logohori.pdf Graphic file (type pdf)
<use polytechnique-logohori.pdf>
Package pdftex.def Info: polytechnique-logohori.pdf  used on input line 2470.
(pdftex.def)             Requested size: 80.52292pt x 56.90158pt.
[52]
LaTeX Info: Redefining \\ on input line 2473.
File: polytechnique-filetlongrouge.pdf Graphic file (type pdf)
<use polytechnique-filetlongrouge.pdf>
Package pdftex.def Info: polytechnique-filetlongrouge.pdf  used on input line 2
473.
(pdftex.def)             Requested size: 124.21375pt x 2.16808pt.

Overfull \hbox (14.19983pt too wide) in paragraph at lines 2478--2478
|\T1/lmr/m/sc/14.4 10.1 Per-sonal Con-tri-bu-tion: Re-cur-sive Anal-y-sis of Ne
t-work Depth| 
 []

File: polytechnique-filetcourt.pdf Graphic file (type pdf)
<use polytechnique-filetcourt.pdf>
Package pdftex.def Info: polytechnique-filetcourt.pdf  used on input line 2478.

(pdftex.def)             Requested size: 28.40604pt x 2.16808pt.
File: polytechnique-logohori.pdf Graphic file (type pdf)
<use polytechnique-logohori.pdf>
Package pdftex.def Info: polytechnique-logohori.pdf  used on input line 2522.
(pdftex.def)             Requested size: 80.52292pt x 56.90158pt.
[53]

! Package xcolor Error: Undefined color `widthcolor'.

See the xcolor package documentation for explanation.
Type  H <return>  for immediate help.
 ...                                              
                                                  
l.2536 \end{align}
                  
Try typing  <return>  to proceed.
If that doesn't work, type  X <return>  to quit.


! Package xcolor Error: Undefined color `widthcolor'.

See the xcolor package documentation for explanation.
Type  H <return>  for immediate help.
 ...                                              
                                                  
l.2536 \end{align}
                  
Try typing  <return>  to proceed.
If that doesn't work, type  X <return>  to quit.


! Package xcolor Error: Undefined color `widthcolor'.

See the xcolor package documentation for explanation.
Type  H <return>  for immediate help.
 ...                                              
                                                  
l.2536 \end{align}
                  
Try typing  <return>  to proceed.
If that doesn't work, type  X <return>  to quit.


! Package xcolor Error: Undefined color `widthcolor'.

See the xcolor package documentation for explanation.
Type  H <return>  for immediate help.
 ...                                              
                                                  
l.2536 \end{align}
                  
Try typing  <return>  to proceed.
If that doesn't work, type  X <return>  to quit.


! Package xcolor Error: Undefined color `widthcolor'.

See the xcolor package documentation for explanation.
Type  H <return>  for immediate help.
 ...                                              
                                                  
l.2538 ...)})^T}{\sqrt{\textcolor{widthcolor}{m}}}
                                                   \ReLU '_{\ell+1}(x_\mu)$.
Try typing  <return>  to proceed.
If that doesn't work, type  X <return>  to quit.


! Package xcolor Error: Undefined color `widthcolor'.

See the xcolor package documentation for explanation.
Type  H <return>  for immediate help.
 ...                                              
                                                  
l.2545 ...l+1)}}{\sqrt{\textcolor{widthcolor}{m}}}
                                                   \right\|_{\text{op}} \xri...

Try typing  <return>  to proceed.
If that doesn't work, type  X <return>  to quit.

! Missing $ inserted.
<inserted text> 
                $
l.2569 ...ecursion Formula}},enhanced,drop shadow]
                                                  
I've inserted a begin-math/end-math symbol since I think
you left one out. Proceed, with fingers crossed.

! Extra }, or forgotten $.
<recently read> \egroup 
                        
l.2569 ...ecursion Formula}},enhanced,drop shadow]
                                                  
I've deleted a group-closing symbol because it seems to be
spurious, as in `$x}$'. But perhaps the } is legitimate and
you forgot something else, as in `\hbox{$x}'. In such cases
the way to recover is to insert both the forgotten and the
deleted material, e.g., by typing `I$}'.

! Missing $ inserted.
<inserted text> 
                $
l.2569 ...ecursion Formula}},enhanced,drop shadow]
                                                  
I've inserted a begin-math/end-math symbol since I think
you left one out. Proceed, with fingers crossed.

! Missing } inserted.
<inserted text> 
                }
l.2569 ...ecursion Formula}},enhanced,drop shadow]
                                                  
I've inserted something that you may have forgotten.
(See the <inserted text> above.)
With luck, this will get me unwedged. But if you
really didn't forget anything, try typing `2' now; then
my insertion and my current dilemma will both disappear.


! Package xcolor Error: Undefined color `widthcolor'.

See the xcolor package documentation for explanation.
Type  H <return>  for immediate help.
 ...                                              
                                                  
l.2574 ...\ell)} (\delta_\gamma x^{(\ell-1)}_\mu)}
                                                  
Try typing  <return>  to proceed.
If that doesn't work, type  X <return>  to quit.

File: polytechnique-logohori.pdf Graphic file (type pdf)
<use polytechnique-logohori.pdf>
Package pdftex.def Info: polytechnique-logohori.pdf  used on input line 2581.
(pdftex.def)             Requested size: 80.52292pt x 56.90158pt.
[54]
File: polytechnique-filetcourt.pdf Graphic file (type pdf)
<use polytechnique-filetcourt.pdf>
Package pdftex.def Info: polytechnique-filetcourt.pdf  used on input line 2586.

(pdftex.def)             Requested size: 28.40604pt x 2.16808pt.
File: polytechnique-logohori.pdf Graphic file (type pdf)
<use polytechnique-logohori.pdf>
Package pdftex.def Info: polytechnique-logohori.pdf  used on input line 2622.
(pdftex.def)             Requested size: 80.52292pt x 56.90158pt.
 [55]
LaTeX Info: Redefining \\ on input line 2625.
File: polytechnique-filetlongrouge.pdf Graphic file (type pdf)
<use polytechnique-filetlongrouge.pdf>
Package pdftex.def Info: polytechnique-filetlongrouge.pdf  used on input line 2
625.
(pdftex.def)             Requested size: 124.21375pt x 2.16808pt.
File: polytechnique-filetcourt.pdf Graphic file (type pdf)
<use polytechnique-filetcourt.pdf>
Package pdftex.def Info: polytechnique-filetcourt.pdf  used on input line 2627.

(pdftex.def)             Requested size: 28.40604pt x 2.16808pt.
File: polytechnique-filetcourt.pdf Graphic file (type pdf)
<use polytechnique-filetcourt.pdf>
Package pdftex.def Info: polytechnique-filetcourt.pdf  used on input line 2632.

(pdftex.def)             Requested size: 28.40604pt x 2.16808pt.
File: polytechnique-filetcourt.pdf Graphic file (type pdf)
<use polytechnique-filetcourt.pdf>
Package pdftex.def Info: polytechnique-filetcourt.pdf  used on input line 2642.

(pdftex.def)             Requested size: 28.40604pt x 2.16808pt.
LaTeX Font Info:    Trying to load font information for T1+lmtt on input line 2
646.
 (/usr/share/texmf/tex/latex/lm/t1lmtt.fd
File: t1lmtt.fd 2015/05/01 v1.6.1 Font defs for Latin Modern
)
Overfull \hbox (256.95442pt too wide) in paragraph at lines 2649--2650
[]\T1/lmtt/m/n/10 L_VALUES\T1/lmr/m/n/10 : The net-work depth (re-ferred to as 
$\OML/lmm/m/it/10 L$ \T1/lmr/m/n/10 in our for-mu-las), $\OML/lmm/m/it/10 H \OM
S/lmsy/m/n/10 2 f\OT1/lmr/m/n/10 2\OML/lmm/m/it/10 ; \OT1/lmr/m/n/10 4\OML/lmm/
m/it/10 ; \OT1/lmr/m/n/10 6\OML/lmm/m/it/10 ; \OT1/lmr/m/n/10 8\OML/lmm/m/it/10
 ; \OT1/lmr/m/n/10 10\OML/lmm/m/it/10 ; \OT1/lmr/m/n/10 12\OML/lmm/m/it/10 ; \O
T1/lmr/m/n/10 14\OML/lmm/m/it/10 ; \OT1/lmr/m/n/10 16\OML/lmm/m/it/10 ; \OT1/lm
r/m/n/10 18\OML/lmm/m/it/10 ; \OT1/lmr/m/n/10 20\OML/lmm/m/it/10 ; \OT1/lmr/m/n
/10 22\OML/lmm/m/it/10 ; \OT1/lmr/m/n/10 24\OML/lmm/m/it/10 ; \OT1/lmr/m/n/10 2
6\OML/lmm/m/it/10 ; \OT1/lmr/m/n/10 30\OML/lmm/m/it/10 ; \OT1/lmr/m/n/10 32\OML
/lmm/m/it/10 ; \OT1/lmr/m/n/10 34\OML/lmm/m/it/10 ; \OT1/lmr/m/n/10 36\OML/lmm/
m/it/10 ; \OT1/lmr/m/n/10 38\OML/lmm/m/it/10 ; \OT1/lmr/m/n/10 40\OML/lmm/m/it/
10 ; \OT1/lmr/m/n/10 42\OML/lmm/m/it/10 ; \OT1/lmr/m/n/10 44\OML/lmm/m/it/10 ; 
\OT1/lmr/m/n/10 46\OML/lmm/m/it/10 ; \OT1/lmr/m/n/10 48\OML/lmm/m/it/10 ; \OT1/
lmr/m/n/10 50\OML/lmm/m/it/10 ; \OT1/lmr/m/n/10 52\OML/lmm/m/it/10 ; \OT1/lmr/m
/n/10 54\OML/lmm/m/it/10 ; \OT1/lmr/m/n/10 56\OML/lmm/m/it/10 ; \OT1/lmr/m/n/10
 58\OML/lmm/m/it/10 ; \OT1/lmr/m/n/10 70\OML/lmm/m/it/10 ; \OT1/lmr/m/n/10 90\O
MS/lmsy/m/n/10 g$ 
 []

Runaway argument?
! Paragraph ended before \hyper@link@ was complete.
<to be read again> 
                   \par 
l.2653 
       
I suspect you've forgotten a `}', causing me to apply this
control sequence to too much text. How can we recover?
My plan is to forget the whole thing and hope for the best.

File: polytechnique-logohori.pdf Graphic file (type pdf)
<use polytechnique-logohori.pdf>
Package pdftex.def Info: polytechnique-logohori.pdf  used on input line 2664.
(pdftex.def)             Requested size: 80.52292pt x 56.90158pt.
[56]
File: polytechnique-filetcourt.pdf Graphic file (type pdf)
<use polytechnique-filetcourt.pdf>
Package pdftex.def Info: polytechnique-filetcourt.pdf  used on input line 2667.

(pdftex.def)             Requested size: 28.40604pt x 2.16808pt.


! LaTeX Error: Unicode character 🎯 (U+1F3AF)
               not set up for use with LaTeX.

See the LaTeX manual or LaTeX Companion for explanation.
Type  H <return>  for immediate help.
 ...                                              
                                                  
l.2669 ...ICAL SCALING LAW}},enhanced,drop shadow]
                                                  
You may provide a definition with
\DeclareUnicodeCharacter 


! LaTeX Error: Unicode character 🎯 (U+1F3AF)
               not set up for use with LaTeX.

See the LaTeX manual or LaTeX Companion for explanation.
Type  H <return>  for immediate help.
 ...                                              
                                                  
l.2690 ...ependent Scaling}},enhanced,drop shadow]
                                                  
You may provide a definition with
\DeclareUnicodeCharacter 

File: polytechnique-logohori.pdf Graphic file (type pdf)
<use polytechnique-logohori.pdf>
Package pdftex.def Info: polytechnique-logohori.pdf  used on input line 2705.
(pdftex.def)             Requested size: 80.52292pt x 56.90158pt.
[57]

! LaTeX Error: Unicode character 🎯 (U+1F3AF)
               not set up for use with LaTeX.

See the LaTeX manual or LaTeX Companion for explanation.
Type  H <return>  for immediate help.
 ...                                              
                                                  
l.2739 ...AL WIDTH FORMULA}},enhanced,drop shadow]
                                                  
You may provide a definition with
\DeclareUnicodeCharacter 

File: polytechnique-logohori.pdf Graphic file (type pdf)
<use polytechnique-logohori.pdf>
Package pdftex.def Info: polytechnique-logohori.pdf  used on input line 2760.
(pdftex.def)             Requested size: 80.52292pt x 56.90158pt.
[58]

LaTeX Warning: Reference `fig:spectral_radius_all_configs' on page 59 undefined
 on input line 2762.


! LaTeX Error: Unicode character 🔍 (U+1F50D)
               not set up for use with LaTeX.

See the LaTeX manual or LaTeX Companion for explanation.
Type  H <return>  for immediate help.
 ...                                              
                                                  
l.2770 ...-Wide Trade-offs}},enhanced,drop shadow]
                                                  
You may provide a definition with
\DeclareUnicodeCharacter 


! LaTeX Error: Unicode character 🎯 (U+1F3AF)
               not set up for use with LaTeX.

See the LaTeX manual or LaTeX Companion for explanation.
Type  H <return>  for immediate help.
 ...                                              
                                                  
l.2780 ... DEEPER VS WIDER}},enhanced,drop shadow]
                                                  
You may provide a definition with
\DeclareUnicodeCharacter 

File: polytechnique-logohori.pdf Graphic file (type pdf)
<use polytechnique-logohori.pdf>
Package pdftex.def Info: polytechnique-logohori.pdf  used on input line 2787.
(pdftex.def)             Requested size: 80.52292pt x 56.90158pt.
[59]
File: polytechnique-filetcourt.pdf Graphic file (type pdf)
<use polytechnique-filetcourt.pdf>
Package pdftex.def Info: polytechnique-filetcourt.pdf  used on input line 2797.

(pdftex.def)             Requested size: 28.40604pt x 2.16808pt.

! Undefined control sequence.
l.2798 ...sian of the NTK, hence we use \hypertext
                                                  {https://github.com/google...
The control sequence at the end of the top line
of your error message was never \def'ed. If you have
misspelled it (e.g., `\hobx'), type `I' and the correct
spelling (e.g., `I\hbox'). Otherwise just continue,
and I'll forget about whatever was undefined.


Package hyperref Warning: Token not allowed in a PDF string (Unicode):
(hyperref)                removing `math shift' on input line 2804.


Package hyperref Warning: Token not allowed in a PDF string (Unicode):
(hyperref)                removing `subscript' on input line 2804.


Package hyperref Warning: Token not allowed in a PDF string (Unicode):
(hyperref)                removing `math shift' on input line 2804.


Package hyperref Warning: Token not allowed in a PDF string (Unicode):
(hyperref)                removing `math shift' on input line 2804.


Package hyperref Warning: Token not allowed in a PDF string (Unicode):
(hyperref)                removing `subscript' on input line 2804.


Package hyperref Warning: Token not allowed in a PDF string (Unicode):
(hyperref)                removing `math shift' on input line 2804.


Package hyperref Warning: Token not allowed in a PDF string (Unicode):
(hyperref)                removing `math shift' on input line 2821.


Package hyperref Warning: Token not allowed in a PDF string (Unicode):
(hyperref)                removing `subscript' on input line 2821.


Package hyperref Warning: Token not allowed in a PDF string (Unicode):
(hyperref)                removing `math shift' on input line 2821.


! LaTeX Error: Unicode character 🔍 (U+1F50D)
               not set up for use with LaTeX.

See the LaTeX manual or LaTeX Companion for explanation.
Type  H <return>  for immediate help.
 ...                                              
                                                  
l.2826 ...ization of $K_4$}},enhanced,drop shadow]
                                                  
You may provide a definition with
\DeclareUnicodeCharacter 

File: polytechnique-logohori.pdf Graphic file (type pdf)
<use polytechnique-logohori.pdf>
Package pdftex.def Info: polytechnique-logohori.pdf  used on input line 2835.
(pdftex.def)             Requested size: 80.52292pt x 56.90158pt.
[60]

! LaTeX Error: Unicode character 🔍 (U+1F50D)
               not set up for use with LaTeX.

See the LaTeX manual or LaTeX Companion for explanation.
Type  H <return>  for immediate help.
 ...                                              
                                                  
l.2839 ...$m^2$ complexity}},enhanced,drop shadow]
                                                  
You may provide a definition with
\DeclareUnicodeCharacter 

File: polytechnique-logohori.pdf Graphic file (type pdf)
<use polytechnique-logohori.pdf>
Package pdftex.def Info: polytechnique-logohori.pdf  used on input line 2860.
(pdftex.def)             Requested size: 80.52292pt x 56.90158pt.
[61]
LaTeX Info: Redefining \\ on input line 2861.
File: polytechnique-filetlongrouge.pdf Graphic file (type pdf)
<use polytechnique-filetlongrouge.pdf>
Package pdftex.def Info: polytechnique-filetlongrouge.pdf  used on input line 2
861.
(pdftex.def)             Requested size: 124.21375pt x 2.16808pt.
File: polytechnique-filetcourt.pdf Graphic file (type pdf)
<use polytechnique-filetcourt.pdf>
Package pdftex.def Info: polytechnique-filetcourt.pdf  used on input line 2863.

(pdftex.def)             Requested size: 28.40604pt x 2.16808pt.
File: polytechnique-logohori.pdf Graphic file (type pdf)
<use polytechnique-logohori.pdf>
Package pdftex.def Info: polytechnique-logohori.pdf  used on input line 2906.
(pdftex.def)             Requested size: 80.52292pt x 56.90158pt.
 [62]
File: polytechnique-filetcourt.pdf Graphic file (type pdf)
<use polytechnique-filetcourt.pdf>
Package pdftex.def Info: polytechnique-filetcourt.pdf  used on input line 2911.

(pdftex.def)             Requested size: 28.40604pt x 2.16808pt.
<figures/largest_eigenvalue_vs_L_infinite.png, id=1328, 722.7pt x 433.62pt>
File: figures/largest_eigenvalue_vs_L_infinite.png Graphic file (type png)
<use figures/largest_eigenvalue_vs_L_infinite.png>
Package pdftex.def Info: figures/largest_eigenvalue_vs_L_infinite.png  used on 
input line 2922.
(pdftex.def)             Requested size: 338.58632pt x 203.15302pt.
<figures/kth_eigenvalue_vs_L_infinite.png, id=1330, 722.7pt x 433.62pt>
File: figures/kth_eigenvalue_vs_L_infinite.png Graphic file (type png)
<use figures/kth_eigenvalue_vs_L_infinite.png>
Package pdftex.def Info: figures/kth_eigenvalue_vs_L_infinite.png  used on inpu
t line 2929.
(pdftex.def)             Requested size: 338.58632pt x 203.15302pt.


LaTeX Warning: `!h' float specifier changed to `!ht'.

File: polytechnique-logohori.pdf Graphic file (type pdf)
<use polytechnique-logohori.pdf>
Package pdftex.def Info: polytechnique-logohori.pdf  used on input line 2937.
(pdftex.def)             Requested size: 80.52292pt x 56.90158pt.
[63 <./figures/largest_eigenvalue_vs_L_infinite.png>]
File: polytechnique-filetcourt.pdf Graphic file (type pdf)
<use polytechnique-filetcourt.pdf>
Package pdftex.def Info: polytechnique-filetcourt.pdf  used on input line 2939.

(pdftex.def)             Requested size: 28.40604pt x 2.16808pt.
File: polytechnique-logohori.pdf Graphic file (type pdf)
<use polytechnique-logohori.pdf>
Package pdftex.def Info: polytechnique-logohori.pdf  used on input line 2971.
(pdftex.def)             Requested size: 80.52292pt x 56.90158pt.
 [64 <./figures/kth_eigenvalue_vs_L_infinite.png>]

! LaTeX Error: Unicode character 💭 (U+1F4AD)
               not set up for use with LaTeX.

See the LaTeX manual or LaTeX Companion for explanation.
Type  H <return>  for immediate help.
 ...                                              
                                                  
l.2975 ... the Scaling Law}},enhanced,drop shadow]
                                                  
You may provide a definition with
\DeclareUnicodeCharacter 


! LaTeX Error: Unicode character 📊 (U+1F4CA)
               not set up for use with LaTeX.

See the LaTeX manual or LaTeX Companion for explanation.
Type  H <return>  for immediate help.
 ...                                              
                                                  
l.2979 ...on Decomposition}},enhanced,drop shadow]
                                                  
You may provide a definition with
\DeclareUnicodeCharacter 

File: polytechnique-filetcourt.pdf Graphic file (type pdf)
<use polytechnique-filetcourt.pdf>
Package pdftex.def Info: polytechnique-filetcourt.pdf  used on input line 2986.

(pdftex.def)             Requested size: 28.40604pt x 2.16808pt.
File: polytechnique-logohori.pdf Graphic file (type pdf)
<use polytechnique-logohori.pdf>
Package pdftex.def Info: polytechnique-logohori.pdf  used on input line 3002.
(pdftex.def)             Requested size: 80.52292pt x 56.90158pt.
[65]
Overfull \hbox (11.8676pt too wide) detected at line 3016
[][][]\OML/lmm/m/it/10 T[] \OT1/lmr/m/n/10 = \OMS/lmsy/m/n/10 ^^@ [] []\U/msb/m
/n/10 E[]\OT1/lmr/m/n/10 [([][] \OMS/lmsy/m/n/10 ^^A []\OT1/lmr/m/n/10 )(^^A\OM
L/lmm/m/it/10 f[] \OMS/lmsy/m/n/10 ^^A []\OT1/lmr/m/n/10 )] \OMS/lmsy/m/n/10 ^^
X \OT1/lmr/m/n/10 (\OML/lmm/m/it/10 N \OMS/lmsy/m/n/10 ^^@ \OT1/lmr/m/n/10 1) \
OMS/lmsy/m/n/10 ^^B [] ^^B \U/msb/m/n/10 E[]\OT1/lmr/m/n/10 [([][] \OMS/lmsy/m/
n/10 ^^A []\OT1/lmr/m/n/10 )(^^A\OML/lmm/m/it/10 f[] \OMS/lmsy/m/n/10 ^^A []\OT
1/lmr/m/n/10 )] \OMS/lmsy/m/n/10 ^^X O [] ^^B \U/msb/m/n/10 E[]\OT1/lmr/m/n/10 
[([][] \OMS/lmsy/m/n/10 ^^A []\OT1/lmr/m/n/10 )(^^A\OML/lmm/m/it/10 f[] \OMS/lm
sy/m/n/10 ^^A []\OT1/lmr/m/n/10 )]
 []


Overfull \hbox (2.72504pt too wide) detected at line 3021
[][][]\OML/lmm/m/it/10 T[] \OMS/lmsy/m/n/10 ^^X \OT1/lmr/m/n/10 (\OML/lmm/m/it/
10 N \OMS/lmsy/m/n/10 ^^@ \OT1/lmr/m/n/10 1)[] \OMS/lmsy/m/n/10 ^^B [] ^^B \U/m
sb/m/n/10 E[]\OT1/lmr/m/n/10 [([][][][])(^^A\OML/lmm/m/it/10 f[] \OMS/lmsy/m/n/
10 ^^A []\OT1/lmr/m/n/10 )(^^A\OML/lmm/m/it/10 f[] \OMS/lmsy/m/n/10 ^^A []\OT1/
lmr/m/n/10 )] \OMS/lmsy/m/n/10 ^^X O [] ^^B \U/msb/m/n/10 E[]\OT1/lmr/m/n/10 [(
[][][][])(^^A\OML/lmm/m/it/10 f[] \OMS/lmsy/m/n/10 ^^A []\OT1/lmr/m/n/10 )(^^A\
OML/lmm/m/it/10 f[] \OMS/lmsy/m/n/10 ^^A []\OT1/lmr/m/n/10 )]
 []


! LaTeX Error: Unicode character 📊 (U+1F4CA)
               not set up for use with LaTeX.

See the LaTeX manual or LaTeX Companion for explanation.
Type  H <return>  for immediate help.
 ...                                              
                                                  
l.3025 ...Observed Scaling}},enhanced,drop shadow]
                                                  
You may provide a definition with
\DeclareUnicodeCharacter 


! LaTeX Error: Unicode character 💡 (U+1F4A1)
               not set up for use with LaTeX.

See the LaTeX manual or LaTeX Companion for explanation.
Type  H <return>  for immediate help.
 ...                                              
                                                  
l.3037 ...g Tensor Scaling}},enhanced,drop shadow]
                                                  
You may provide a definition with
\DeclareUnicodeCharacter 

File: polytechnique-logohori.pdf Graphic file (type pdf)
<use polytechnique-logohori.pdf>
Package pdftex.def Info: polytechnique-logohori.pdf  used on input line 3040.
(pdftex.def)             Requested size: 80.52292pt x 56.90158pt.
[66]

! LaTeX Error: Unicode character 🎯 (U+1F3AF)
               not set up for use with LaTeX.

See the LaTeX manual or LaTeX Companion for explanation.
Type  H <return>  for immediate help.
 ...                                              
                                                  
l.3051 ...relations Matter}},enhanced,drop shadow]
                                                  
You may provide a definition with
\DeclareUnicodeCharacter 

File: polytechnique-filetcourt.pdf Graphic file (type pdf)
<use polytechnique-filetcourt.pdf>
Package pdftex.def Info: polytechnique-filetcourt.pdf  used on input line 3065.

(pdftex.def)             Requested size: 28.40604pt x 2.16808pt.
File: polytechnique-logohori.pdf Graphic file (type pdf)
<use polytechnique-logohori.pdf>
Package pdftex.def Info: polytechnique-logohori.pdf  used on input line 3076.
(pdftex.def)             Requested size: 80.52292pt x 56.90158pt.
[67]
File: polytechnique-logohori.pdf Graphic file (type pdf)
<use polytechnique-logohori.pdf>
Package pdftex.def Info: polytechnique-logohori.pdf  used on input line 3084.
(pdftex.def)             Requested size: 80.52292pt x 56.90158pt.
 [68]
LaTeX Info: Redefining \\ on input line 3085.
File: polytechnique-filetlongrouge.pdf Graphic file (type pdf)
<use polytechnique-filetlongrouge.pdf>
Package pdftex.def Info: polytechnique-filetlongrouge.pdf  used on input line 3
085.
(pdftex.def)             Requested size: 124.21375pt x 2.16808pt.
File: polytechnique-filetcourt.pdf Graphic file (type pdf)
<use polytechnique-filetcourt.pdf>
Package pdftex.def Info: polytechnique-filetcourt.pdf  used on input line 3088.

(pdftex.def)             Requested size: 28.40604pt x 2.16808pt.
File: polytechnique-filetcourt.pdf Graphic file (type pdf)
<use polytechnique-filetcourt.pdf>
Package pdftex.def Info: polytechnique-filetcourt.pdf  used on input line 3105.

(pdftex.def)             Requested size: 28.40604pt x 2.16808pt.
<figures/consecutive_spacing_ratio_dist_N64_D10_M20_L2.png, id=1377, 723.9045pt
 x 520.344pt>
File: figures/consecutive_spacing_ratio_dist_N64_D10_M20_L2.png Graphic file (t
ype png)
<use figures/consecutive_spacing_ratio_dist_N64_D10_M20_L2.png>
Package pdftex.def Info: figures/consecutive_spacing_ratio_dist_N64_D10_M20_L2.
png  used on input line 3111.
(pdftex.def)             Requested size: 338.58632pt x 243.37868pt.


LaTeX Warning: `!h' float specifier changed to `!ht'.

File: polytechnique-logohori.pdf Graphic file (type pdf)
<use polytechnique-logohori.pdf>
Package pdftex.def Info: polytechnique-logohori.pdf  used on input line 3126.
(pdftex.def)             Requested size: 80.52292pt x 56.90158pt.
[69]
File: polytechnique-logohori.pdf Graphic file (type pdf)
<use polytechnique-logohori.pdf>
Package pdftex.def Info: polytechnique-logohori.pdf  used on input line 3133.
(pdftex.def)             Requested size: 80.52292pt x 56.90158pt.
 [70 <./figures/consecutive_spacing_ratio_dist_N64_D10_M20_L2.png>]
File: polytechnique-logohori.pdf Graphic file (type pdf)
<use polytechnique-logohori.pdf>
Package pdftex.def Info: polytechnique-logohori.pdf  used on input line 3159.
(pdftex.def)             Requested size: 80.52292pt x 56.90158pt.

[71]
LaTeX Info: Redefining \\ on input line 3160.
File: polytechnique-filetlongrouge.pdf Graphic file (type pdf)
<use polytechnique-filetlongrouge.pdf>
Package pdftex.def Info: polytechnique-filetlongrouge.pdf  used on input line 3
160.
(pdftex.def)             Requested size: 124.21375pt x 2.16808pt.


Package hyperref Warning: Difference (2) between bookmark levels is greater 
(hyperref)                than one, level fixed on input line 3164.


! Package xcolor Error: Undefined color `k2color'.

See the xcolor package documentation for explanation.
Type  H <return>  for immediate help.
 ...                                              
                                                  
l.3183 ...(3)}}$ and $\textcolor{k2color}{K^{(2)}}
                                                  $ eigenvalues exhibit Wign...

Try typing  <return>  to proceed.
If that doesn't work, type  X <return>  to quit.

File: polytechnique-logohori.pdf Graphic file (type pdf)
<use polytechnique-logohori.pdf>
Package pdftex.def Info: polytechnique-logohori.pdf  used on input line 3211.
(pdftex.def)             Requested size: 80.52292pt x 56.90158pt.
[72]
File: polytechnique-logohori.pdf Graphic file (type pdf)
<use polytechnique-logohori.pdf>
Package pdftex.def Info: polytechnique-logohori.pdf  used on input line 3249.
(pdftex.def)             Requested size: 80.52292pt x 56.90158pt.
 [73]

! LaTeX Error: Unicode character 🎯 (U+1F3AF)
               not set up for use with LaTeX.

See the LaTeX manual or LaTeX Companion for explanation.
Type  H <return>  for immediate help.
 ...                                              
                                                  
l.3252 ...FICATION RESULTS}},enhanced,drop shadow]
                                                  
You may provide a definition with
\DeclareUnicodeCharacter 

File: polytechnique-logohori.pdf Graphic file (type pdf)
<use polytechnique-logohori.pdf>
Package pdftex.def Info: polytechnique-logohori.pdf  used on input line 3295.
(pdftex.def)             Requested size: 80.52292pt x 56.90158pt.
[74]
LaTeX Info: Redefining \\ on input line 3296.
File: polytechnique-filetlongrouge.pdf Graphic file (type pdf)
<use polytechnique-filetlongrouge.pdf>
Package pdftex.def Info: polytechnique-filetlongrouge.pdf  used on input line 3
296.
(pdftex.def)             Requested size: 124.21375pt x 2.16808pt.
File: polytechnique-filetcourt.pdf Graphic file (type pdf)
<use polytechnique-filetcourt.pdf>
Package pdftex.def Info: polytechnique-filetcourt.pdf  used on input line 3300.

(pdftex.def)             Requested size: 28.40604pt x 2.16808pt.


LaTeX Warning: Citation 'vaswani2017attention' on page 75 undefined on input li
ne 3308.


LaTeX Warning: Citation 'mandt2017stochastic' on page 75 undefined on input lin
e 3311.


Overfull \hbox (55.06955pt too wide) in paragraph at lines 3311--3312
\T1/lmr/m/n/10 Stochas-tic Gra-di-ent De-scent (SGD). The ef-fects of \T1/lmr/b
x/n/10 dis-cretiza-tion \T1/lmr/m/n/10 and \T1/lmr/bx/n/10 stochas-tic gra-di-e
nt noise \T1/lmr/m/n/10 [[]]
 []

File: polytechnique-filetcourt.pdf Graphic file (type pdf)
<use polytechnique-filetcourt.pdf>
Package pdftex.def Info: polytechnique-filetcourt.pdf  used on input line 3313.

(pdftex.def)             Requested size: 28.40604pt x 2.16808pt.
File: polytechnique-logohori.pdf Graphic file (type pdf)
<use polytechnique-logohori.pdf>
Package pdftex.def Info: polytechnique-logohori.pdf  used on input line 3322.
(pdftex.def)             Requested size: 80.52292pt x 56.90158pt.
[75]

LaTeX Warning: Citation 'yang2020meanfield' on page 76 undefined on input line 
3330.


LaTeX Warning: Citation 'hron2020infiniteattentionnngpntk' on page 76 undefined
 on input line 3330.

File: polytechnique-logohori.pdf Graphic file (type pdf)
<use polytechnique-logohori.pdf>
Package pdftex.def Info: polytechnique-logohori.pdf  used on input line 3342.
(pdftex.def)             Requested size: 80.52292pt x 56.90158pt.
[76]
LaTeX Info: Redefining \\ on input line 3348.
File: polytechnique-filetlongrouge.pdf Graphic file (type pdf)
<use polytechnique-filetlongrouge.pdf>
Package pdftex.def Info: polytechnique-filetlongrouge.pdf  used on input line 3
348.
(pdftex.def)             Requested size: 124.21375pt x 2.16808pt.
File: polytechnique-logohori.pdf Graphic file (type pdf)
<use polytechnique-logohori.pdf>
Package pdftex.def Info: polytechnique-logohori.pdf  used on input line 3390.
(pdftex.def)             Requested size: 80.52292pt x 56.90158pt.
 [77]
File: polytechnique-logohori.pdf Graphic file (type pdf)
<use polytechnique-logohori.pdf>
Package pdftex.def Info: polytechnique-logohori.pdf  used on input line 3398.
(pdftex.def)             Requested size: 80.52292pt x 56.90158pt.
 [78]
LaTeX Info: Redefining \\ on input line 3482.
File: polytechnique-filetlongrouge.pdf Graphic file (type pdf)
<use polytechnique-filetlongrouge.pdf>
Package pdftex.def Info: polytechnique-filetlongrouge.pdf  used on input line 3
482.
(pdftex.def)             Requested size: 124.21375pt x 2.16808pt.
File: polytechnique-filetcourt.pdf Graphic file (type pdf)
<use polytechnique-filetcourt.pdf>
Package pdftex.def Info: polytechnique-filetcourt.pdf  used on input line 3484.

(pdftex.def)             Requested size: 28.40604pt x 2.16808pt.
File: polytechnique-filetcourt.pdf Graphic file (type pdf)
<use polytechnique-filetcourt.pdf>
Package pdftex.def Info: polytechnique-filetcourt.pdf  used on input line 3508.

(pdftex.def)             Requested size: 28.40604pt x 2.16808pt.
File: polytechnique-logohori.pdf Graphic file (type pdf)
<use polytechnique-logohori.pdf>
Package pdftex.def Info: polytechnique-logohori.pdf  used on input line 3526.
(pdftex.def)             Requested size: 80.52292pt x 56.90158pt.
 [79]
File: polytechnique-filetcourt.pdf Graphic file (type pdf)
<use polytechnique-filetcourt.pdf>
Package pdftex.def Info: polytechnique-filetcourt.pdf  used on input line 3529.

(pdftex.def)             Requested size: 28.40604pt x 2.16808pt.
File: polytechnique-logohori.pdf Graphic file (type pdf)
<use polytechnique-logohori.pdf>
Package pdftex.def Info: polytechnique-logohori.pdf  used on input line 3552.
(pdftex.def)             Requested size: 80.52292pt x 56.90158pt.
 [80]
File: polytechnique-filetcourt.pdf Graphic file (type pdf)
<use polytechnique-filetcourt.pdf>
Package pdftex.def Info: polytechnique-filetcourt.pdf  used on input line 3553.

(pdftex.def)             Requested size: 28.40604pt x 2.16808pt.
File: polytechnique-filetcourt.pdf Graphic file (type pdf)
<use polytechnique-filetcourt.pdf>
Package pdftex.def Info: polytechnique-filetcourt.pdf  used on input line 3578.

(pdftex.def)             Requested size: 28.40604pt x 2.16808pt.
File: polytechnique-logohori.pdf Graphic file (type pdf)
<use polytechnique-logohori.pdf>
Package pdftex.def Info: polytechnique-logohori.pdf  used on input line 3597.
(pdftex.def)             Requested size: 80.52292pt x 56.90158pt.
 [81]
File: polytechnique-logohori.pdf Graphic file (type pdf)
<use polytechnique-logohori.pdf>
Package pdftex.def Info: polytechnique-logohori.pdf  used on input line 3606.
(pdftex.def)             Requested size: 80.52292pt x 56.90158pt.
 [82]
File: polytechnique-filetcourt.pdf Graphic file (type pdf)
<use polytechnique-filetcourt.pdf>
Package pdftex.def Info: polytechnique-filetcourt.pdf  used on input line 3607.

(pdftex.def)             Requested size: 28.40604pt x 2.16808pt.
File: polytechnique-logohori.pdf Graphic file (type pdf)
<use polytechnique-logohori.pdf>
Package pdftex.def Info: polytechnique-logohori.pdf  used on input line 3643.
(pdftex.def)             Requested size: 80.52292pt x 56.90158pt.
 [83]
File: polytechnique-filetcourt.pdf Graphic file (type pdf)
<use polytechnique-filetcourt.pdf>
Package pdftex.def Info: polytechnique-filetcourt.pdf  used on input line 3649.

(pdftex.def)             Requested size: 28.40604pt x 2.16808pt.
File: polytechnique-logohori.pdf Graphic file (type pdf)
<use polytechnique-logohori.pdf>
Package pdftex.def Info: polytechnique-logohori.pdf  used on input line 3673.
(pdftex.def)             Requested size: 80.52292pt x 56.90158pt.
 [84]
File: polytechnique-logohori.pdf Graphic file (type pdf)
<use polytechnique-logohori.pdf>
Package pdftex.def Info: polytechnique-logohori.pdf  used on input line 3687.
(pdftex.def)             Requested size: 80.52292pt x 56.90158pt.
 [85]
LaTeX Info: Redefining \\ on input line 3714.
File: polytechnique-filetlongrouge.pdf Graphic file (type pdf)
<use polytechnique-filetlongrouge.pdf>
Package pdftex.def Info: polytechnique-filetlongrouge.pdf  used on input line 3
714.
(pdftex.def)             Requested size: 124.21375pt x 2.16808pt.
File: polytechnique-filetcourt.pdf Graphic file (type pdf)
<use polytechnique-filetcourt.pdf>
Package pdftex.def Info: polytechnique-filetcourt.pdf  used on input line 3718.

(pdftex.def)             Requested size: 28.40604pt x 2.16808pt.


Package hyperref Warning: Token not allowed in a PDF string (Unicode):
(hyperref)                removing `math shift' on input line 3727.


Package hyperref Warning: Token not allowed in a PDF string (Unicode):
(hyperref)                removing `subscript' on input line 3727.


Package hyperref Warning: Token not allowed in a PDF string (Unicode):
(hyperref)                removing `math shift' on input line 3727.


Package hyperref Warning: Token not allowed in a PDF string (Unicode):
(hyperref)                removing `math shift' on input line 3731.


Package hyperref Warning: Token not allowed in a PDF string (Unicode):
(hyperref)                removing `\mu' on input line 3731.


Package hyperref Warning: Token not allowed in a PDF string (Unicode):
(hyperref)                removing `subscript' on input line 3731.


Package hyperref Warning: Token not allowed in a PDF string (Unicode):
(hyperref)                removing `\mu' on input line 3731.


Package hyperref Warning: Token not allowed in a PDF string (Unicode):
(hyperref)                removing `subscript' on input line 3731.


Package hyperref Warning: Token not allowed in a PDF string (Unicode):
(hyperref)                removing `math shift' on input line 3731.

File: polytechnique-filetcourt.pdf Graphic file (type pdf)
<use polytechnique-filetcourt.pdf>
Package pdftex.def Info: polytechnique-filetcourt.pdf  used on input line 3740.

(pdftex.def)             Requested size: 28.40604pt x 2.16808pt.
File: polytechnique-logohori.pdf Graphic file (type pdf)
<use polytechnique-logohori.pdf>
Package pdftex.def Info: polytechnique-logohori.pdf  used on input line 3751.
(pdftex.def)             Requested size: 80.52292pt x 56.90158pt.
[86]
File: polytechnique-logohori.pdf Graphic file (type pdf)
<use polytechnique-logohori.pdf>
Package pdftex.def Info: polytechnique-logohori.pdf  used on input line 3811.
(pdftex.def)             Requested size: 80.52292pt x 56.90158pt.
 [87]
! Undefined control sequence.
<argument> \m@th $\displaystyle \bm 
                                    {h}^{(\ell )}(\bm {x}) = \bm {c}^{(\ell ...
l.3826 ...1)}(\bm{x}) + \beta b_j^{(\ell)}\right)}
                                                   \]
The control sequence at the end of the top line
of your error message was never \def'ed. If you have
misspelled it (e.g., `\hobx'), type `I' and the correct
spelling (e.g., `I\hbox'). Otherwise just continue,
and I'll forget about whatever was undefined.

! Undefined control sequence.
<argument> ...\displaystyle \bm {h}^{(\ell )}(\bm 
                                                  {x}) = \bm {c}^{(\ell )} +...
l.3826 ...1)}(\bm{x}) + \beta b_j^{(\ell)}\right)}
                                                   \]
The control sequence at the end of the top line
of your error message was never \def'ed. If you have
misspelled it (e.g., `\hobx'), type `I' and the correct
spelling (e.g., `I\hbox'). Otherwise just continue,
and I'll forget about whatever was undefined.

! Undefined control sequence.
<argument> ...le \bm {h}^{(\ell )}(\bm {x}) = \bm 
                                                  {c}^{(\ell )} + \frac {\si...
l.3826 ...1)}(\bm{x}) + \beta b_j^{(\ell)}\right)}
                                                   \]
The control sequence at the end of the top line
of your error message was never \def'ed. If you have
misspelled it (e.g., `\hobx'), type `I' and the correct
spelling (e.g., `I\hbox'). Otherwise just continue,
and I'll forget about whatever was undefined.

! Undefined control sequence.
<argument> ...n_\ell }} \sum _{j=1}^{n_\ell } \bm 
                                                  {A}_j^{(\ell )} \sigma \le...
l.3826 ...1)}(\bm{x}) + \beta b_j^{(\ell)}\right)}
                                                   \]
The control sequence at the end of the top line
of your error message was never \def'ed. If you have
misspelled it (e.g., `\hobx'), type `I' and the correct
spelling (e.g., `I\hbox'). Otherwise just continue,
and I'll forget about whatever was undefined.

! Undefined control sequence.
<argument> ...m {A}_j^{(\ell )} \sigma \left (\bm 
                                                  {w}_j^{(\ell )\top } \bm {...
l.3826 ...1)}(\bm{x}) + \beta b_j^{(\ell)}\right)}
                                                   \]
The control sequence at the end of the top line
of your error message was never \def'ed. If you have
misspelled it (e.g., `\hobx'), type `I' and the correct
spelling (e.g., `I\hbox'). Otherwise just continue,
and I'll forget about whatever was undefined.

! Undefined control sequence.
<argument> ...\left (\bm {w}_j^{(\ell )\top } \bm 
                                                  {h}^{(\ell -1)}(\bm {x}) +...
l.3826 ...1)}(\bm{x}) + \beta b_j^{(\ell)}\right)}
                                                   \]
The control sequence at the end of the top line
of your error message was never \def'ed. If you have
misspelled it (e.g., `\hobx'), type `I' and the correct
spelling (e.g., `I\hbox'). Otherwise just continue,
and I'll forget about whatever was undefined.

! Undefined control sequence.
<argument> ...ell )\top } \bm {h}^{(\ell -1)}(\bm 
                                                  {x}) + \beta b_j^{(\ell )}...
l.3826 ...1)}(\bm{x}) + \beta b_j^{(\ell)}\right)}
                                                   \]
The control sequence at the end of the top line
of your error message was never \def'ed. If you have
misspelled it (e.g., `\hobx'), type `I' and the correct
spelling (e.g., `I\hbox'). Otherwise just continue,
and I'll forget about whatever was undefined.

! Undefined control sequence.
<recently read> \bm 
                    
l.3830 ...d on the previous layer's output GP $\bm
                                                  {h}^{(\ell-1)}$.
The control sequence at the end of the top line
of your error message was never \def'ed. If you have
misspelled it (e.g., `\hobx'), type `I' and the correct
spelling (e.g., `I\hbox'). Otherwise just continue,
and I'll forget about whatever was undefined.

! Undefined control sequence.
<argument> ...{(\ell )}(x, x') = \mathbb {E}_{\bm 
                                                  {w}, b} \left [ \sigma \le...
l.3831 ...{(\ell-1)}(x') + \beta b\right) \right]}
                                                   \]
The control sequence at the end of the top line
of your error message was never \def'ed. If you have
misspelled it (e.g., `\hobx'), type `I' and the correct
spelling (e.g., `I\hbox'). Otherwise just continue,
and I'll forget about whatever was undefined.

! Undefined control sequence.
<argument> ...m {w}, b} \left [ \sigma \left (\bm 
                                                  {w}^\top \bm {h}^{(\ell -1...
l.3831 ...{(\ell-1)}(x') + \beta b\right) \right]}
                                                   \]
The control sequence at the end of the top line
of your error message was never \def'ed. If you have
misspelled it (e.g., `\hobx'), type `I' and the correct
spelling (e.g., `I\hbox'). Otherwise just continue,
and I'll forget about whatever was undefined.

! Undefined control sequence.
<argument> ...ft [ \sigma \left (\bm {w}^\top \bm 
                                                  {h}^{(\ell -1)}(x) + \beta...
l.3831 ...{(\ell-1)}(x') + \beta b\right) \right]}
                                                   \]
The control sequence at the end of the top line
of your error message was never \def'ed. If you have
misspelled it (e.g., `\hobx'), type `I' and the correct
spelling (e.g., `I\hbox'). Otherwise just continue,
and I'll forget about whatever was undefined.

! Undefined control sequence.
<argument> ...+ \beta b\right ) \sigma \left (\bm 
                                                  {w}^\top \bm {h}^{(\ell -1...
l.3831 ...{(\ell-1)}(x') + \beta b\right) \right]}
                                                   \]
The control sequence at the end of the top line
of your error message was never \def'ed. If you have
misspelled it (e.g., `\hobx'), type `I' and the correct
spelling (e.g., `I\hbox'). Otherwise just continue,
and I'll forget about whatever was undefined.

! Undefined control sequence.
<argument> ...ht ) \sigma \left (\bm {w}^\top \bm 
                                                  {h}^{(\ell -1)}(x') + \bet...
l.3831 ...{(\ell-1)}(x') + \beta b\right) \right]}
                                                   \]
The control sequence at the end of the top line
of your error message was never \def'ed. If you have
misspelled it (e.g., `\hobx'), type `I' and the correct
spelling (e.g., `I\hbox'). Otherwise just continue,
and I'll forget about whatever was undefined.

! Undefined control sequence.
<argument> ...{(\ell )}(x, x') = \mathbb {E}_{\bm 
                                                  {w}, b} \left [ \dot {\sig...
l.3839 ...beta b\right) \bm{w}^\top\bm{w} \right]}
                                                   \]
The control sequence at the end of the top line
of your error message was never \def'ed. If you have
misspelled it (e.g., `\hobx'), type `I' and the correct
spelling (e.g., `I\hbox'). Otherwise just continue,
and I'll forget about whatever was undefined.

! Undefined control sequence.
<argument> ...b} \left [ \dot {\sigma }\left (\bm 
                                                  {w}^\top \bm {h}^{(\ell -1...
l.3839 ...beta b\right) \bm{w}^\top\bm{w} \right]}
                                                   \]
The control sequence at the end of the top line
of your error message was never \def'ed. If you have
misspelled it (e.g., `\hobx'), type `I' and the correct
spelling (e.g., `I\hbox'). Otherwise just continue,
and I'll forget about whatever was undefined.

! Undefined control sequence.
<argument> ...ot {\sigma }\left (\bm {w}^\top \bm 
                                                  {h}^{(\ell -1)}(x) + \beta...
l.3839 ...beta b\right) \bm{w}^\top\bm{w} \right]}
                                                   \]
The control sequence at the end of the top line
of your error message was never \def'ed. If you have
misspelled it (e.g., `\hobx'), type `I' and the correct
spelling (e.g., `I\hbox'). Otherwise just continue,
and I'll forget about whatever was undefined.

! Undefined control sequence.
<argument> ... b\right ) \dot {\sigma }\left (\bm 
                                                  {w}^\top \bm {h}^{(\ell -1...
l.3839 ...beta b\right) \bm{w}^\top\bm{w} \right]}
                                                   \]
The control sequence at the end of the top line
of your error message was never \def'ed. If you have
misspelled it (e.g., `\hobx'), type `I' and the correct
spelling (e.g., `I\hbox'). Otherwise just continue,
and I'll forget about whatever was undefined.

! Undefined control sequence.
<argument> ...ot {\sigma }\left (\bm {w}^\top \bm 
                                                  {h}^{(\ell -1)}(x') + \bet...
l.3839 ...beta b\right) \bm{w}^\top\bm{w} \right]}
                                                   \]
The control sequence at the end of the top line
of your error message was never \def'ed. If you have
misspelled it (e.g., `\hobx'), type `I' and the correct
spelling (e.g., `I\hbox'). Otherwise just continue,
and I'll forget about whatever was undefined.

! Undefined control sequence.
<argument> ...\ell -1)}(x') + \beta b\right ) \bm 
                                                  {w}^\top \bm {w} \right ]$
l.3839 ...beta b\right) \bm{w}^\top\bm{w} \right]}
                                                   \]
The control sequence at the end of the top line
of your error message was never \def'ed. If you have
misspelled it (e.g., `\hobx'), type `I' and the correct
spelling (e.g., `I\hbox'). Otherwise just continue,
and I'll forget about whatever was undefined.

! Undefined control sequence.
<argument> ... + \beta b\right ) \bm {w}^\top \bm 
                                                  {w} \right ]$
l.3839 ...beta b\right) \bm{w}^\top\bm{w} \right]}
                                                   \]
The control sequence at the end of the top line
of your error message was never \def'ed. If you have
misspelled it (e.g., `\hobx'), type `I' and the correct
spelling (e.g., `I\hbox'). Otherwise just continue,
and I'll forget about whatever was undefined.

! Undefined control sequence.
l.3852 ...re-activation field $z^{(\ell)}(x) = \bm
                                                  {w}^{(\ell)\top} \bm{h}^{(...
The control sequence at the end of the top line
of your error message was never \def'ed. If you have
misspelled it (e.g., `\hobx'), type `I' and the correct
spelling (e.g., `I\hbox'). Otherwise just continue,
and I'll forget about whatever was undefined.

! Undefined control sequence.
l.3852 ...$z^{(\ell)}(x) = \bm{w}^{(\ell)\top} \bm
                                                  {h}^{(\ell-1)}(x) + \beta ...
The control sequence at the end of the top line
of your error message was never \def'ed. If you have
misspelled it (e.g., `\hobx'), type `I' and the correct
spelling (e.g., `I\hbox'). Otherwise just continue,
and I'll forget about whatever was undefined.

File: polytechnique-logohori.pdf Graphic file (type pdf)
<use polytechnique-logohori.pdf>
Package pdftex.def Info: polytechnique-logohori.pdf  used on input line 3866.
(pdftex.def)             Requested size: 80.52292pt x 56.90158pt.
[88]
File: polytechnique-filetcourt.pdf Graphic file (type pdf)
<use polytechnique-filetcourt.pdf>
Package pdftex.def Info: polytechnique-filetcourt.pdf  used on input line 3869.

(pdftex.def)             Requested size: 28.40604pt x 2.16808pt.
File: polytechnique-logohori.pdf Graphic file (type pdf)
<use polytechnique-logohori.pdf>
Package pdftex.def Info: polytechnique-logohori.pdf  used on input line 3891.
(pdftex.def)             Requested size: 80.52292pt x 56.90158pt.
 [89]
LaTeX Info: Redefining \\ on input line 3893.
File: polytechnique-filetlongrouge.pdf Graphic file (type pdf)
<use polytechnique-filetlongrouge.pdf>
Package pdftex.def Info: polytechnique-filetlongrouge.pdf  used on input line 3
893.
(pdftex.def)             Requested size: 124.21375pt x 2.16808pt.
File: polytechnique-filetcourt.pdf Graphic file (type pdf)
<use polytechnique-filetcourt.pdf>
Package pdftex.def Info: polytechnique-filetcourt.pdf  used on input line 3896.

(pdftex.def)             Requested size: 28.40604pt x 2.16808pt.
File: polytechnique-filetcourt.pdf Graphic file (type pdf)
<use polytechnique-filetcourt.pdf>
Package pdftex.def Info: polytechnique-filetcourt.pdf  used on input line 3902.

(pdftex.def)             Requested size: 28.40604pt x 2.16808pt.
File: polytechnique-filetcourt.pdf Graphic file (type pdf)
<use polytechnique-filetcourt.pdf>
Package pdftex.def Info: polytechnique-filetcourt.pdf  used on input line 3922.

(pdftex.def)             Requested size: 28.40604pt x 2.16808pt.
File: polytechnique-filetcourt.pdf Graphic file (type pdf)
<use polytechnique-filetcourt.pdf>
Package pdftex.def Info: polytechnique-filetcourt.pdf  used on input line 3934.

(pdftex.def)             Requested size: 28.40604pt x 2.16808pt.
File: polytechnique-logohori.pdf Graphic file (type pdf)
<use polytechnique-logohori.pdf>
Package pdftex.def Info: polytechnique-logohori.pdf  used on input line 3939.
(pdftex.def)             Requested size: 80.52292pt x 56.90158pt.
 [90]
File: polytechnique-filetcourt.pdf Graphic file (type pdf)
<use polytechnique-filetcourt.pdf>
Package pdftex.def Info: polytechnique-filetcourt.pdf  used on input line 3958.

(pdftex.def)             Requested size: 28.40604pt x 2.16808pt.


Package hyperref Warning: Token not allowed in a PDF string (Unicode):
(hyperref)                removing `math shift' on input line 3976.


Package hyperref Warning: Token not allowed in a PDF string (Unicode):
(hyperref)                removing `superscript' on input line 3976.


Package hyperref Warning: Token not allowed in a PDF string (Unicode):
(hyperref)                removing `math shift' on input line 3976.

File: polytechnique-logohori.pdf Graphic file (type pdf)
<use polytechnique-logohori.pdf>
Package pdftex.def Info: polytechnique-logohori.pdf  used on input line 3979.
(pdftex.def)             Requested size: 80.52292pt x 56.90158pt.
[91]
File: polytechnique-logohori.pdf Graphic file (type pdf)
<use polytechnique-logohori.pdf>
Package pdftex.def Info: polytechnique-logohori.pdf  used on input line 4024.
(pdftex.def)             Requested size: 80.52292pt x 56.90158pt.
 [92]
LaTeX Info: Redefining \\ on input line 4026.
LaTeX Font Info:    External font `lmex10' loaded for size
(Font)              <17.28> on input line 4026.
File: polytechnique-filetlongrouge.pdf Graphic file (type pdf)
<use polytechnique-filetlongrouge.pdf>
Package pdftex.def Info: polytechnique-filetlongrouge.pdf  used on input line 4
026.
(pdftex.def)             Requested size: 124.21375pt x 2.16808pt.


Package hyperref Warning: Token not allowed in a PDF string (Unicode):
(hyperref)                removing `math shift' on input line 4026.


Package hyperref Warning: Token not allowed in a PDF string (Unicode):
(hyperref)                removing `superscript' on input line 4026.


Package hyperref Warning: Token not allowed in a PDF string (Unicode):
(hyperref)                removing `math shift' on input line 4026.

File: polytechnique-logohori.pdf Graphic file (type pdf)
<use polytechnique-logohori.pdf>
Package pdftex.def Info: polytechnique-logohori.pdf  used on input line 4049.
(pdftex.def)             Requested size: 80.52292pt x 56.90158pt.
[93]
LaTeX Info: Redefining \\ on input line 4051.
File: polytechnique-filetlongrouge.pdf Graphic file (type pdf)
<use polytechnique-filetlongrouge.pdf>
Package pdftex.def Info: polytechnique-filetlongrouge.pdf  used on input line 4
051.
(pdftex.def)             Requested size: 124.21375pt x 2.16808pt.
File: polytechnique-filetcourt.pdf Graphic file (type pdf)
<use polytechnique-filetcourt.pdf>
Package pdftex.def Info: polytechnique-filetcourt.pdf  used on input line 4055.

(pdftex.def)             Requested size: 28.40604pt x 2.16808pt.


Package hyperref Warning: Token not allowed in a PDF string (Unicode):
(hyperref)                removing `math shift' on input line 4055.


Package hyperref Warning: Token not allowed in a PDF string (Unicode):
(hyperref)                removing `math shift' on input line 4055.

File: polytechnique-filetcourt.pdf Graphic file (type pdf)
<use polytechnique-filetcourt.pdf>
Package pdftex.def Info: polytechnique-filetcourt.pdf  used on input line 4070.

(pdftex.def)             Requested size: 28.40604pt x 2.16808pt.
File: polytechnique-logohori.pdf Graphic file (type pdf)
<use polytechnique-logohori.pdf>
Package pdftex.def Info: polytechnique-logohori.pdf  used on input line 4083.
(pdftex.def)             Requested size: 80.52292pt x 56.90158pt.
[94]
File: polytechnique-filetcourt.pdf Graphic file (type pdf)
<use polytechnique-filetcourt.pdf>
Package pdftex.def Info: polytechnique-filetcourt.pdf  used on input line 4086.

(pdftex.def)             Requested size: 28.40604pt x 2.16808pt.
File: polytechnique-filetcourt.pdf Graphic file (type pdf)
<use polytechnique-filetcourt.pdf>
Package pdftex.def Info: polytechnique-filetcourt.pdf  used on input line 4091.

(pdftex.def)             Requested size: 28.40604pt x 2.16808pt.
File: polytechnique-filetcourt.pdf Graphic file (type pdf)
<use polytechnique-filetcourt.pdf>
Package pdftex.def Info: polytechnique-filetcourt.pdf  used on input line 4095.

(pdftex.def)             Requested size: 28.40604pt x 2.16808pt.


Package hyperref Warning: Token not allowed in a PDF string (Unicode):
(hyperref)                removing `math shift' on input line 4095.


Package hyperref Warning: Token not allowed in a PDF string (Unicode):
(hyperref)                removing `math shift' on input line 4095.

File: polytechnique-filetcourt.pdf Graphic file (type pdf)
<use polytechnique-filetcourt.pdf>
Package pdftex.def Info: polytechnique-filetcourt.pdf  used on input line 4109.

(pdftex.def)             Requested size: 28.40604pt x 2.16808pt.
File: polytechnique-logohori.pdf Graphic file (type pdf)
<use polytechnique-logohori.pdf>
Package pdftex.def Info: polytechnique-logohori.pdf  used on input line 4113.
(pdftex.def)             Requested size: 80.52292pt x 56.90158pt.
[95]
File: polytechnique-filetcourt.pdf Graphic file (type pdf)
<use polytechnique-filetcourt.pdf>
Package pdftex.def Info: polytechnique-filetcourt.pdf  used on input line 4118.

(pdftex.def)             Requested size: 28.40604pt x 2.16808pt.
File: polytechnique-filetcourt.pdf Graphic file (type pdf)
<use polytechnique-filetcourt.pdf>
Package pdftex.def Info: polytechnique-filetcourt.pdf  used on input line 4129.

(pdftex.def)             Requested size: 28.40604pt x 2.16808pt.

Overfull \hbox (4.96858pt too wide) in paragraph at lines 4140--4140
|\T1/lmr/m/sc/14.4 E.9 Com-plete Math-e-mat-i-cal Proof for term by term scal-i
ng anal-
 []

File: polytechnique-filetcourt.pdf Graphic file (type pdf)
<use polytechnique-filetcourt.pdf>
Package pdftex.def Info: polytechnique-filetcourt.pdf  used on input line 4140.

(pdftex.def)             Requested size: 28.40604pt x 2.16808pt.
File: polytechnique-logohori.pdf Graphic file (type pdf)
<use polytechnique-logohori.pdf>
Package pdftex.def Info: polytechnique-logohori.pdf  used on input line 4152.
(pdftex.def)             Requested size: 80.52292pt x 56.90158pt.
[96]

LaTeX Warning: Hyper reference `sec:appendix_scaling_analysis' on page 97 undef
ined on input line 4187.

File: polytechnique-filetcourt.pdf Graphic file (type pdf)
<use polytechnique-filetcourt.pdf>
Package pdftex.def Info: polytechnique-filetcourt.pdf  used on input line 4195.

(pdftex.def)             Requested size: 28.40604pt x 2.16808pt.

! LaTeX Error: Unicode character 🧪 (U+1F9EA)
               not set up for use with LaTeX.

See the LaTeX manual or LaTeX Companion for explanation.
Type  H <return>  for immediate help.
 ...                                              
                                                  
l.4197 ...LIDATION RESULTS}},enhanced,drop shadow]
                                                  
You may provide a definition with
\DeclareUnicodeCharacter 

File: polytechnique-logohori.pdf Graphic file (type pdf)
<use polytechnique-logohori.pdf>
Package pdftex.def Info: polytechnique-logohori.pdf  used on input line 4212.
(pdftex.def)             Requested size: 80.52292pt x 56.90158pt.
[97]
File: polytechnique-filetcourt.pdf Graphic file (type pdf)
<use polytechnique-filetcourt.pdf>
Package pdftex.def Info: polytechnique-filetcourt.pdf  used on input line 4217.

(pdftex.def)             Requested size: 28.40604pt x 2.16808pt.
LaTeX Font Info:    Font shape `T1/lmtt/bx/n' in size <10> not available
(Font)              Font shape `T1/lmtt/b/n' tried instead on input line 4226.
File: polytechnique-logohori.pdf Graphic file (type pdf)
<use polytechnique-logohori.pdf>
Package pdftex.def Info: polytechnique-logohori.pdf  used on input line 4254.
(pdftex.def)             Requested size: 80.52292pt x 56.90158pt.
 [98]
File: polytechnique-filetcourt.pdf Graphic file (type pdf)
<use polytechnique-filetcourt.pdf>
Package pdftex.def Info: polytechnique-filetcourt.pdf  used on input line 4258.

(pdftex.def)             Requested size: 28.40604pt x 2.16808pt.
File: polytechnique-logohori.pdf Graphic file (type pdf)
<use polytechnique-logohori.pdf>
Package pdftex.def Info: polytechnique-logohori.pdf  used on input line 4286.
(pdftex.def)             Requested size: 80.52292pt x 56.90158pt.
 [99]
File: polytechnique-logohori.pdf Graphic file (type pdf)
<use polytechnique-logohori.pdf>
Package pdftex.def Info: polytechnique-logohori.pdf  used on input line 4328.
(pdftex.def)             Requested size: 80.52292pt x 56.90158pt.
 [100]
LaTeX Info: Redefining \\ on input line 4330.
File: polytechnique-filetlongrouge.pdf Graphic file (type pdf)
<use polytechnique-filetlongrouge.pdf>
Package pdftex.def Info: polytechnique-filetlongrouge.pdf  used on input line 4
330.
(pdftex.def)             Requested size: 124.21375pt x 2.16808pt.
File: polytechnique-filetcourt.pdf Graphic file (type pdf)
<use polytechnique-filetcourt.pdf>
Package pdftex.def Info: polytechnique-filetcourt.pdf  used on input line 4332.

(pdftex.def)             Requested size: 28.40604pt x 2.16808pt.
File: polytechnique-filetcourt.pdf Graphic file (type pdf)
<use polytechnique-filetcourt.pdf>
Package pdftex.def Info: polytechnique-filetcourt.pdf  used on input line 4387.

(pdftex.def)             Requested size: 28.40604pt x 2.16808pt.
File: polytechnique-logohori.pdf Graphic file (type pdf)
<use polytechnique-logohori.pdf>
Package pdftex.def Info: polytechnique-logohori.pdf  used on input line 4416.
(pdftex.def)             Requested size: 80.52292pt x 56.90158pt.
 [101]
File: polytechnique-filetcourt.pdf Graphic file (type pdf)
<use polytechnique-filetcourt.pdf>
Package pdftex.def Info: polytechnique-filetcourt.pdf  used on input line 4424.

(pdftex.def)             Requested size: 28.40604pt x 2.16808pt.
File: polytechnique-filetcourt.pdf Graphic file (type pdf)
<use polytechnique-filetcourt.pdf>
Package pdftex.def Info: polytechnique-filetcourt.pdf  used on input line 4476.

(pdftex.def)             Requested size: 28.40604pt x 2.16808pt.
File: polytechnique-logohori.pdf Graphic file (type pdf)
<use polytechnique-logohori.pdf>
Package pdftex.def Info: polytechnique-logohori.pdf  used on input line 4506.
(pdftex.def)             Requested size: 80.52292pt x 56.90158pt.
 [102]
File: polytechnique-filetcourt.pdf Graphic file (type pdf)
<use polytechnique-filetcourt.pdf>
Package pdftex.def Info: polytechnique-filetcourt.pdf  used on input line 4577.

(pdftex.def)             Requested size: 28.40604pt x 2.16808pt.
File: polytechnique-logohori.pdf Graphic file (type pdf)
<use polytechnique-logohori.pdf>
Package pdftex.def Info: polytechnique-logohori.pdf  used on input line 4602.
(pdftex.def)             Requested size: 80.52292pt x 56.90158pt.
 [103]
File: polytechnique-filetcourt.pdf Graphic file (type pdf)
<use polytechnique-filetcourt.pdf>
Package pdftex.def Info: polytechnique-filetcourt.pdf  used on input line 4661.

(pdftex.def)             Requested size: 28.40604pt x 2.16808pt.
File: polytechnique-logohori.pdf Graphic file (type pdf)
<use polytechnique-logohori.pdf>
Package pdftex.def Info: polytechnique-logohori.pdf  used on input line 4699.
(pdftex.def)             Requested size: 80.52292pt x 56.90158pt.
 [104]
File: polytechnique-filetcourt.pdf Graphic file (type pdf)
<use polytechnique-filetcourt.pdf>
Package pdftex.def Info: polytechnique-filetcourt.pdf  used on input line 4712.

(pdftex.def)             Requested size: 28.40604pt x 2.16808pt.
File: polytechnique-filetcourt.pdf Graphic file (type pdf)
<use polytechnique-filetcourt.pdf>
Package pdftex.def Info: polytechnique-filetcourt.pdf  used on input line 4739.

(pdftex.def)             Requested size: 28.40604pt x 2.16808pt.
File: polytechnique-filetcourt.pdf Graphic file (type pdf)
<use polytechnique-filetcourt.pdf>
Package pdftex.def Info: polytechnique-filetcourt.pdf  used on input line 4776.

(pdftex.def)             Requested size: 28.40604pt x 2.16808pt.

Underfull \hbox (badness 3503) in paragraph at lines 4779--4784
[]\T1/lmr/m/n/10 R. A. Fisher. Fre-quency dis-tri-bu-tion of the val-ues of the
 cor-re-la-tion co-ef-fi-cient in sam-ples
 []


Underfull \hbox (badness 2027) in paragraph at lines 4779--4784
\T1/lmr/m/n/10 from an in-def-i-nitely large pop-u-la-tion. \T1/lmr/m/it/10 Bio
metrika\T1/lmr/m/n/10 , vol. 10, no. 4, 1915, pp. 507^^U21. JS-TOR,
 []

File: polytechnique-logohori.pdf Graphic file (type pdf)
<use polytechnique-logohori.pdf>
Package pdftex.def Info: polytechnique-logohori.pdf  used on input line 4784.
(pdftex.def)             Requested size: 80.52292pt x 56.90158pt.
[105]
Underfull \hbox (badness 2564) in paragraph at lines 4786--4791
[]\T1/lmr/m/n/10 Harold Hotelling. New light on the cor-re-la-tion co-ef-fi-cie
nt and its trans-forms. \T1/lmr/m/it/10 Jour-nal of the
 []


Underfull \hbox (badness 1102) in paragraph at lines 4786--4791
\T1/lmr/m/it/10 Royal Sta-tis-ti-cal So-ci-ety. Se-ries B (Method-olog-i-cal)\T
1/lmr/m/n/10 , vol. 15, no. 2, 1953, pp. 193^^U232. JS-TOR,
 []

! Misplaced alignment tab character &.
l.4803 John Wiley &
                    Sons, 2010.
I can't figure out why you would want to use a tab mark
here. If you just want an ampersand, the remedy is
simple: Just type `I\&' now. But if some right brace
up above has ended a previous alignment prematurely,
you're probably due for more error messages, and you
might try typing `S' now just to see what is salvageable.

! Misplaced alignment tab character &.
l.4810 John Wiley &
                    Sons, 2000.
I can't figure out why you would want to use a tab mark
here. If you just want an ampersand, the remedy is
simple: Just type `I\&' now. But if some right brace
up above has ended a previous alignment prematurely,
you're probably due for more error messages, and you
might try typing `S' now just to see what is salvageable.

File: polytechnique-filetcourt.pdf Graphic file (type pdf)
<use polytechnique-filetcourt.pdf>
Package pdftex.def Info: polytechnique-filetcourt.pdf  used on input line 4824.

(pdftex.def)             Requested size: 28.40604pt x 2.16808pt.
File: polytechnique-logohori.pdf Graphic file (type pdf)
<use polytechnique-logohori.pdf>
Package pdftex.def Info: polytechnique-logohori.pdf  used on input line 4834.
(pdftex.def)             Requested size: 80.52292pt x 56.90158pt.
[106] (./main3.aux)
 ***********
LaTeX2e <2023-11-01> patch level 1
L3 programming layer <2024-01-22>
 ***********


LaTeX Warning: There were undefined references.


LaTeX Warning: There were multiply-defined labels.

Package rerunfilecheck Info: File `main3.out' has not changed.
(rerunfilecheck)             Checksum: 70BC68F69ADC45648E51D161B39346E5;45841.

Package biblatex Warning: Please (re)run Biber on the file:
(biblatex)                main3
(biblatex)                and rerun LaTeX afterwards.

Package logreq Info: Writing requests to 'main3.run.xml'.
\openout1 = `main3.run.xml'.

 ) 
Here is how much of TeX's memory you used:
 41241 strings out of 474222
 818586 string characters out of 5748733
 1961975 words of memory out of 5000000
 62316 multiletter control sequences out of 15000+600000
 703411 words of font info for 126 fonts, out of 8000000 for 9000
 1141 hyphenation exceptions out of 8191
 93i,18n,102p,1275b,2230s stack positions out of 10000i,1000n,20000p,200000b,200000s
</usr/share/texmf/fonts/type1/public/lm/lmbsy10.pfb></usr/share/texmf/fonts/t
ype1/public/lm/lmbsy5.pfb></usr/share/texmf/fonts/type1/public/lm/lmbsy7.pfb></
usr/share/texmf/fonts/type1/public/lm/lmbx10.pfb></usr/share/texmf/fonts/type1/
public/lm/lmbx12.pfb></usr/share/texmf/fonts/type1/public/lm/lmbx5.pfb></usr/sh
are/texmf/fonts/type1/public/lm/lmbx7.pfb></usr/share/texmf/fonts/type1/public/
lm/lmbx8.pfb></usr/share/texmf/fonts/type1/public/lm/lmbx9.pfb></usr/share/texm
f/fonts/type1/public/lm/lmbxi10.pfb></usr/share/texmf/fonts/type1/public/lm/lmc
sc10.pfb></usr/share/texmf/fonts/type1/public/lm/lmex10.pfb></usr/share/texmf/f
onts/type1/public/lm/lmmi10.pfb></usr/share/texmf/fonts/type1/public/lm/lmmi12.
pfb></usr/share/texmf/fonts/type1/public/lm/lmmi5.pfb></usr/share/texmf/fonts/t
ype1/public/lm/lmmi7.pfb></usr/share/texmf/fonts/type1/public/lm/lmmi8.pfb></us
r/share/texmf/fonts/type1/public/lm/lmmi9.pfb></usr/share/texmf/fonts/type1/pub
lic/lm/lmmib10.pfb></usr/share/texmf/fonts/type1/public/lm/lmmib5.pfb></usr/sha
re/texmf/fonts/type1/public/lm/lmmib7.pfb></usr/share/texmf/fonts/type1/public/
lm/lmr10.pfb></usr/share/texmf/fonts/type1/public/lm/lmr12.pfb></usr/share/texm
f/fonts/type1/public/lm/lmr5.pfb></usr/share/texmf/fonts/type1/public/lm/lmr6.p
fb></usr/share/texmf/fonts/type1/public/lm/lmr7.pfb></usr/share/texmf/fonts/typ
e1/public/lm/lmr8.pfb></usr/share/texmf/fonts/type1/public/lm/lmr9.pfb></usr/sh
are/texmf/fonts/type1/public/lm/lmri10.pfb></usr/share/texmf/fonts/type1/public
/lm/lmri7.pfb></usr/share/texmf/fonts/type1/public/lm/lmssbx10.pfb></usr/share/
texmf/fonts/type1/public/lm/lmsy10.pfb></usr/share/texmf/fonts/type1/public/lm/
lmsy5.pfb></usr/share/texmf/fonts/type1/public/lm/lmsy7.pfb></usr/share/texmf/f
onts/type1/public/lm/lmsy8.pfb></usr/share/texmf/fonts/type1/public/lm/lmsy9.pf
b></usr/share/texmf/fonts/type1/public/lm/lmtk10.pfb></usr/share/texmf/fonts/ty
pe1/public/lm/lmtt10.pfb></usr/share/texlive/texmf-dist/fonts/type1/public/amsf
onts/symbols/msam10.pfb></usr/share/texlive/texmf-dist/fonts/type1/public/amsfo
nts/symbols/msbm10.pfb></usr/share/texlive/texmf-dist/fonts/type1/public/amsfon
ts/symbols/msbm7.pfb>
Output written on main3.pdf (106 pages, 1498616 bytes).
PDF statistics:
 2134 PDF objects out of 2487 (max. 8388607)
 1877 compressed objects within 19 object streams
 540 named destinations out of 1000 (max. 500000)
 1384 words of extra memory for PDF output out of 10000 (max. 10000000)

