This is pdfTeX, Version 3.141592653-2.6-1.40.25 (TeX Live 2023/Debian) (preloaded format=pdflatex 2025.8.16)  21 AUG 2025 17:40
entering extended mode
 restricted \write18 enabled.
 %&-line parsing enabled.
**reportpart3.tex
(./reportpart3.tex
LaTeX2e <2023-11-01> patch level 1
L3 programming layer <2024-01-22>
(/usr/share/texlive/texmf-dist/tex/latex/base/article.cls
Document Class: article 2023/05/17 v1.4n Standard LaTeX document class
(/usr/share/texlive/texmf-dist/tex/latex/base/size10.clo
File: size10.clo 2023/05/17 v1.4n Standard LaTeX file (size option)
)
\c@part=\count187
\c@section=\count188
\c@subsection=\count189
\c@subsubsection=\count190
\c@paragraph=\count191
\c@subparagraph=\count192
\c@figure=\count193
\c@table=\count194
\abovecaptionskip=\skip48
\belowcaptionskip=\skip49
\bibindent=\dimen140
)
(/usr/share/texlive/texmf-dist/tex/latex/graphics/graphicx.sty
Package: graphicx 2021/09/16 v1.2d Enhanced LaTeX Graphics (DPC,SPQR)

(/usr/share/texlive/texmf-dist/tex/latex/graphics/keyval.sty
Package: keyval 2022/05/29 v1.15 key=value parser (DPC)
\KV@toks@=\toks17
)
(/usr/share/texlive/texmf-dist/tex/latex/graphics/graphics.sty
Package: graphics 2022/03/10 v1.4e Standard LaTeX Graphics (DPC,SPQR)

(/usr/share/texlive/texmf-dist/tex/latex/graphics/trig.sty
Package: trig 2021/08/11 v1.11 sin cos tan (DPC)
)
(/usr/share/texlive/texmf-dist/tex/latex/graphics-cfg/graphics.cfg
File: graphics.cfg 2016/06/04 v1.11 sample graphics configuration
)
Package graphics Info: Driver file: pdftex.def on input line 107.

(/usr/share/texlive/texmf-dist/tex/latex/graphics-def/pdftex.def
File: pdftex.def 2022/09/22 v1.2b Graphics/color driver for pdftex
))
\Gin@req@height=\dimen141
\Gin@req@width=\dimen142
)
(/usr/share/texlive/texmf-dist/tex/latex/amsmath/amsmath.sty
Package: amsmath 2023/05/13 v2.17o AMS math features
\@mathmargin=\skip50

For additional information on amsmath, use the `?' option.
(/usr/share/texlive/texmf-dist/tex/latex/amsmath/amstext.sty
Package: amstext 2021/08/26 v2.01 AMS text

(/usr/share/texlive/texmf-dist/tex/latex/amsmath/amsgen.sty
File: amsgen.sty 1999/11/30 v2.0 generic functions
\@emptytoks=\toks18
\ex@=\dimen143
))
(/usr/share/texlive/texmf-dist/tex/latex/amsmath/amsbsy.sty
Package: amsbsy 1999/11/29 v1.2d Bold Symbols
\pmbraise@=\dimen144
)
(/usr/share/texlive/texmf-dist/tex/latex/amsmath/amsopn.sty
Package: amsopn 2022/04/08 v2.04 operator names
)
\inf@bad=\count195
LaTeX Info: Redefining \frac on input line 234.
\uproot@=\count196
\leftroot@=\count197
LaTeX Info: Redefining \overline on input line 399.
LaTeX Info: Redefining \colon on input line 410.
\classnum@=\count198
\DOTSCASE@=\count199
LaTeX Info: Redefining \ldots on input line 496.
LaTeX Info: Redefining \dots on input line 499.
LaTeX Info: Redefining \cdots on input line 620.
\Mathstrutbox@=\box51
\strutbox@=\box52
LaTeX Info: Redefining \big on input line 722.
LaTeX Info: Redefining \Big on input line 723.
LaTeX Info: Redefining \bigg on input line 724.
LaTeX Info: Redefining \Bigg on input line 725.
\big@size=\dimen145
LaTeX Font Info:    Redeclaring font encoding OML on input line 743.
LaTeX Font Info:    Redeclaring font encoding OMS on input line 744.
\macc@depth=\count266
LaTeX Info: Redefining \bmod on input line 905.
LaTeX Info: Redefining \pmod on input line 910.
LaTeX Info: Redefining \smash on input line 940.
LaTeX Info: Redefining \relbar on input line 970.
LaTeX Info: Redefining \Relbar on input line 971.
\c@MaxMatrixCols=\count267
\dotsspace@=\muskip16
\c@parentequation=\count268
\dspbrk@lvl=\count269
\tag@help=\toks19
\row@=\count270
\column@=\count271
\maxfields@=\count272
\andhelp@=\toks20
\eqnshift@=\dimen146
\alignsep@=\dimen147
\tagshift@=\dimen148
\tagwidth@=\dimen149
\totwidth@=\dimen150
\lineht@=\dimen151
\@envbody=\toks21
\multlinegap=\skip51
\multlinetaggap=\skip52
\mathdisplay@stack=\toks22
LaTeX Info: Redefining \[ on input line 2953.
LaTeX Info: Redefining \] on input line 2954.
)
(/usr/share/texlive/texmf-dist/tex/latex/amsfonts/amssymb.sty
Package: amssymb 2013/01/14 v3.01 AMS font symbols

(/usr/share/texlive/texmf-dist/tex/latex/amsfonts/amsfonts.sty
Package: amsfonts 2013/01/14 v3.01 Basic AMSFonts support
\symAMSa=\mathgroup4
\symAMSb=\mathgroup5
LaTeX Font Info:    Redeclaring math symbol \hbar on input line 98.
LaTeX Font Info:    Overwriting math alphabet `\mathfrak' in version `bold'
(Font)                  U/euf/m/n --> U/euf/b/n on input line 106.
))
(/usr/share/texlive/texmf-dist/tex/latex/amscls/amsthm.sty
Package: amsthm 2020/05/29 v2.20.6
\thm@style=\toks23
\thm@bodyfont=\toks24
\thm@headfont=\toks25
\thm@notefont=\toks26
\thm@headpunct=\toks27
\thm@preskip=\skip53
\thm@postskip=\skip54
\thm@headsep=\skip55
\dth@everypar=\toks28
)
(/usr/share/texlive/texmf-dist/tex/latex/mathtools/mathtools.sty
Package: mathtools 2022/06/29 v1.29 mathematical typesetting tools

(/usr/share/texlive/texmf-dist/tex/latex/tools/calc.sty
Package: calc 2023/07/08 v4.3 Infix arithmetic (KKT,FJ)
\calc@Acount=\count273
\calc@Bcount=\count274
\calc@Adimen=\dimen152
\calc@Bdimen=\dimen153
\calc@Askip=\skip56
\calc@Bskip=\skip57
LaTeX Info: Redefining \setlength on input line 80.
LaTeX Info: Redefining \addtolength on input line 81.
\calc@Ccount=\count275
\calc@Cskip=\skip58
)
(/usr/share/texlive/texmf-dist/tex/latex/mathtools/mhsetup.sty
Package: mhsetup 2021/03/18 v1.4 programming setup (MH)
)
\g_MT_multlinerow_int=\count276
\l_MT_multwidth_dim=\dimen154
\origjot=\skip59
\l_MT_shortvdotswithinadjustabove_dim=\dimen155
\l_MT_shortvdotswithinadjustbelow_dim=\dimen156
\l_MT_above_intertext_sep=\dimen157
\l_MT_below_intertext_sep=\dimen158
\l_MT_above_shortintertext_sep=\dimen159
\l_MT_below_shortintertext_sep=\dimen160
\xmathstrut@box=\box53
\xmathstrut@dim=\dimen161
)
(/usr/share/texlive/texmf-dist/tex/latex/biblatex/biblatex.sty
Package: biblatex 2023/03/05 v3.19 programmable bibliographies (PK/MW)

(/usr/share/texlive/texmf-dist/tex/generic/pdftexcmds/pdftexcmds.sty
Package: pdftexcmds 2020-06-27 v0.33 Utility functions of pdfTeX for LuaTeX (HO
)

(/usr/share/texlive/texmf-dist/tex/generic/infwarerr/infwarerr.sty
Package: infwarerr 2019/12/03 v1.5 Providing info/warning/error messages (HO)
)
(/usr/share/texlive/texmf-dist/tex/generic/iftex/iftex.sty
Package: iftex 2022/02/03 v1.0f TeX engine tests
)
(/usr/share/texlive/texmf-dist/tex/generic/ltxcmds/ltxcmds.sty
Package: ltxcmds 2023-12-04 v1.26 LaTeX kernel commands for general use (HO)
)
Package pdftexcmds Info: \pdf@primitive is available.
Package pdftexcmds Info: \pdf@ifprimitive is available.
Package pdftexcmds Info: \pdfdraftmode found.
)
(/usr/share/texlive/texmf-dist/tex/latex/etoolbox/etoolbox.sty
Package: etoolbox 2020/10/05 v2.5k e-TeX tools for LaTeX (JAW)
\etb@tempcnta=\count277
)
(/usr/share/texlive/texmf-dist/tex/latex/kvoptions/kvoptions.sty
Package: kvoptions 2022-06-15 v3.15 Key value format for package options (HO)

(/usr/share/texlive/texmf-dist/tex/latex/kvsetkeys/kvsetkeys.sty
Package: kvsetkeys 2022-10-05 v1.19 Key value parser (HO)
))
(/usr/share/texlive/texmf-dist/tex/latex/logreq/logreq.sty
Package: logreq 2010/08/04 v1.0 xml request logger
\lrq@indent=\count278

(/usr/share/texlive/texmf-dist/tex/latex/logreq/logreq.def
File: logreq.def 2010/08/04 v1.0 logreq spec v1.0
))
(/usr/share/texlive/texmf-dist/tex/latex/base/ifthen.sty
Package: ifthen 2022/04/13 v1.1d Standard LaTeX ifthen package (DPC)
)
(/usr/share/texlive/texmf-dist/tex/latex/url/url.sty
\Urlmuskip=\muskip17
Package: url 2013/09/16  ver 3.4  Verb mode for urls, etc.
)
\c@tabx@nest=\count279
\c@listtotal=\count280
\c@listcount=\count281
\c@liststart=\count282
\c@liststop=\count283
\c@citecount=\count284
\c@citetotal=\count285
\c@multicitecount=\count286
\c@multicitetotal=\count287
\c@instcount=\count288
\c@maxnames=\count289
\c@minnames=\count290
\c@maxitems=\count291
\c@minitems=\count292
\c@citecounter=\count293
\c@maxcitecounter=\count294
\c@savedcitecounter=\count295
\c@uniquelist=\count296
\c@uniquename=\count297
\c@refsection=\count298
\c@refsegment=\count299
\c@maxextratitle=\count300
\c@maxextratitleyear=\count301
\c@maxextraname=\count302
\c@maxextradate=\count303
\c@maxextraalpha=\count304
\c@abbrvpenalty=\count305
\c@highnamepenalty=\count306
\c@lownamepenalty=\count307
\c@maxparens=\count308
\c@parenlevel=\count309
\blx@tempcnta=\count310
\blx@tempcntb=\count311
\blx@tempcntc=\count312
\c@blx@maxsection=\count313
\blx@maxsegment@0=\count314
\blx@notetype=\count315
\blx@parenlevel@text=\count316
\blx@parenlevel@foot=\count317
\blx@sectionciteorder@0=\count318
\blx@sectionciteorderinternal@0=\count319
\blx@entrysetcounter=\count320
\blx@biblioinstance=\count321
\labelnumberwidth=\skip60
\labelalphawidth=\skip61
\biblabelsep=\skip62
\bibitemsep=\skip63
\bibnamesep=\skip64
\bibinitsep=\skip65
\bibparsep=\skip66
\bibhang=\skip67
\blx@bcfin=\read2
\blx@bcfout=\write3
\blx@langwohyphens=\language89
\c@mincomprange=\count322
\c@maxcomprange=\count323
\c@mincompwidth=\count324
Package biblatex Info: Trying to load biblatex default data model...
Package biblatex Info: ... file 'blx-dm.def' found.

(/usr/share/texlive/texmf-dist/tex/latex/biblatex/blx-dm.def
File: blx-dm.def 2023/03/05 v3.19 biblatex localization (PK/MW)
)
Package biblatex Info: Trying to load biblatex custom data model...
Package biblatex Info: ... file 'biblatex-dm.cfg' not found.
\c@afterword=\count325
\c@savedafterword=\count326
\c@annotator=\count327
\c@savedannotator=\count328
\c@author=\count329
\c@savedauthor=\count330
\c@bookauthor=\count331
\c@savedbookauthor=\count332
\c@commentator=\count333
\c@savedcommentator=\count334
\c@editor=\count335
\c@savededitor=\count336
\c@editora=\count337
\c@savededitora=\count338
\c@editorb=\count339
\c@savededitorb=\count340
\c@editorc=\count341
\c@savededitorc=\count342
\c@foreword=\count343
\c@savedforeword=\count344
\c@holder=\count345
\c@savedholder=\count346
\c@introduction=\count347
\c@savedintroduction=\count348
\c@namea=\count349
\c@savednamea=\count350
\c@nameb=\count351
\c@savednameb=\count352
\c@namec=\count353
\c@savednamec=\count354
\c@translator=\count355
\c@savedtranslator=\count356
\c@shortauthor=\count357
\c@savedshortauthor=\count358
\c@shorteditor=\count359
\c@savedshorteditor=\count360
\c@labelname=\count361
\c@savedlabelname=\count362
\c@institution=\count363
\c@savedinstitution=\count364
\c@lista=\count365
\c@savedlista=\count366
\c@listb=\count367
\c@savedlistb=\count368
\c@listc=\count369
\c@savedlistc=\count370
\c@listd=\count371
\c@savedlistd=\count372
\c@liste=\count373
\c@savedliste=\count374
\c@listf=\count375
\c@savedlistf=\count376
\c@location=\count377
\c@savedlocation=\count378
\c@organization=\count379
\c@savedorganization=\count380
\c@origlocation=\count381
\c@savedoriglocation=\count382
\c@origpublisher=\count383
\c@savedorigpublisher=\count384
\c@publisher=\count385
\c@savedpublisher=\count386
\c@language=\count387
\c@savedlanguage=\count388
\c@origlanguage=\count389
\c@savedoriglanguage=\count390
\c@pageref=\count391
\c@savedpageref=\count392
\shorthandwidth=\skip68
\shortjournalwidth=\skip69
\shortserieswidth=\skip70
\shorttitlewidth=\skip71
\shortauthorwidth=\skip72
\shorteditorwidth=\skip73
\locallabelnumberwidth=\skip74
\locallabelalphawidth=\skip75
\localshorthandwidth=\skip76
\localshortjournalwidth=\skip77
\localshortserieswidth=\skip78
\localshorttitlewidth=\skip79
\localshortauthorwidth=\skip80
\localshorteditorwidth=\skip81
Package biblatex Info: Trying to load compatibility code...
Package biblatex Info: ... file 'blx-compat.def' found.

(/usr/share/texlive/texmf-dist/tex/latex/biblatex/blx-compat.def
File: blx-compat.def 2023/03/05 v3.19 biblatex compatibility (PK/MW)
)
Package biblatex Info: Trying to load generic definitions...
Package biblatex Info: ... file 'biblatex.def' found.

(/usr/share/texlive/texmf-dist/tex/latex/biblatex/biblatex.def
File: biblatex.def 2023/03/05 v3.19 biblatex compatibility (PK/MW)
\c@textcitecount=\count393
\c@textcitetotal=\count394
\c@textcitemaxnames=\count395
\c@biburlbigbreakpenalty=\count396
\c@biburlbreakpenalty=\count397
\c@biburlnumpenalty=\count398
\c@biburlucpenalty=\count399
\c@biburllcpenalty=\count400
\biburlbigskip=\muskip18
\biburlnumskip=\muskip19
\biburlucskip=\muskip20
\biburllcskip=\muskip21
\c@smartand=\count401
)
Package biblatex Info: Trying to load bibliography style 'numeric'...
Package biblatex Info: ... file 'numeric.bbx' found.

(/usr/share/texlive/texmf-dist/tex/latex/biblatex/bbx/numeric.bbx
File: numeric.bbx 2023/03/05 v3.19 biblatex bibliography style (PK/MW)
Package biblatex Info: Trying to load bibliography style 'standard'...
Package biblatex Info: ... file 'standard.bbx' found.

(/usr/share/texlive/texmf-dist/tex/latex/biblatex/bbx/standard.bbx
File: standard.bbx 2023/03/05 v3.19 biblatex bibliography style (PK/MW)
\c@bbx:relatedcount=\count402
\c@bbx:relatedtotal=\count403
))
Package biblatex Info: Trying to load citation style 'numeric'...
Package biblatex Info: ... file 'numeric.cbx' found.

(/usr/share/texlive/texmf-dist/tex/latex/biblatex/cbx/numeric.cbx
File: numeric.cbx 2023/03/05 v3.19 biblatex citation style (PK/MW)
Package biblatex Info: Redefining '\cite'.
Package biblatex Info: Redefining '\parencite'.
Package biblatex Info: Redefining '\footcite'.
Package biblatex Info: Redefining '\footcitetext'.
Package biblatex Info: Redefining '\smartcite'.
Package biblatex Info: Redefining '\supercite'.
Package biblatex Info: Redefining '\textcite'.
Package biblatex Info: Redefining '\textcites'.
Package biblatex Info: Redefining '\cites'.
Package biblatex Info: Redefining '\parencites'.
Package biblatex Info: Redefining '\smartcites'.
)
Package biblatex Info: Trying to load configuration file...
Package biblatex Info: ... file 'biblatex.cfg' found.

(/usr/share/texlive/texmf-dist/tex/latex/biblatex/biblatex.cfg
File: biblatex.cfg 
)
Package biblatex Info: Input encoding 'utf8' detected.
Package biblatex Info: Document encoding is UTF8 ....

(/usr/share/texlive/texmf-dist/tex/latex/l3kernel/expl3.sty
Package: expl3 2024-01-22 L3 programming layer (loader) 

(/usr/share/texlive/texmf-dist/tex/latex/l3backend/l3backend-pdftex.def
File: l3backend-pdftex.def 2024-01-04 L3 backend support: PDF output (pdfTeX)
\l__color_backend_stack_int=\count404
\l__pdf_internal_box=\box54
))
Package biblatex Info: ... and expl3
(biblatex)             2024-01-22 L3 programming layer (loader) 
(biblatex)             is new enough (at least 2020/04/06),
(biblatex)             setting 'casechanger=expl3'.

(/usr/share/texlive/texmf-dist/tex/latex/biblatex/blx-case-expl3.sty
(/usr/share/texlive/texmf-dist/tex/latex/l3packages/xparse/xparse.sty
Package: xparse 2023-10-10 L3 Experimental document command parser
)
Package: blx-case-expl3 2023/03/05 v3.19 expl3 case changing code for biblatex
))
(/usr/share/texlive/texmf-dist/tex/latex/subfig/subfig.sty
Package: subfig 2005/06/28 ver: 1.3 subfig package

(/usr/share/texlive/texmf-dist/tex/latex/caption/caption.sty
Package: caption 2023/08/05 v3.6o Customizing captions (AR)

(/usr/share/texlive/texmf-dist/tex/latex/caption/caption3.sty
Package: caption3 2023/07/31 v2.4d caption3 kernel (AR)
\caption@tempdima=\dimen162
\captionmargin=\dimen163
\caption@leftmargin=\dimen164
\caption@rightmargin=\dimen165
\caption@width=\dimen166
\caption@indent=\dimen167
\caption@parindent=\dimen168
\caption@hangindent=\dimen169
Package caption Info: Standard document class detected.
)
\c@caption@flags=\count405
\c@continuedfloat=\count406
)
\c@KVtest=\count407
\sf@farskip=\skip82
\sf@captopadj=\dimen170
\sf@capskip=\skip83
\sf@nearskip=\skip84
\c@subfigure=\count408
\c@subfigure@save=\count409
\c@lofdepth=\count410
\c@subtable=\count411
\c@subtable@save=\count412
\c@lotdepth=\count413
\sf@top=\skip85
\sf@bottom=\skip86
)
(/usr/share/texlive/texmf-dist/tex/latex/parskip/parskip.sty
Package: parskip 2021-03-14 v2.0h non-zero parskip adjustments
)
(/usr/share/texlive/texmf-dist/tex/latex/multirow/multirow.sty
Package: multirow 2021/03/15 v2.8 Span multiple rows of a table
\multirow@colwidth=\skip87
\multirow@cntb=\count414
\multirow@dima=\skip88
\bigstrutjot=\dimen171
)
(/usr/share/texlive/texmf-dist/tex/latex/tools/longtable.sty
Package: longtable 2023-11-01 v4.19 Multi-page Table package (DPC)
\LTleft=\skip89
\LTright=\skip90
\LTpre=\skip91
\LTpost=\skip92
\LTchunksize=\count415
\LTcapwidth=\dimen172
\LT@head=\box55
\LT@firsthead=\box56
\LT@foot=\box57
\LT@lastfoot=\box58
\LT@gbox=\box59
\LT@cols=\count416
\LT@rows=\count417
\c@LT@tables=\count418
\c@LT@chunks=\count419
\LT@p@ftn=\toks29
)
(/usr/share/texlive/texmf-dist/tex/latex/booktabs/booktabs.sty
Package: booktabs 2020/01/12 v1.61803398 Publication quality tables
\heavyrulewidth=\dimen173
\lightrulewidth=\dimen174
\cmidrulewidth=\dimen175
\belowrulesep=\dimen176
\belowbottomsep=\dimen177
\aboverulesep=\dimen178
\abovetopsep=\dimen179
\cmidrulesep=\dimen180
\cmidrulekern=\dimen181
\defaultaddspace=\dimen182
\@cmidla=\count420
\@cmidlb=\count421
\@aboverulesep=\dimen183
\@belowrulesep=\dimen184
\@thisruleclass=\count422
\@lastruleclass=\count423
\@thisrulewidth=\dimen185
)
(/usr/share/texlive/texmf-dist/tex/latex/tcolorbox/tcolorbox.sty
Package: tcolorbox 2024/01/10 version 6.2.0 text color boxes

(/usr/share/texlive/texmf-dist/tex/latex/pgf/basiclayer/pgf.sty
(/usr/share/texlive/texmf-dist/tex/latex/pgf/utilities/pgfrcs.sty
(/usr/share/texlive/texmf-dist/tex/generic/pgf/utilities/pgfutil-common.tex
\pgfutil@everybye=\toks30
\pgfutil@tempdima=\dimen186
\pgfutil@tempdimb=\dimen187
)
(/usr/share/texlive/texmf-dist/tex/generic/pgf/utilities/pgfutil-latex.def
\pgfutil@abb=\box60
)
(/usr/share/texlive/texmf-dist/tex/generic/pgf/utilities/pgfrcs.code.tex
(/usr/share/texlive/texmf-dist/tex/generic/pgf/pgf.revision.tex)
Package: pgfrcs 2023-01-15 v3.1.10 (3.1.10)
))
Package: pgf 2023-01-15 v3.1.10 (3.1.10)

(/usr/share/texlive/texmf-dist/tex/latex/pgf/basiclayer/pgfcore.sty
(/usr/share/texlive/texmf-dist/tex/latex/pgf/systemlayer/pgfsys.sty
(/usr/share/texlive/texmf-dist/tex/generic/pgf/systemlayer/pgfsys.code.tex
Package: pgfsys 2023-01-15 v3.1.10 (3.1.10)

(/usr/share/texlive/texmf-dist/tex/generic/pgf/utilities/pgfkeys.code.tex
\pgfkeys@pathtoks=\toks31
\pgfkeys@temptoks=\toks32

(/usr/share/texlive/texmf-dist/tex/generic/pgf/utilities/pgfkeyslibraryfiltered
.code.tex
\pgfkeys@tmptoks=\toks33
))
\pgf@x=\dimen188
\pgf@y=\dimen189
\pgf@xa=\dimen190
\pgf@ya=\dimen191
\pgf@xb=\dimen192
\pgf@yb=\dimen193
\pgf@xc=\dimen194
\pgf@yc=\dimen195
\pgf@xd=\dimen196
\pgf@yd=\dimen197
\w@pgf@writea=\write4
\r@pgf@reada=\read3
\c@pgf@counta=\count424
\c@pgf@countb=\count425
\c@pgf@countc=\count426
\c@pgf@countd=\count427
\t@pgf@toka=\toks34
\t@pgf@tokb=\toks35
\t@pgf@tokc=\toks36
\pgf@sys@id@count=\count428
 (/usr/share/texlive/texmf-dist/tex/generic/pgf/systemlayer/pgf.cfg
File: pgf.cfg 2023-01-15 v3.1.10 (3.1.10)
)
Driver file for pgf: pgfsys-pdftex.def
(/usr/share/texlive/texmf-dist/tex/generic/pgf/systemlayer/pgfsys-pdftex.def
File: pgfsys-pdftex.def 2023-01-15 v3.1.10 (3.1.10)

(/usr/share/texlive/texmf-dist/tex/generic/pgf/systemlayer/pgfsys-common-pdf.de
f
File: pgfsys-common-pdf.def 2023-01-15 v3.1.10 (3.1.10)
)))
(/usr/share/texlive/texmf-dist/tex/generic/pgf/systemlayer/pgfsyssoftpath.code.
tex
File: pgfsyssoftpath.code.tex 2023-01-15 v3.1.10 (3.1.10)
\pgfsyssoftpath@smallbuffer@items=\count429
\pgfsyssoftpath@bigbuffer@items=\count430
)
(/usr/share/texlive/texmf-dist/tex/generic/pgf/systemlayer/pgfsysprotocol.code.
tex
File: pgfsysprotocol.code.tex 2023-01-15 v3.1.10 (3.1.10)
)) (/usr/share/texlive/texmf-dist/tex/latex/xcolor/xcolor.sty
Package: xcolor 2023/11/15 v3.01 LaTeX color extensions (UK)

(/usr/share/texlive/texmf-dist/tex/latex/graphics-cfg/color.cfg
File: color.cfg 2016/01/02 v1.6 sample color configuration
)
Package xcolor Info: Driver file: pdftex.def on input line 274.

(/usr/share/texlive/texmf-dist/tex/latex/graphics/mathcolor.ltx)
Package xcolor Info: Model `cmy' substituted by `cmy0' on input line 1350.
Package xcolor Info: Model `hsb' substituted by `rgb' on input line 1354.
Package xcolor Info: Model `RGB' extended on input line 1366.
Package xcolor Info: Model `HTML' substituted by `rgb' on input line 1368.
Package xcolor Info: Model `Hsb' substituted by `hsb' on input line 1369.
Package xcolor Info: Model `tHsb' substituted by `hsb' on input line 1370.
Package xcolor Info: Model `HSB' substituted by `hsb' on input line 1371.
Package xcolor Info: Model `Gray' substituted by `gray' on input line 1372.
Package xcolor Info: Model `wave' substituted by `hsb' on input line 1373.
)
(/usr/share/texlive/texmf-dist/tex/generic/pgf/basiclayer/pgfcore.code.tex
Package: pgfcore 2023-01-15 v3.1.10 (3.1.10)

(/usr/share/texlive/texmf-dist/tex/generic/pgf/math/pgfmath.code.tex
(/usr/share/texlive/texmf-dist/tex/generic/pgf/math/pgfmathutil.code.tex)
(/usr/share/texlive/texmf-dist/tex/generic/pgf/math/pgfmathparser.code.tex
\pgfmath@dimen=\dimen198
\pgfmath@count=\count431
\pgfmath@box=\box61
\pgfmath@toks=\toks37
\pgfmath@stack@operand=\toks38
\pgfmath@stack@operation=\toks39
)
(/usr/share/texlive/texmf-dist/tex/generic/pgf/math/pgfmathfunctions.code.tex)
(/usr/share/texlive/texmf-dist/tex/generic/pgf/math/pgfmathfunctions.basic.code
.tex)
(/usr/share/texlive/texmf-dist/tex/generic/pgf/math/pgfmathfunctions.trigonomet
ric.code.tex)
(/usr/share/texlive/texmf-dist/tex/generic/pgf/math/pgfmathfunctions.random.cod
e.tex)
(/usr/share/texlive/texmf-dist/tex/generic/pgf/math/pgfmathfunctions.comparison
.code.tex)
(/usr/share/texlive/texmf-dist/tex/generic/pgf/math/pgfmathfunctions.base.code.
tex)
(/usr/share/texlive/texmf-dist/tex/generic/pgf/math/pgfmathfunctions.round.code
.tex)
(/usr/share/texlive/texmf-dist/tex/generic/pgf/math/pgfmathfunctions.misc.code.
tex)
(/usr/share/texlive/texmf-dist/tex/generic/pgf/math/pgfmathfunctions.integerari
thmetics.code.tex)
(/usr/share/texlive/texmf-dist/tex/generic/pgf/math/pgfmathcalc.code.tex)
(/usr/share/texlive/texmf-dist/tex/generic/pgf/math/pgfmathfloat.code.tex
\c@pgfmathroundto@lastzeros=\count432
))
(/usr/share/texlive/texmf-dist/tex/generic/pgf/math/pgfint.code.tex)
(/usr/share/texlive/texmf-dist/tex/generic/pgf/basiclayer/pgfcorepoints.code.te
x
File: pgfcorepoints.code.tex 2023-01-15 v3.1.10 (3.1.10)
\pgf@picminx=\dimen199
\pgf@picmaxx=\dimen256
\pgf@picminy=\dimen257
\pgf@picmaxy=\dimen258
\pgf@pathminx=\dimen259
\pgf@pathmaxx=\dimen260
\pgf@pathminy=\dimen261
\pgf@pathmaxy=\dimen262
\pgf@xx=\dimen263
\pgf@xy=\dimen264
\pgf@yx=\dimen265
\pgf@yy=\dimen266
\pgf@zx=\dimen267
\pgf@zy=\dimen268
)
(/usr/share/texlive/texmf-dist/tex/generic/pgf/basiclayer/pgfcorepathconstruct.
code.tex
File: pgfcorepathconstruct.code.tex 2023-01-15 v3.1.10 (3.1.10)
\pgf@path@lastx=\dimen269
\pgf@path@lasty=\dimen270
)
(/usr/share/texlive/texmf-dist/tex/generic/pgf/basiclayer/pgfcorepathusage.code
.tex
File: pgfcorepathusage.code.tex 2023-01-15 v3.1.10 (3.1.10)
\pgf@shorten@end@additional=\dimen271
\pgf@shorten@start@additional=\dimen272
)
(/usr/share/texlive/texmf-dist/tex/generic/pgf/basiclayer/pgfcorescopes.code.te
x
File: pgfcorescopes.code.tex 2023-01-15 v3.1.10 (3.1.10)
\pgfpic=\box62
\pgf@hbox=\box63
\pgf@layerbox@main=\box64
\pgf@picture@serial@count=\count433
)
(/usr/share/texlive/texmf-dist/tex/generic/pgf/basiclayer/pgfcoregraphicstate.c
ode.tex
File: pgfcoregraphicstate.code.tex 2023-01-15 v3.1.10 (3.1.10)
\pgflinewidth=\dimen273
)
(/usr/share/texlive/texmf-dist/tex/generic/pgf/basiclayer/pgfcoretransformation
s.code.tex
File: pgfcoretransformations.code.tex 2023-01-15 v3.1.10 (3.1.10)
\pgf@pt@x=\dimen274
\pgf@pt@y=\dimen275
\pgf@pt@temp=\dimen276
)
(/usr/share/texlive/texmf-dist/tex/generic/pgf/basiclayer/pgfcorequick.code.tex
File: pgfcorequick.code.tex 2023-01-15 v3.1.10 (3.1.10)
)
(/usr/share/texlive/texmf-dist/tex/generic/pgf/basiclayer/pgfcoreobjects.code.t
ex
File: pgfcoreobjects.code.tex 2023-01-15 v3.1.10 (3.1.10)
)
(/usr/share/texlive/texmf-dist/tex/generic/pgf/basiclayer/pgfcorepathprocessing
.code.tex
File: pgfcorepathprocessing.code.tex 2023-01-15 v3.1.10 (3.1.10)
)
(/usr/share/texlive/texmf-dist/tex/generic/pgf/basiclayer/pgfcorearrows.code.te
x
File: pgfcorearrows.code.tex 2023-01-15 v3.1.10 (3.1.10)
\pgfarrowsep=\dimen277
)
(/usr/share/texlive/texmf-dist/tex/generic/pgf/basiclayer/pgfcoreshade.code.tex
File: pgfcoreshade.code.tex 2023-01-15 v3.1.10 (3.1.10)
\pgf@max=\dimen278
\pgf@sys@shading@range@num=\count434
\pgf@shadingcount=\count435
)
(/usr/share/texlive/texmf-dist/tex/generic/pgf/basiclayer/pgfcoreimage.code.tex
File: pgfcoreimage.code.tex 2023-01-15 v3.1.10 (3.1.10)
)
(/usr/share/texlive/texmf-dist/tex/generic/pgf/basiclayer/pgfcoreexternal.code.
tex
File: pgfcoreexternal.code.tex 2023-01-15 v3.1.10 (3.1.10)
\pgfexternal@startupbox=\box65
)
(/usr/share/texlive/texmf-dist/tex/generic/pgf/basiclayer/pgfcorelayers.code.te
x
File: pgfcorelayers.code.tex 2023-01-15 v3.1.10 (3.1.10)
)
(/usr/share/texlive/texmf-dist/tex/generic/pgf/basiclayer/pgfcoretransparency.c
ode.tex
File: pgfcoretransparency.code.tex 2023-01-15 v3.1.10 (3.1.10)
)
(/usr/share/texlive/texmf-dist/tex/generic/pgf/basiclayer/pgfcorepatterns.code.
tex
File: pgfcorepatterns.code.tex 2023-01-15 v3.1.10 (3.1.10)
)
(/usr/share/texlive/texmf-dist/tex/generic/pgf/basiclayer/pgfcorerdf.code.tex
File: pgfcorerdf.code.tex 2023-01-15 v3.1.10 (3.1.10)
)))
(/usr/share/texlive/texmf-dist/tex/generic/pgf/modules/pgfmoduleshapes.code.tex
File: pgfmoduleshapes.code.tex 2023-01-15 v3.1.10 (3.1.10)
\pgfnodeparttextbox=\box66
) (/usr/share/texlive/texmf-dist/tex/generic/pgf/modules/pgfmoduleplot.code.tex
File: pgfmoduleplot.code.tex 2023-01-15 v3.1.10 (3.1.10)
)
(/usr/share/texlive/texmf-dist/tex/latex/pgf/compatibility/pgfcomp-version-0-65
.sty
Package: pgfcomp-version-0-65 2023-01-15 v3.1.10 (3.1.10)
\pgf@nodesepstart=\dimen279
\pgf@nodesepend=\dimen280
)
(/usr/share/texlive/texmf-dist/tex/latex/pgf/compatibility/pgfcomp-version-1-18
.sty
Package: pgfcomp-version-1-18 2023-01-15 v3.1.10 (3.1.10)
)) (/usr/share/texlive/texmf-dist/tex/latex/tools/verbatim.sty
Package: verbatim 2023-11-06 v1.5v LaTeX2e package for verbatim enhancements
\every@verbatim=\toks40
\verbatim@line=\toks41
\verbatim@in@stream=\read4
)
(/usr/share/texlive/texmf-dist/tex/latex/environ/environ.sty
Package: environ 2014/05/04 v0.3 A new way to define environments

(/usr/share/texlive/texmf-dist/tex/latex/trimspaces/trimspaces.sty
Package: trimspaces 2009/09/17 v1.1 Trim spaces around a token list
))
\tcb@titlebox=\box67
\tcb@upperbox=\box68
\tcb@lowerbox=\box69
\tcb@phantombox=\box70
\c@tcbbreakpart=\count436
\c@tcblayer=\count437
\c@tcolorbox@number=\count438
\l__tcobox_tmpa_box=\box71
\l__tcobox_tmpa_dim=\dimen281
\tcb@temp=\box72
\tcb@temp=\box73
\tcb@temp=\box74
\tcb@temp=\box75

(/usr/share/texlive/texmf-dist/tex/latex/tcolorbox/tcbraster.code.tex
Library (tcolorbox): 'tcbraster.code.tex' version '6.2.0'
\c@tcbrastercolumn=\count439
\c@tcbrasterrow=\count440
\c@tcbrasternum=\count441
\c@tcbraster=\count442
) (/usr/share/texlive/texmf-dist/tex/latex/tcolorbox/tcbskins.code.tex
Library (tcolorbox): 'tcbskins.code.tex' version '6.2.0'
(/usr/share/texlive/texmf-dist/tex/latex/pgf/frontendlayer/tikz.sty
(/usr/share/texlive/texmf-dist/tex/latex/pgf/utilities/pgffor.sty
(/usr/share/texlive/texmf-dist/tex/latex/pgf/utilities/pgfkeys.sty
(/usr/share/texlive/texmf-dist/tex/generic/pgf/utilities/pgfkeys.code.tex))
(/usr/share/texlive/texmf-dist/tex/latex/pgf/math/pgfmath.sty
(/usr/share/texlive/texmf-dist/tex/generic/pgf/math/pgfmath.code.tex))
(/usr/share/texlive/texmf-dist/tex/generic/pgf/utilities/pgffor.code.tex
Package: pgffor 2023-01-15 v3.1.10 (3.1.10)
\pgffor@iter=\dimen282
\pgffor@skip=\dimen283
\pgffor@stack=\toks42
\pgffor@toks=\toks43
))
(/usr/share/texlive/texmf-dist/tex/generic/pgf/frontendlayer/tikz/tikz.code.tex
Package: tikz 2023-01-15 v3.1.10 (3.1.10)

(/usr/share/texlive/texmf-dist/tex/generic/pgf/libraries/pgflibraryplothandlers
.code.tex
File: pgflibraryplothandlers.code.tex 2023-01-15 v3.1.10 (3.1.10)
\pgf@plot@mark@count=\count443
\pgfplotmarksize=\dimen284
)
\tikz@lastx=\dimen285
\tikz@lasty=\dimen286
\tikz@lastxsaved=\dimen287
\tikz@lastysaved=\dimen288
\tikz@lastmovetox=\dimen289
\tikz@lastmovetoy=\dimen290
\tikzleveldistance=\dimen291
\tikzsiblingdistance=\dimen292
\tikz@figbox=\box76
\tikz@figbox@bg=\box77
\tikz@tempbox=\box78
\tikz@tempbox@bg=\box79
\tikztreelevel=\count444
\tikznumberofchildren=\count445
\tikznumberofcurrentchild=\count446
\tikz@fig@count=\count447

(/usr/share/texlive/texmf-dist/tex/generic/pgf/modules/pgfmodulematrix.code.tex
File: pgfmodulematrix.code.tex 2023-01-15 v3.1.10 (3.1.10)
\pgfmatrixcurrentrow=\count448
\pgfmatrixcurrentcolumn=\count449
\pgf@matrix@numberofcolumns=\count450
)
\tikz@expandcount=\count451

(/usr/share/texlive/texmf-dist/tex/generic/pgf/frontendlayer/tikz/libraries/tik
zlibrarytopaths.code.tex
File: tikzlibrarytopaths.code.tex 2023-01-15 v3.1.10 (3.1.10)
)))
(/usr/share/texlive/texmf-dist/tex/latex/tikzfill/tikzfill.image.sty
Package: tikzfill.image 2023/08/08 v1.0.1 Image filling library for TikZ

(/usr/share/texlive/texmf-dist/tex/latex/tikzfill/tikzfill-common.sty
Package: tikzfill-common 2023/08/08 v1.0.1 Auxiliary code for tikzfill
)
(/usr/share/texlive/texmf-dist/tex/latex/tikzfill/tikzlibraryfill.image.code.te
x
File: tikzlibraryfill.image.code.tex 2023/08/08 v1.0.1 Image filling library
\l__tikzfill_img_box=\box80
)) (/usr/share/texlive/texmf-dist/tex/latex/tcolorbox/tcbskinsjigsaw.code.tex
Library (tcolorbox): 'tcbskinsjigsaw.code.tex' version '6.2.0'
)) (/usr/share/texlive/texmf-dist/tex/latex/tcolorbox/tcbbreakable.code.tex
Library (tcolorbox): 'tcbbreakable.code.tex' version '6.2.0'
(/usr/share/texlive/texmf-dist/tex/latex/pdfcol/pdfcol.sty
Package: pdfcol 2022-09-21 v1.7 Handle new color stacks for pdfTeX (HO)
)
Package pdfcol Info: New color stack `tcb@breakable' = 1 on input line 23.
\tcb@testbox=\box81
\tcb@totalupperbox=\box82
\tcb@totallowerbox=\box83
)
(/usr/share/texlive/texmf-dist/tex/latex/tcolorbox/tcbhooks.code.tex
Library (tcolorbox): 'tcbhooks.code.tex' version '6.2.0'
) (/usr/share/texlive/texmf-dist/tex/latex/tcolorbox/tcbtheorems.code.tex
Library (tcolorbox): 'tcbtheorems.code.tex' version '6.2.0'
) (/usr/share/texlive/texmf-dist/tex/latex/tcolorbox/tcbfitting.code.tex
Library (tcolorbox): 'tcbfitting.code.tex' version '6.2.0'
\tcbfitdim=\dimen293
\tcb@lowerfitdim=\dimen294
\tcb@upperfitdim=\dimen295
\tcb@cur@hbadness=\count452
) (/usr/share/texlive/texmf-dist/tex/latex/tcolorbox/tcblistingsutf8.code.tex
Library (tcolorbox): 'tcblistingsutf8.code.tex' version '6.2.0'
(/usr/share/texlive/texmf-dist/tex/latex/tcolorbox/tcblistings.code.tex
Library (tcolorbox): 'tcblistings.code.tex' version '6.2.0'
(/usr/share/texlive/texmf-dist/tex/latex/listings/listings.sty
\lst@mode=\count453
\lst@gtempboxa=\box84
\lst@token=\toks44
\lst@length=\count454
\lst@currlwidth=\dimen296
\lst@column=\count455
\lst@pos=\count456
\lst@lostspace=\dimen297
\lst@width=\dimen298
\lst@newlines=\count457
\lst@lineno=\count458
\lst@maxwidth=\dimen299

(/usr/share/texlive/texmf-dist/tex/latex/listings/lstmisc.sty
File: lstmisc.sty 2023/02/27 1.9 (Carsten Heinz)
\c@lstnumber=\count459
\lst@skipnumbers=\count460
\lst@framebox=\box85
)
(/usr/share/texlive/texmf-dist/tex/latex/listings/listings.cfg
File: listings.cfg 2023/02/27 1.9 listings configuration
))
Package: listings 2023/02/27 1.9 (Carsten Heinz)

(/usr/share/texlive/texmf-dist/tex/latex/tcolorbox/tcblistingscore.code.tex
Library (tcolorbox): 'tcblistingscore.code.tex' version '6.2.0'
(/usr/share/texlive/texmf-dist/tex/latex/tcolorbox/tcbprocessing.code.tex
Library (tcolorbox): 'tcbprocessing.code.tex' version '6.2.0'
)
\c@tcblisting=\count461
)) (/usr/share/texlive/texmf-dist/tex/latex/listingsutf8/listingsutf8.sty
Package: listingsutf8 2019-12-10 v1.5 Allow UTF-8 in listings input (HO)

(/usr/share/texlive/texmf-dist/tex/generic/stringenc/stringenc.sty
Package: stringenc 2019/11/29 v1.12 Convert strings between diff. encodings (HO
)

(/usr/share/texlive/texmf-dist/tex/generic/pdfescape/pdfescape.sty
Package: pdfescape 2019/12/09 v1.15 Implements pdfTeX's escape features (HO)
))))
(/usr/share/texlive/texmf-dist/tex/latex/tcolorbox/tcbexternal.code.tex
Library (tcolorbox): 'tcbexternal.code.tex' version '6.2.0'
) (/usr/share/texlive/texmf-dist/tex/latex/tcolorbox/tcbmagazine.code.tex
Library (tcolorbox): 'tcbmagazine.code.tex' version '6.2.0'
) (/usr/share/texlive/texmf-dist/tex/latex/tcolorbox/tcbvignette.code.tex
Library (tcolorbox): 'tcbvignette.code.tex' version '6.2.0'

(/usr/share/texlive/texmf-dist/tex/generic/pgf/frontendlayer/tikz/libraries/tik
zlibraryfadings.code.tex
File: tikzlibraryfadings.code.tex 2023-01-15 v3.1.10 (3.1.10)

(/usr/share/texlive/texmf-dist/tex/generic/pgf/libraries/pgflibraryfadings.code
.tex
File: pgflibraryfadings.code.tex 2023-01-15 v3.1.10 (3.1.10)
))) (/usr/share/texlive/texmf-dist/tex/latex/tcolorbox/tcbposter.code.tex
Library (tcolorbox): 'tcbposter.code.tex' version '6.2.0'
)) (/usr/share/texlive/texmf-dist/tex/latex/hyperref/hyperref.sty
Package: hyperref 2024-01-20 v7.01h Hypertext links for LaTeX

(/usr/share/texlive/texmf-dist/tex/generic/kvdefinekeys/kvdefinekeys.sty
Package: kvdefinekeys 2019-12-19 v1.6 Define keys (HO)
)
(/usr/share/texlive/texmf-dist/tex/latex/hycolor/hycolor.sty
Package: hycolor 2020-01-27 v1.10 Color options for hyperref/bookmark (HO)
)
(/usr/share/texlive/texmf-dist/tex/latex/auxhook/auxhook.sty
Package: auxhook 2019-12-17 v1.6 Hooks for auxiliary files (HO)
)
(/usr/share/texlive/texmf-dist/tex/latex/hyperref/nameref.sty
Package: nameref 2023-11-26 v2.56 Cross-referencing by name of section

(/usr/share/texlive/texmf-dist/tex/latex/refcount/refcount.sty
Package: refcount 2019/12/15 v3.6 Data extraction from label references (HO)
)
(/usr/share/texlive/texmf-dist/tex/generic/gettitlestring/gettitlestring.sty
Package: gettitlestring 2019/12/15 v1.6 Cleanup title references (HO)
)
\c@section@level=\count462
)
\@linkdim=\dimen300
\Hy@linkcounter=\count463
\Hy@pagecounter=\count464

(/usr/share/texlive/texmf-dist/tex/latex/hyperref/pd1enc.def
File: pd1enc.def 2024-01-20 v7.01h Hyperref: PDFDocEncoding definition (HO)
Now handling font encoding PD1 ...
... no UTF-8 mapping file for font encoding PD1
)
(/usr/share/texlive/texmf-dist/tex/generic/intcalc/intcalc.sty
Package: intcalc 2019/12/15 v1.3 Expandable calculations with integers (HO)
)
\Hy@SavedSpaceFactor=\count465

(/usr/share/texlive/texmf-dist/tex/latex/hyperref/puenc.def
File: puenc.def 2024-01-20 v7.01h Hyperref: PDF Unicode definition (HO)
Now handling font encoding PU ...
... no UTF-8 mapping file for font encoding PU
)
Package hyperref Info: Option `colorlinks' set `true' on input line 4062.
Package hyperref Info: Hyper figures OFF on input line 4179.
Package hyperref Info: Link nesting OFF on input line 4184.
Package hyperref Info: Hyper index ON on input line 4187.
Package hyperref Info: Plain pages OFF on input line 4194.
Package hyperref Info: Backreferencing OFF on input line 4199.
Package hyperref Info: Implicit mode ON; LaTeX internals redefined.
Package hyperref Info: Bookmarks ON on input line 4446.
\c@Hy@tempcnt=\count466
LaTeX Info: Redefining \url on input line 4784.
\XeTeXLinkMargin=\dimen301

(/usr/share/texlive/texmf-dist/tex/generic/bitset/bitset.sty
Package: bitset 2019/12/09 v1.3 Handle bit-vector datatype (HO)

(/usr/share/texlive/texmf-dist/tex/generic/bigintcalc/bigintcalc.sty
Package: bigintcalc 2019/12/15 v1.5 Expandable calculations on big integers (HO
)
))
\Fld@menulength=\count467
\Field@Width=\dimen302
\Fld@charsize=\dimen303
Package hyperref Info: Hyper figures OFF on input line 6063.
Package hyperref Info: Link nesting OFF on input line 6068.
Package hyperref Info: Hyper index ON on input line 6071.
Package hyperref Info: backreferencing OFF on input line 6078.
Package hyperref Info: Link coloring ON on input line 6081.
Package hyperref Info: Link coloring with OCG OFF on input line 6088.
Package hyperref Info: PDF/A mode OFF on input line 6093.

(/usr/share/texlive/texmf-dist/tex/latex/base/atbegshi-ltx.sty
Package: atbegshi-ltx 2021/01/10 v1.0c Emulation of the original atbegshi
package with kernel methods
)
\Hy@abspage=\count468
\c@Item=\count469
\c@Hfootnote=\count470
)
Package hyperref Info: Driver (autodetected): hpdftex.

(/usr/share/texlive/texmf-dist/tex/latex/hyperref/hpdftex.def
File: hpdftex.def 2024-01-20 v7.01h Hyperref driver for pdfTeX

(/usr/share/texlive/texmf-dist/tex/latex/base/atveryend-ltx.sty
Package: atveryend-ltx 2020/08/19 v1.0a Emulation of the original atveryend pac
kage
with kernel methods
)
\Fld@listcount=\count471
\c@bookmark@seq@number=\count472

(/usr/share/texlive/texmf-dist/tex/latex/rerunfilecheck/rerunfilecheck.sty
Package: rerunfilecheck 2022-07-10 v1.10 Rerun checks for auxiliary files (HO)

(/usr/share/texlive/texmf-dist/tex/generic/uniquecounter/uniquecounter.sty
Package: uniquecounter 2019/12/15 v1.4 Provide unlimited unique counter (HO)
)
Package uniquecounter Info: New unique counter `rerunfilecheck' on input line 2
85.
)
\Hy@SectionHShift=\skip93
)
(./polytechnique.sty
Package: polytechnique 2022/04/29 v1.3.10, standard scientific documents layout
 for Ecole polytechnique (Palaiseau,France).

(/usr/share/texlive/texmf-dist/tex/latex/geometry/geometry.sty
Package: geometry 2020/01/02 v5.9 Page Geometry

(/usr/share/texlive/texmf-dist/tex/generic/iftex/ifvtex.sty
Package: ifvtex 2019/10/25 v1.7 ifvtex legacy package. Use iftex instead.
)
\Gm@cnth=\count473
\Gm@cntv=\count474
\c@Gm@tempcnt=\count475
\Gm@bindingoffset=\dimen304
\Gm@wd@mp=\dimen305
\Gm@odd@mp=\dimen306
\Gm@even@mp=\dimen307
\Gm@layoutwidth=\dimen308
\Gm@layoutheight=\dimen309
\Gm@layouthoffset=\dimen310
\Gm@layoutvoffset=\dimen311
\Gm@dimlist=\toks45
)
(/usr/share/texlive/texmf-dist/tex/generic/iftex/ifpdf.sty
Package: ifpdf 2019/10/25 v3.4 ifpdf legacy package. Use iftex instead.
)
(/usr/share/texmf/tex/latex/lm/lmodern.sty
Package: lmodern 2015/05/01 v1.6.1 Latin Modern Fonts
LaTeX Font Info:    Overwriting symbol font `operators' in version `normal'
(Font)                  OT1/cmr/m/n --> OT1/lmr/m/n on input line 22.
LaTeX Font Info:    Overwriting symbol font `letters' in version `normal'
(Font)                  OML/cmm/m/it --> OML/lmm/m/it on input line 23.
LaTeX Font Info:    Overwriting symbol font `symbols' in version `normal'
(Font)                  OMS/cmsy/m/n --> OMS/lmsy/m/n on input line 24.
LaTeX Font Info:    Overwriting symbol font `largesymbols' in version `normal'
(Font)                  OMX/cmex/m/n --> OMX/lmex/m/n on input line 25.
LaTeX Font Info:    Overwriting symbol font `operators' in version `bold'
(Font)                  OT1/cmr/bx/n --> OT1/lmr/bx/n on input line 26.
LaTeX Font Info:    Overwriting symbol font `letters' in version `bold'
(Font)                  OML/cmm/b/it --> OML/lmm/b/it on input line 27.
LaTeX Font Info:    Overwriting symbol font `symbols' in version `bold'
(Font)                  OMS/cmsy/b/n --> OMS/lmsy/b/n on input line 28.
LaTeX Font Info:    Overwriting symbol font `largesymbols' in version `bold'
(Font)                  OMX/cmex/m/n --> OMX/lmex/m/n on input line 29.
LaTeX Font Info:    Overwriting math alphabet `\mathbf' in version `normal'
(Font)                  OT1/cmr/bx/n --> OT1/lmr/bx/n on input line 31.
LaTeX Font Info:    Overwriting math alphabet `\mathsf' in version `normal'
(Font)                  OT1/cmss/m/n --> OT1/lmss/m/n on input line 32.
LaTeX Font Info:    Overwriting math alphabet `\mathit' in version `normal'
(Font)                  OT1/cmr/m/it --> OT1/lmr/m/it on input line 33.
LaTeX Font Info:    Overwriting math alphabet `\mathtt' in version `normal'
(Font)                  OT1/cmtt/m/n --> OT1/lmtt/m/n on input line 34.
LaTeX Font Info:    Overwriting math alphabet `\mathbf' in version `bold'
(Font)                  OT1/cmr/bx/n --> OT1/lmr/bx/n on input line 35.
LaTeX Font Info:    Overwriting math alphabet `\mathsf' in version `bold'
(Font)                  OT1/cmss/bx/n --> OT1/lmss/bx/n on input line 36.
LaTeX Font Info:    Overwriting math alphabet `\mathit' in version `bold'
(Font)                  OT1/cmr/bx/it --> OT1/lmr/bx/it on input line 37.
LaTeX Font Info:    Overwriting math alphabet `\mathtt' in version `bold'
(Font)                  OT1/cmtt/m/n --> OT1/lmtt/m/n on input line 38.
)
(/usr/share/texlive/texmf-dist/tex/latex/titlesec/titlesec.sty
Package: titlesec 2023/10/27 v2.16 Sectioning titles
\ttl@box=\box86
\beforetitleunit=\skip94
\aftertitleunit=\skip95
\ttl@plus=\dimen312
\ttl@minus=\dimen313
\ttl@toksa=\toks46
\titlewidth=\dimen314
\titlewidthlast=\dimen315
\titlewidthfirst=\dimen316

(/usr/share/texlive/texmf-dist/tex/latex/titlesec/titleps.sty))
\margehaut=\skip96
\hauteurentete=\skip97
\separationentete=\skip98
\margecote=\skip99
\margecoteinterieur=\skip100
\margecoteexterieur=\skip101
\margebas=\skip102
\separationpied=\skip103
\hauteurlogohori=\skip104
\separationtitre=\skip105
\epaisseurtrait=\skip106
\separationlignestitre=\skip107
\separationtitrecorps=\skip108
\hauteurlogopage=\skip109
\separationentetelogo=\skip110
\largeurfiletpiedcentre=\skip111
\largeurlogovert=\skip112
\hauteurlogovert=\skip113
\largeurlogohori=\skip114
\distancetitrelogo=\skip115
\separationlogotrait=\skip116
\largeurminipage=\skip117
\distancetitrecorps=\skip118
\largeurtitreentete=\skip119
\decalageverticalentete=\skip120
)
(/usr/share/texlive/texmf-dist/tex/generic/babel/babel.sty
Package: babel 2024/01/07 v24.1 The Babel package
\babel@savecnt=\count476
\U@D=\dimen317
\l@unhyphenated=\language90

(/usr/share/texlive/texmf-dist/tex/generic/babel/txtbabel.def)
\bbl@readstream=\read5
\bbl@dirlevel=\count477

(/usr/share/texlive/texmf-dist/tex/generic/babel-english/english.ldf
Language: english 2017/06/06 v3.3r English support from the babel system
Package babel Info: Hyphen rules for 'canadian' set to \l@english
(babel)             (\language0). Reported on input line 102.
Package babel Info: Hyphen rules for 'australian' set to \l@ukenglish
(babel)             (\language43). Reported on input line 105.
Package babel Info: Hyphen rules for 'newzealand' set to \l@ukenglish
(babel)             (\language43). Reported on input line 108.
))
(/usr/share/texlive/texmf-dist/tex/generic/babel/locale/en/babel-english.tex
Package babel Info: Importing font and identification data for english
(babel)             from babel-en.ini. Reported on input line 11.
)
(/usr/share/texlive/texmf-dist/tex/latex/base/fontenc.sty
Package: fontenc 2021/04/29 v2.0v Standard LaTeX package
LaTeX Font Info:    Trying to load font information for T1+lmr on input line 11
2.

(/usr/share/texmf/tex/latex/lm/t1lmr.fd
File: t1lmr.fd 2015/05/01 v1.6.1 Font defs for Latin Modern
))
(/usr/share/texlive/texmf-dist/tex/latex/blindtext/blindtext.sty
Package: blindtext 2012/01/06 V2.0 blindtext-Package

(/usr/share/texlive/texmf-dist/tex/latex/tools/xspace.sty
Package: xspace 2014/10/28 v1.13 Space after command names (DPC,MH)
)
\c@blindtext=\count478
\c@Blindtext=\count479
\c@blind@countparstart=\count480
\blind@countxx=\count481
\blindtext@numBlindtext=\count482
\blind@countyy=\count483
\c@blindlist=\count484
\c@blindlistlevel=\count485
\c@blindlist@level=\count486
\blind@listitem=\count487
\c@blind@listcount=\count488
\c@blind@levelcount=\count489
\blind@mathformula=\count490
\blind@Mathformula=\count491
\c@blind@randomcount=\count492
\c@blind@randommax=\count493
\c@blind@pangramcount=\count494
\c@blind@pangrammax=\count495
)
(/usr/share/texlive/texmf-dist/tex/generic/pgf/frontendlayer/tikz/libraries/tik
zlibrarypositioning.code.tex
File: tikzlibrarypositioning.code.tex 2023-01-15 v3.1.10 (3.1.10)
)
(/usr/share/texlive/texmf-dist/tex/generic/pgf/frontendlayer/tikz/libraries/tik
zlibraryshadows.code.tex
File: tikzlibraryshadows.code.tex 2023-01-15 v3.1.10 (3.1.10)
)
(/usr/share/texlive/texmf-dist/tex/latex/listings/lstlang1.sty
File: lstlang1.sty 2023/02/27 1.9 listings language file
)
LaTeX Info: Redefining \sigma on input line 97.
\c@theorem=\count496


! LaTeX Error: Missing \begin{document}.

See the LaTeX manual or LaTeX Companion for explanation.
Type  H <return>  for immediate help.
 ...                                              
                                                  
l.176 \begin{figure*}[b]
                        
You're in trouble here.  Try typing  <return>  to proceed.
If that doesn't work, type  X <return>  to quit.

! Undefined control sequence.
\set@color ...\@pdfcolorstack push{\current@color 
                                                  }\aftergroup \reset@color 
l.176 \begin{figure*}[b]
                        
The control sequence at the end of the top line
of your error message was never \def'ed. If you have
misspelled it (e.g., `\hobx'), type `I' and the correct
spelling (e.g., `I\hbox'). Otherwise just continue,
and I'll forget about whatever was undefined.


LaTeX Warning: File `figures/umdlogo.jpg' not found on input line 177.


! Package pdftex.def Error: File `figures/umdlogo.jpg' not found: using draft s
etting.

See the pdftex.def package documentation for explanation.
Type  H <return>  for immediate help.
 ...                                              
                                                  
l.177 ...width=0.4\linewidth]{figures/umdlogo.jpg}
                                                  
Try typing  <return>  to proceed.
If that doesn't work, type  X <return>  to quit.

LaTeX Font Info:    Trying to load font information for T1+lmtt on input line 1
77.
(/usr/share/texmf/tex/latex/lm/t1lmtt.fd
File: t1lmtt.fd 2015/05/01 v1.6.1 Font defs for Latin Modern
)

! LaTeX Error: \begin{figure*} on input line 176 ended by \end{figure}.

See the LaTeX manual or LaTeX Companion for explanation.
Type  H <return>  for immediate help.
 ...                                              
                                                  
l.179 \end{figure}
                  
Your command was ignored.
Type  I <command> <return>  to replace it with another command,
or  <return>  to continue without it.


Package biblatex Warning: 'babel/polyglossia' detected but 'csquotes' missing.
(biblatex)                Loading 'csquotes' recommended.

\@quotelevel=\count497
\@quotereset=\count498
(./reportpart3.aux)
\openout1 = `reportpart3.aux'.

LaTeX Font Info:    Checking defaults for OML/cmm/m/it on input line 184.
LaTeX Font Info:    ... okay on input line 184.
LaTeX Font Info:    Checking defaults for OMS/cmsy/m/n on input line 184.
LaTeX Font Info:    ... okay on input line 184.
LaTeX Font Info:    Checking defaults for OT1/cmr/m/n on input line 184.
LaTeX Font Info:    ... okay on input line 184.
LaTeX Font Info:    Checking defaults for T1/cmr/m/n on input line 184.
LaTeX Font Info:    ... okay on input line 184.
LaTeX Font Info:    Checking defaults for TS1/cmr/m/n on input line 184.
LaTeX Font Info:    ... okay on input line 184.
LaTeX Font Info:    Checking defaults for OMX/cmex/m/n on input line 184.
LaTeX Font Info:    ... okay on input line 184.
LaTeX Font Info:    Checking defaults for U/cmr/m/n on input line 184.
LaTeX Font Info:    ... okay on input line 184.
LaTeX Font Info:    Checking defaults for PD1/pdf/m/n on input line 184.
LaTeX Font Info:    ... okay on input line 184.
LaTeX Font Info:    Checking defaults for PU/pdf/m/n on input line 184.
LaTeX Font Info:    ... okay on input line 184.

(/usr/share/texlive/texmf-dist/tex/context/base/mkii/supp-pdf.mkii
[Loading MPS to PDF converter (version 2006.09.02).]
\scratchcounter=\count499
\scratchdimen=\dimen318
\scratchbox=\box87
\nofMPsegments=\count500
\nofMParguments=\count501
\everyMPshowfont=\toks47
\MPscratchCnt=\count502
\MPscratchDim=\dimen319
\MPnumerator=\count503
\makeMPintoPDFobject=\count504
\everyMPtoPDFconversion=\toks48
) (/usr/share/texlive/texmf-dist/tex/latex/epstopdf-pkg/epstopdf-base.sty
Package: epstopdf-base 2020-01-24 v2.11 Base part for package epstopdf
Package epstopdf-base Info: Redefining graphics rule for `.eps' on input line 4
85.

(/usr/share/texlive/texmf-dist/tex/latex/latexconfig/epstopdf-sys.cfg
File: epstopdf-sys.cfg 2010/07/13 v1.3 Configuration of (r)epstopdf for TeX Liv
e
))
Package biblatex Info: Trying to load language 'english'...
Package biblatex Info: ... file 'english.lbx' found.

(/usr/share/texlive/texmf-dist/tex/latex/biblatex/lbx/english.lbx
File: english.lbx 2023/03/05 v3.19 biblatex localization (PK/MW)
)
Package biblatex Info: Input encoding 'utf8' detected.
Package biblatex Info: Automatic encoding selection.
(biblatex)             Assuming data encoding 'utf8'.
\openout3 = `reportpart3.bcf'.

Package biblatex Info: Trying to load bibliographic data...
Package biblatex Info: ... file 'reportpart3.bbl' not found.

No file reportpart3.bbl.
Package biblatex Info: Reference section=0 on input line 184.
Package biblatex Info: Reference segment=0 on input line 184.
Package caption Info: Begin \AtBeginDocument code.
Package caption Info: subfig package v1.3 is loaded.
Package caption Info: hyperref package is loaded.
Package caption Info: listings package is loaded.
Package caption Info: longtable package is loaded.
(/usr/share/texlive/texmf-dist/tex/latex/caption/ltcaption.sty
Package: ltcaption 2021/01/08 v1.4c longtable captions (AR)
)
Package caption Info: End \AtBeginDocument code.
\c@lstlisting=\count505

(/usr/share/texlive/texmf-dist/tex/latex/base/inputenc.sty
Package: inputenc 2021/02/14 v1.3d Input encoding file
\inpenc@prehook=\toks49
\inpenc@posthook=\toks50
)
Package hyperref Info: Link coloring ON on input line 184.
 (./reportpart3.out) (./reportpart3.out)
\@outlinefile=\write5
\openout5 = `reportpart3.out'.


*geometry* driver: auto-detecting
*geometry* detected driver: pdftex
*geometry* verbose mode - [ preamble ] result:
* driver: pdftex
* paper: a4paper
* layout: <same size as paper>
* layoutoffset:(h,v)=(0.0pt,0.0pt)
* modes: 
* h-part:(L,W,R)=(56.9055pt, 483.69687pt, 56.9055pt)
* v-part:(T,H,B)=(113.81102pt, 631.65118pt, 99.58464pt)
* \paperwidth=597.50787pt
* \paperheight=845.04684pt
* \textwidth=483.69687pt
* \textheight=631.65118pt
* \oddsidemargin=-15.36449pt
* \evensidemargin=-15.36449pt
* \topmargin=-69.4247pt
* \headheight=76.82243pt
* \headsep=34.1433pt
* \topskip=10.0pt
* \footskip=49.79231pt
* \marginparwidth=57.0pt
* \marginparsep=11.0pt
* \columnsep=10.0pt
* \skip\footins=9.0pt plus 4.0pt minus 2.0pt
* \hoffset=0.0pt
* \voffset=0.0pt
* \mag=1000
* \@twocolumnfalse
* \@twosidefalse
* \@mparswitchfalse
* \@reversemarginfalse
* (1in=72.27pt=25.4mm, 1cm=28.453pt)

<polytechnique-armes.pdf, id=478, 195.20929pt x 257.65259pt>
File: polytechnique-armes.pdf Graphic file (type pdf)
<use polytechnique-armes.pdf>
Package pdftex.def Info: polytechnique-armes.pdf  used on input line 185.
(pdftex.def)             Requested size: 268.93037pt x 354.92172pt.
LaTeX Font Info:    Trying to load font information for T1+lmss on input line 1
85.
(/usr/share/texmf/tex/latex/lm/t1lmss.fd
File: t1lmss.fd 2015/05/01 v1.6.1 Font defs for Latin Modern
)
LaTeX Info: Redefining \\ on input line 185.
<polytechnique-filetcourt.pdf, id=479, 28.40613pt x 2.1681pt>
File: polytechnique-filetcourt.pdf Graphic file (type pdf)
<use polytechnique-filetcourt.pdf>
Package pdftex.def Info: polytechnique-filetcourt.pdf  used on input line 185.
(pdftex.def)             Requested size: 28.40604pt x 2.16808pt.
LaTeX Font Info:    Trying to load font information for OT1+lmr on input line 1
85.

(/usr/share/texmf/tex/latex/lm/ot1lmr.fd
File: ot1lmr.fd 2015/05/01 v1.6.1 Font defs for Latin Modern
)
LaTeX Font Info:    Trying to load font information for OML+lmm on input line 1
85.

(/usr/share/texmf/tex/latex/lm/omllmm.fd
File: omllmm.fd 2015/05/01 v1.6.1 Font defs for Latin Modern
)
LaTeX Font Info:    Trying to load font information for OMS+lmsy on input line 
185.

(/usr/share/texmf/tex/latex/lm/omslmsy.fd
File: omslmsy.fd 2015/05/01 v1.6.1 Font defs for Latin Modern
)
LaTeX Font Info:    Trying to load font information for OMX+lmex on input line 
185.

(/usr/share/texmf/tex/latex/lm/omxlmex.fd
File: omxlmex.fd 2015/05/01 v1.6.1 Font defs for Latin Modern
)
LaTeX Font Info:    External font `lmex10' loaded for size
(Font)              <14.4> on input line 185.
LaTeX Font Info:    External font `lmex10' loaded for size
(Font)              <10> on input line 185.
LaTeX Font Info:    External font `lmex10' loaded for size
(Font)              <7> on input line 185.
LaTeX Font Info:    Trying to load font information for U+msa on input line 185
.

(/usr/share/texlive/texmf-dist/tex/latex/amsfonts/umsa.fd
File: umsa.fd 2013/01/14 v3.01 AMS symbols A
)
LaTeX Font Info:    Trying to load font information for U+msb on input line 185
.

(/usr/share/texlive/texmf-dist/tex/latex/amsfonts/umsb.fd
File: umsb.fd 2013/01/14 v3.01 AMS symbols B
)
<polytechnique-logovert.pdf, id=480, 322.46072pt x 560.54622pt>
File: polytechnique-logovert.pdf Graphic file (type pdf)
<use polytechnique-logovert.pdf>
Package pdftex.def Info: polytechnique-logovert.pdf  used on input line 185.
(pdftex.def)             Requested size: 66.82324pt x 116.1684pt.

Overfull \vbox (90.95947pt too high) has occurred while \output is active []


[1

{/var/lib/texmf/fonts/map/pdftex/updmap/pdftex.map}{/usr/share/texmf/fonts/enc/
dvips/lm/lm-ec.enc} <./polytechnique-armes.pdf> <./polytechnique-filetcourt.pdf
> <./polytechnique-logovert.pdf>]
LaTeX Info: Redefining \\ on input line 188.
<polytechnique-filetlongrouge.pdf, id=518, 124.21407pt x 2.1681pt>
File: polytechnique-filetlongrouge.pdf Graphic file (type pdf)
<use polytechnique-filetlongrouge.pdf>
Package pdftex.def Info: polytechnique-filetlongrouge.pdf  used on input line 1
88.
(pdftex.def)             Requested size: 124.21375pt x 2.16808pt.


LaTeX Warning: Citation 'jacot2018neural' on page 2 undefined on input line 189
.


LaTeX Warning: Citation 'seleznova2022ntk_beyond' on page 2 undefined on input 
line 189.

<polytechnique-logohori.pdf, id=519, 625.50987pt x 227.64648pt>
File: polytechnique-logohori.pdf Graphic file (type pdf)
<use polytechnique-logohori.pdf>
Package pdftex.def Info: polytechnique-logohori.pdf  used on input line 191.
(pdftex.def)             Requested size: 156.35799pt x 56.90453pt.
[2

 <./polytechnique-logohori.pdf> <./polytechnique-filetlongrouge.pdf>]
LaTeX Info: Redefining \\ on input line 194.
File: polytechnique-filetlongrouge.pdf Graphic file (type pdf)
<use polytechnique-filetlongrouge.pdf>
Package pdftex.def Info: polytechnique-filetlongrouge.pdf  used on input line 1
94.
(pdftex.def)             Requested size: 124.21375pt x 2.16808pt.

(./reportpart3.toc
LaTeX Font Info:    External font `lmex10' loaded for size
(Font)              <5> on input line 7.
File: polytechnique-logohori.pdf Graphic file (type pdf)
<use polytechnique-logohori.pdf>
Package pdftex.def Info: polytechnique-logohori.pdf  used on input line 48.
(pdftex.def)             Requested size: 156.35799pt x 56.90453pt.
 [3{/usr/share/texmf/fonts/enc/dvips/lm/lm-mathit.enc}{/usr/share/texmf/fonts/e
nc/dvips/lm/lm-rm.enc}]
File: polytechnique-logohori.pdf Graphic file (type pdf)
<use polytechnique-logohori.pdf>
Package pdftex.def Info: polytechnique-logohori.pdf  used on input line 99.
(pdftex.def)             Requested size: 156.35799pt x 56.90453pt.
 [4])
\tf@toc=\write6
\openout6 = `reportpart3.toc'.

File: polytechnique-logohori.pdf Graphic file (type pdf)
<use polytechnique-logohori.pdf>
Package pdftex.def Info: polytechnique-logohori.pdf  used on input line 195.
(pdftex.def)             Requested size: 156.35799pt x 56.90453pt.
 [5]
LaTeX Info: Redefining \\ on input line 201.
File: polytechnique-filetlongrouge.pdf Graphic file (type pdf)
<use polytechnique-filetlongrouge.pdf>
Package pdftex.def Info: polytechnique-filetlongrouge.pdf  used on input line 2
01.
(pdftex.def)             Requested size: 124.21375pt x 2.16808pt.


LaTeX Warning: Citation 'seleznova2022ntk_beyond' on page 6 undefined on input 
line 208.

File: polytechnique-logohori.pdf Graphic file (type pdf)
<use polytechnique-logohori.pdf>
Package pdftex.def Info: polytechnique-logohori.pdf  used on input line 211.
(pdftex.def)             Requested size: 156.35799pt x 56.90453pt.
[6]
LaTeX Info: Redefining \\ on input line 213.
File: polytechnique-filetlongrouge.pdf Graphic file (type pdf)
<use polytechnique-filetlongrouge.pdf>
Package pdftex.def Info: polytechnique-filetlongrouge.pdf  used on input line 2
13.
(pdftex.def)             Requested size: 124.21375pt x 2.16808pt.
File: polytechnique-filetcourt.pdf Graphic file (type pdf)
<use polytechnique-filetcourt.pdf>
Package pdftex.def Info: polytechnique-filetcourt.pdf  used on input line 217.
(pdftex.def)             Requested size: 28.40604pt x 2.16808pt.

Underfull \hbox (badness 1158) in paragraph at lines 222--223
[]|\T1/lmr/m/n/10 Set of nat-u-ral
 []


Underfull \hbox (badness 10000) in paragraph at lines 224--224
[]|\T1/lmr/m/n/10 Mathematical
 []


Underfull \hbox (badness 10000) in paragraph at lines 224--225
[]|\T1/lmr/m/n/10 Variance of
 []


Underfull \hbox (badness 10000) in paragraph at lines 224--225
\T1/lmr/m/n/10 a ran-dom
 []


Underfull \hbox (badness 10000) in paragraph at lines 227--227
[]|\T1/lmr/m/n/10 Euclidean
 []


Underfull \hbox (badness 10000) in paragraph at lines 228--228
[]|\T1/lmr/m/n/10 Landau no-
 []


Underfull \hbox (badness 10000) in paragraph at lines 228--228
\T1/lmr/m/n/10 ta-tion (big
 []


Underfull \hbox (badness 10000) in paragraph at lines 228--229
[]|\T1/lmr/m/n/10 Landau no-
 []


Underfull \hbox (badness 10000) in paragraph at lines 228--229
\T1/lmr/m/n/10 ta-tion (big
 []

File: polytechnique-filetcourt.pdf Graphic file (type pdf)
<use polytechnique-filetcourt.pdf>
Package pdftex.def Info: polytechnique-filetcourt.pdf  used on input line 232.
(pdftex.def)             Requested size: 28.40604pt x 2.16808pt.

Overfull \hbox (0.75438pt too wide) in paragraph at lines 237--237
[]|[][][]\T1/lmr/m/n/10 activation
 []


Underfull \hbox (badness 1960) in paragraph at lines 240--241
[]|\T1/lmr/m/n/10 Weight ma-trix
 []


Underfull \hbox (badness 10000) in paragraph at lines 241--242
[]|\T1/lmr/m/n/10 Output layer
 []


Underfull \hbox (badness 10000) in paragraph at lines 242--242
[]|\T1/lmr/m/n/10 Set of all
 []


Underfull \hbox (badness 10000) in paragraph at lines 242--242
\T1/lmr/m/n/10 train-able pa-
 []


Underfull \hbox (badness 10000) in paragraph at lines 242--243
[]|\T1/lmr/m/n/10 Diagonal
 []


Underfull \hbox (badness 10000) in paragraph at lines 242--243
\T1/lmr/m/n/10 deriva-tive
 []


Overfull \hbox (2.5873pt too wide) in paragraph at lines 243--243
[]|\T1/lmr/m/n/10 Backpropagated
 []


Underfull \hbox (badness 10000) in paragraph at lines 243--243
\T1/lmr/m/n/10 gra-di-ent to
 []


Underfull \hbox (badness 10000) in paragraph at lines 244--245
[]|\T1/lmr/m/n/10 Directional
 []


Underfull \hbox (badness 10000) in paragraph at lines 244--245
\T1/lmr/m/n/10 deriva-tive
 []

File: polytechnique-filetcourt.pdf Graphic file (type pdf)
<use polytechnique-filetcourt.pdf>
Package pdftex.def Info: polytechnique-filetcourt.pdf  used on input line 248.
(pdftex.def)             Requested size: 28.40604pt x 2.16808pt.

Underfull \hbox (badness 5985) in paragraph at lines 253--253
[]|\T1/lmr/m/n/10 Discrete NTK
 []


Underfull \hbox (badness 10000) in paragraph at lines 253--254
[]|\T1/lmr/m/n/10 Infinite-width
 []


Underfull \hbox (badness 10000) in paragraph at lines 254--254
[]|\T1/lmr/m/n/10 NTK for $\OML/lmm/m/it/10 L$\T1/lmr/m/n/10 -
 []


Underfull \hbox (badness 1655) in paragraph at lines 254--255
[]|\T1/lmr/m/n/10 NTK eigen-val-
 []


Underfull \hbox (badness 10000) in paragraph at lines 255--255
[]|\T1/lmr/m/n/10 Correlation
 []


Underfull \hbox (badness 10000) in paragraph at lines 255--255
\T1/lmr/m/n/10 prop-a-ga-tion
 []


Underfull \hbox (badness 3209) in paragraph at lines 255--256
[]|\T1/lmr/m/n/10 Initial cor-re-la-
 []

File: polytechnique-logohori.pdf Graphic file (type pdf)
<use polytechnique-logohori.pdf>
Package pdftex.def Info: polytechnique-logohori.pdf  used on input line 260.
(pdftex.def)             Requested size: 156.35799pt x 56.90453pt.
[7]
Overfull \vbox (191.70297pt too high) has occurred while \output is active []

File: polytechnique-logohori.pdf Graphic file (type pdf)
<use polytechnique-logohori.pdf>
Package pdftex.def Info: polytechnique-logohori.pdf  used on input line 260.
(pdftex.def)             Requested size: 156.35799pt x 56.90453pt.

[8{/usr/share/texmf/fonts/enc/dvips/lm/lm-mathsy.enc}]
File: polytechnique-filetcourt.pdf Graphic file (type pdf)
<use polytechnique-filetcourt.pdf>
Package pdftex.def Info: polytechnique-filetcourt.pdf  used on input line 264.
(pdftex.def)             Requested size: 28.40604pt x 2.16808pt.

Underfull \hbox (badness 10000) in paragraph at lines 269--269
[]|\T1/lmr/m/n/10 Sobolev space
 []


Underfull \hbox (badness 10000) in paragraph at lines 269--270
[]|\T1/lmr/m/n/10 Discrete
 []


Underfull \hbox (badness 10000) in paragraph at lines 269--270
\T1/lmr/m/n/10 Sobolev op-
 []


Underfull \hbox (badness 10000) in paragraph at lines 270--270
[]|\T1/lmr/m/n/10 Continuous
 []


Underfull \hbox (badness 5050) in paragraph at lines 270--271
[]|\T1/lmr/m/n/10 Sobolev train-
 []


Underfull \hbox (badness 2894) in paragraph at lines 270--271
\T1/lmr/m/n/10 ing loss func-
 []


Underfull \hbox (badness 1087) in paragraph at lines 271--271
[]|$\OML/lmm/m/it/10 k$\T1/lmr/m/n/10 -th deriva-tive
 []


Underfull \hbox (badness 10000) in paragraph at lines 271--272
[]|\T1/lmr/m/n/10 Sobolev norm
 []


Underfull \hbox (badness 10000) in paragraph at lines 272--272
[]|\T1/lmr/m/n/10 Fractional
 []


Underfull \hbox (badness 10000) in paragraph at lines 272--272
\T1/lmr/m/n/10 Lapla-cian
 []


Underfull \hbox (badness 10000) in paragraph at lines 272--273
[]|\T1/lmr/m/n/10 Laplace-
 []


Underfull \hbox (badness 10000) in paragraph at lines 272--273
\T1/lmr/m/n/10 Beltrami
 []

File: polytechnique-filetcourt.pdf Graphic file (type pdf)
<use polytechnique-filetcourt.pdf>
Package pdftex.def Info: polytechnique-filetcourt.pdf  used on input line 276.
(pdftex.def)             Requested size: 28.40604pt x 2.16808pt.

Underfull \hbox (badness 6461) in paragraph at lines 281--281
[]|\T1/lmr/m/n/10 Spherical har-
 []


Underfull \hbox (badness 2828) in paragraph at lines 281--282
[]|\T1/lmr/m/n/10 Multiplicity of
 []


Underfull \hbox (badness 10000) in paragraph at lines 282--282
[]|\T1/lmr/m/n/10 Fourier trans-
 []


Underfull \hbox (badness 10000) in paragraph at lines 283--283
[]|\T1/lmr/m/n/10 Surface mea-
 []

File: polytechnique-filetcourt.pdf Graphic file (type pdf)
<use polytechnique-filetcourt.pdf>
Package pdftex.def Info: polytechnique-filetcourt.pdf  used on input line 288.
(pdftex.def)             Requested size: 28.40604pt x 2.16808pt.

Underfull \hbox (badness 2512) in paragraph at lines 293--293
[]|\T1/lmr/m/n/10 Eigenvalues at
 []


Underfull \hbox (badness 10000) in paragraph at lines 293--294
[]|\T1/lmr/m/n/10 Minimum
 []


Underfull \hbox (badness 10000) in paragraph at lines 294--294
[]|\T1/lmr/m/n/10 Maximum
 []


Underfull \hbox (badness 2828) in paragraph at lines 294--295
[]|\T1/lmr/m/n/10 Sobolev eigen-
 []


Underfull \hbox (badness 10000) in paragraph at lines 295--295
[]|\T1/lmr/m/n/10 Constants de-
 []


Underfull \hbox (badness 10000) in paragraph at lines 295--295
\T1/lmr/m/n/10 pend-ing on
 []


Underfull \hbox (badness 10000) in paragraph at lines 295--296
[]|\T1/lmr/m/n/10 Gamma func-
 []


Underfull \hbox (badness 10000) in paragraph at lines 296--296
[]|\T1/lmr/m/n/10 Gegenbauer
 []


Underfull \hbox (badness 10000) in paragraph at lines 296--297
[]|\T1/lmr/m/n/10 Normalized
 []

File: polytechnique-filetcourt.pdf Graphic file (type pdf)
<use polytechnique-filetcourt.pdf>
Package pdftex.def Info: polytechnique-filetcourt.pdf  used on input line 300.
(pdftex.def)             Requested size: 28.40604pt x 2.16808pt.

Underfull \hbox (badness 10000) in paragraph at lines 305--305
[]|\T1/lmr/m/n/10 Matrix trans-
 []


Underfull \hbox (badness 10000) in paragraph at lines 306--307
[]|\T1/lmr/m/n/10 Hadamard
 []


Underfull \hbox (badness 10000) in paragraph at lines 307--307
[]|\T1/lmr/m/n/10 Composite
 []


Underfull \hbox (badness 6625) in paragraph at lines 307--308
[]|\T1/lmr/m/n/10 Sampling vec-
 []


Underfull \hbox (badness 10000) in paragraph at lines 308--309
[]|\T1/lmr/m/n/10 Network at
 []


Underfull \hbox (badness 10000) in paragraph at lines 309--310
[]|\T1/lmr/m/n/10 Number of
 []


Underfull \hbox (badness 10000) in paragraph at lines 310--310
[]|\T1/lmr/m/n/10 Input di-men-
 []


Underfull \hbox (badness 10000) in paragraph at lines 312--312
[]|\T1/lmr/m/n/10 Correction
 []


Underfull \hbox (badness 10000) in paragraph at lines 312--313
[]|\T1/lmr/m/n/10 Effective out-
 []


Underfull \hbox (badness 10000) in paragraph at lines 313--313
[]|\T1/lmr/m/n/10 Vectorization
 []


Underfull \hbox (badness 10000) in paragraph at lines 313--314
[]|\T1/lmr/m/n/10 Propagation
 []


Overfull \vbox (264.22505pt too high) has occurred while \output is active []

File: polytechnique-logohori.pdf Graphic file (type pdf)
<use polytechnique-logohori.pdf>
Package pdftex.def Info: polytechnique-logohori.pdf  used on input line 318.
(pdftex.def)             Requested size: 156.35799pt x 56.90453pt.

[9]
LaTeX Info: Redefining \\ on input line 324.
File: polytechnique-filetlongrouge.pdf Graphic file (type pdf)
<use polytechnique-filetlongrouge.pdf>
Package pdftex.def Info: polytechnique-filetlongrouge.pdf  used on input line 3
24.
(pdftex.def)             Requested size: 124.21375pt x 2.16808pt.
LaTeX Font Info:    Trying to load font information for TS1+lmr on input line 3
28.
 (/usr/share/texmf/tex/latex/lm/ts1lmr.fd
File: ts1lmr.fd 2015/05/01 v1.6.1 Font defs for Latin Modern
)

Package hyperref Warning: Difference (2) between bookmark levels is greater 
(hyperref)                than one, level fixed on input line 328.


! LaTeX Error: Unicode character 🔥 (U+1F525)
               not set up for use with LaTeX.

See the LaTeX manual or LaTeX Companion for explanation.
Type  H <return>  for immediate help.
 ...                                              
                                                  
l.360 ...K Deep Connection}},enhanced,drop shadow]
                                                  
You may provide a definition with
\DeclareUnicodeCharacter 


LaTeX Warning: Citation 'dyer_gur_ari_2019' on page 10 undefined on input line 
363.


LaTeX Warning: Citation 'guillen_misof_gerken_2025' on page 10 undefined on inp
ut line 363.


LaTeX Warning: Citation 'hanin_nica_2019' on page 10 undefined on input line 37
5.


LaTeX Warning: Citation 'seleznova_kutyniok_2022' on page 10 undefined on input
 line 375.

File: polytechnique-logohori.pdf Graphic file (type pdf)
<use polytechnique-logohori.pdf>
Package pdftex.def Info: polytechnique-logohori.pdf  used on input line 377.
(pdftex.def)             Requested size: 156.35799pt x 56.90453pt.
[10{/usr/share/texmf/fonts/enc/dvips/lm/lm-ts1.enc}{/usr/share/texmf/fonts/enc/
dvips/lm/lm-mathex.enc}]
Overfull \hbox (193.6864pt too wide) in paragraph at lines 412--412
 []\T1/lmr/bx/n/10 Ar-chi-tec-ture and Fun-da-men-tal Setup[] [] 
 []

File: polytechnique-logohori.pdf Graphic file (type pdf)
<use polytechnique-logohori.pdf>
Package pdftex.def Info: polytechnique-logohori.pdf  used on input line 426.
(pdftex.def)             Requested size: 156.35799pt x 56.90453pt.
[11]
File: polytechnique-logohori.pdf Graphic file (type pdf)
<use polytechnique-logohori.pdf>
Package pdftex.def Info: polytechnique-logohori.pdf  used on input line 477.
(pdftex.def)             Requested size: 156.35799pt x 56.90453pt.
 [12]
LaTeX Font Info:    External font `lmex10' loaded for size
(Font)              <12> on input line 492.
LaTeX Font Info:    External font `lmex10' loaded for size
(Font)              <8> on input line 492.
LaTeX Font Info:    External font `lmex10' loaded for size
(Font)              <6> on input line 492.


Package hyperref Warning: Token not allowed in a PDF string (Unicode):
(hyperref)                removing `math shift' on input line 492.


Package hyperref Warning: Token not allowed in a PDF string (Unicode):
(hyperref)                removing `superscript' on input line 492.


Package hyperref Warning: Token not allowed in a PDF string (Unicode):
(hyperref)                removing `math shift' on input line 492.

File: polytechnique-logohori.pdf Graphic file (type pdf)
<use polytechnique-logohori.pdf>
Package pdftex.def Info: polytechnique-logohori.pdf  used on input line 511.
(pdftex.def)             Requested size: 156.35799pt x 56.90453pt.
[13]

Package hyperref Warning: Token not allowed in a PDF string (Unicode):
(hyperref)                removing `math shift' on input line 527.


Package hyperref Warning: Token not allowed in a PDF string (Unicode):
(hyperref)                removing `superscript' on input line 527.


Package hyperref Warning: Token not allowed in a PDF string (Unicode):
(hyperref)                removing `math shift' on input line 527.


LaTeX Warning: Hyper reference `sec:appendix_expanded_formula' on page 14 undef
ined on input line 540.

File: polytechnique-logohori.pdf Graphic file (type pdf)
<use polytechnique-logohori.pdf>
Package pdftex.def Info: polytechnique-logohori.pdf  used on input line 543.
(pdftex.def)             Requested size: 156.35799pt x 56.90453pt.
[14]
LaTeX Info: Redefining \\ on input line 581.
File: polytechnique-filetlongrouge.pdf Graphic file (type pdf)
<use polytechnique-filetlongrouge.pdf>
Package pdftex.def Info: polytechnique-filetlongrouge.pdf  used on input line 5
81.
(pdftex.def)             Requested size: 124.21375pt x 2.16808pt.


Package hyperref Warning: Difference (2) between bookmark levels is greater 
(hyperref)                than one, level fixed on input line 585.

File: polytechnique-logohori.pdf Graphic file (type pdf)
<use polytechnique-logohori.pdf>
Package pdftex.def Info: polytechnique-logohori.pdf  used on input line 596.
(pdftex.def)             Requested size: 156.35799pt x 56.90453pt.
[15]
File: polytechnique-logohori.pdf Graphic file (type pdf)
<use polytechnique-logohori.pdf>
Package pdftex.def Info: polytechnique-logohori.pdf  used on input line 645.
(pdftex.def)             Requested size: 156.35799pt x 56.90453pt.
 [16]

Package hyperref Warning: Token not allowed in a PDF string (Unicode):
(hyperref)                removing `math shift' on input line 650.


Package hyperref Warning: Token not allowed in a PDF string (Unicode):
(hyperref)                removing `superscript' on input line 650.


Package hyperref Warning: Token not allowed in a PDF string (Unicode):
(hyperref)                removing `math shift' on input line 650.

File: polytechnique-logohori.pdf Graphic file (type pdf)
<use polytechnique-logohori.pdf>
Package pdftex.def Info: polytechnique-logohori.pdf  used on input line 704.
(pdftex.def)             Requested size: 156.35799pt x 56.90453pt.
[17]

Package hyperref Warning: Token not allowed in a PDF string (Unicode):
(hyperref)                removing `math shift' on input line 725.


Package hyperref Warning: Token not allowed in a PDF string (Unicode):
(hyperref)                removing `\delta' on input line 725.


Package hyperref Warning: Token not allowed in a PDF string (Unicode):
(hyperref)                removing `subscript' on input line 725.


Package hyperref Warning: Token not allowed in a PDF string (Unicode):
(hyperref)                removing `\gamma' on input line 725.


Package hyperref Warning: Token not allowed in a PDF string (Unicode):
(hyperref)                removing `superscript' on input line 725.


Package hyperref Warning: Token not allowed in a PDF string (Unicode):
(hyperref)                removing `subscript' on input line 725.


Package hyperref Warning: Token not allowed in a PDF string (Unicode):
(hyperref)                removing `\mu' on input line 725.


Package hyperref Warning: Token not allowed in a PDF string (Unicode):
(hyperref)                removing `math shift' on input line 725.


Package hyperref Warning: Token not allowed in a PDF string (Unicode):
(hyperref)                removing `math shift' on input line 741.


Package hyperref Warning: Token not allowed in a PDF string (Unicode):
(hyperref)                removing `\delta' on input line 741.


Package hyperref Warning: Token not allowed in a PDF string (Unicode):
(hyperref)                removing `subscript' on input line 741.


Package hyperref Warning: Token not allowed in a PDF string (Unicode):
(hyperref)                removing `\gamma' on input line 741.


Package hyperref Warning: Token not allowed in a PDF string (Unicode):
(hyperref)                removing `superscript' on input line 741.


Package hyperref Warning: Token not allowed in a PDF string (Unicode):
(hyperref)                removing `\ell' on input line 741.


Package hyperref Warning: Token not allowed in a PDF string (Unicode):
(hyperref)                removing `subscript' on input line 741.


Package hyperref Warning: Token not allowed in a PDF string (Unicode):
(hyperref)                removing `\mu' on input line 741.


Package hyperref Warning: Token not allowed in a PDF string (Unicode):
(hyperref)                removing `math shift' on input line 741.

File: polytechnique-logohori.pdf Graphic file (type pdf)
<use polytechnique-logohori.pdf>
Package pdftex.def Info: polytechnique-logohori.pdf  used on input line 748.
(pdftex.def)             Requested size: 156.35799pt x 56.90453pt.
[18]

Package hyperref Warning: Token not allowed in a PDF string (Unicode):
(hyperref)                removing `math shift' on input line 753.


Package hyperref Warning: Token not allowed in a PDF string (Unicode):
(hyperref)                removing `superscript' on input line 753.


Package hyperref Warning: Token not allowed in a PDF string (Unicode):
(hyperref)                removing `math shift' on input line 753.

File: polytechnique-logohori.pdf Graphic file (type pdf)
<use polytechnique-logohori.pdf>
Package pdftex.def Info: polytechnique-logohori.pdf  used on input line 781.
(pdftex.def)             Requested size: 156.35799pt x 56.90453pt.
[19]

Package hyperref Warning: Token not allowed in a PDF string (Unicode):
(hyperref)                removing `math shift' on input line 783.


Package hyperref Warning: Token not allowed in a PDF string (Unicode):
(hyperref)                removing `math shift' on input line 783.

File: polytechnique-logohori.pdf Graphic file (type pdf)
<use polytechnique-logohori.pdf>
Package pdftex.def Info: polytechnique-logohori.pdf  used on input line 821.
(pdftex.def)             Requested size: 156.35799pt x 56.90453pt.
[20]
File: polytechnique-logohori.pdf Graphic file (type pdf)
<use polytechnique-logohori.pdf>
Package pdftex.def Info: polytechnique-logohori.pdf  used on input line 837.
(pdftex.def)             Requested size: 156.35799pt x 56.90453pt.
 [21]
File: polytechnique-logohori.pdf Graphic file (type pdf)
<use polytechnique-logohori.pdf>
Package pdftex.def Info: polytechnique-logohori.pdf  used on input line 879.
(pdftex.def)             Requested size: 156.35799pt x 56.90453pt.
 [22]
File: polytechnique-logohori.pdf Graphic file (type pdf)
<use polytechnique-logohori.pdf>
Package pdftex.def Info: polytechnique-logohori.pdf  used on input line 883.
(pdftex.def)             Requested size: 156.35799pt x 56.90453pt.
 [23]

! LaTeX Error: Unicode character 📊 (U+1F4CA)
               not set up for use with LaTeX.

See the LaTeX manual or LaTeX Companion for explanation.
Type  H <return>  for immediate help.
 ...                                              
                                                  
l.887 ...LIDATION APPROACH}},enhanced,drop shadow]
                                                  
You may provide a definition with
\DeclareUnicodeCharacter 


LaTeX Warning: Hyper reference `sec:appendix_quantitative_metrics' on page 24 u
ndefined on input line 898.

LaTeX Font Info:    Font shape `T1/lmtt/bx/n' in size <10> not available
(Font)              Font shape `T1/lmtt/b/n' tried instead on input line 918.
File: polytechnique-logohori.pdf Graphic file (type pdf)
<use polytechnique-logohori.pdf>
Package pdftex.def Info: polytechnique-logohori.pdf  used on input line 936.
(pdftex.def)             Requested size: 156.35799pt x 56.90453pt.
[24]
File: polytechnique-logohori.pdf Graphic file (type pdf)
<use polytechnique-logohori.pdf>
Package pdftex.def Info: polytechnique-logohori.pdf  used on input line 953.
(pdftex.def)             Requested size: 156.35799pt x 56.90453pt.
 [25]
File: polytechnique-logohori.pdf Graphic file (type pdf)
<use polytechnique-logohori.pdf>
Package pdftex.def Info: polytechnique-logohori.pdf  used on input line 995.
(pdftex.def)             Requested size: 156.35799pt x 56.90453pt.
 [26]
File: polytechnique-logohori.pdf Graphic file (type pdf)
<use polytechnique-logohori.pdf>
Package pdftex.def Info: polytechnique-logohori.pdf  used on input line 999.
(pdftex.def)             Requested size: 156.35799pt x 56.90453pt.
 [27]

! LaTeX Error: Unicode character 📊 (U+1F4CA)
               not set up for use with LaTeX.

See the LaTeX manual or LaTeX Companion for explanation.
Type  H <return>  for immediate help.
 ...                                              
                                                  
l.1003 ...IDATION APPROACH}},enhanced,drop shadow]
                                                  
You may provide a definition with
\DeclareUnicodeCharacter 


LaTeX Warning: Hyper reference `sec:appendix_quantitative_metrics' on page 28 u
ndefined on input line 1014.


! LaTeX Error: Unicode character 🎯 (U+1F3AF)
               not set up for use with LaTeX.

See the LaTeX manual or LaTeX Companion for explanation.
Type  H <return>  for immediate help.
 ...                                              
                                                  
l.1026 ...ICAL SCALING LAW}},enhanced,drop shadow]
                                                  
You may provide a definition with
\DeclareUnicodeCharacter 


! LaTeX Error: Unicode character 🧪 (U+1F9EA)
               not set up for use with LaTeX.

See the LaTeX manual or LaTeX Companion for explanation.
Type  H <return>  for immediate help.
 ...                                              
                                                  
l.1043 ...LIDATION RESULTS}},enhanced,drop shadow]
                                                  
You may provide a definition with
\DeclareUnicodeCharacter 


LaTeX Warning: Hyper reference `sec:appendix_experimental_validation' on page 2
8 undefined on input line 1057.


! LaTeX Error: Unicode character 🎯 (U+1F3AF)
               not set up for use with LaTeX.

See the LaTeX manual or LaTeX Companion for explanation.
Type  H <return>  for immediate help.
 ...                                              
                                                  
l.1061 ...ependent Scaling}},enhanced,drop shadow]
                                                  
You may provide a definition with
\DeclareUnicodeCharacter 

File: polytechnique-logohori.pdf Graphic file (type pdf)
<use polytechnique-logohori.pdf>
Package pdftex.def Info: polytechnique-logohori.pdf  used on input line 1071.
(pdftex.def)             Requested size: 156.35799pt x 56.90453pt.
[28]
! Undefined control sequence.
l.1103 ...K^{(3)}}_{\alpha\beta\gamma} \sim \Order
                                                  (H/\sqrt{\m}) + \Order(H^2...
The control sequence at the end of the top line
of your error message was never \def'ed. If you have
misspelled it (e.g., `\hobx'), type `I' and the correct
spelling (e.g., `I\hbox'). Otherwise just continue,
and I'll forget about whatever was undefined.

! Undefined control sequence.
l.1103 ...gamma} \sim \Order(H/\sqrt{\m}) + \Order
                                                  (H^2/m) + \Order(H/\sqrt{\...
The control sequence at the end of the top line
of your error message was never \def'ed. If you have
misspelled it (e.g., `\hobx'), type `I' and the correct
spelling (e.g., `I\hbox'). Otherwise just continue,
and I'll forget about whatever was undefined.

! Undefined control sequence.
l.1103 ...er(H/\sqrt{\m}) + \Order(H^2/m) + \Order
                                                  (H/\sqrt{\m}) + \Order(H^2...
The control sequence at the end of the top line
of your error message was never \def'ed. If you have
misspelled it (e.g., `\hobx'), type `I' and the correct
spelling (e.g., `I\hbox'). Otherwise just continue,
and I'll forget about whatever was undefined.

! Undefined control sequence.
l.1103 ...er(H^2/m) + \Order(H/\sqrt{\m}) + \Order
                                                  (H^2/\sqrt{\m})
The control sequence at the end of the top line
of your error message was never \def'ed. If you have
misspelled it (e.g., `\hobx'), type `I' and the correct
spelling (e.g., `I\hbox'). Otherwise just continue,
and I'll forget about whatever was undefined.

File: polytechnique-logohori.pdf Graphic file (type pdf)
<use polytechnique-logohori.pdf>
Package pdftex.def Info: polytechnique-logohori.pdf  used on input line 1115.
(pdftex.def)             Requested size: 156.35799pt x 56.90453pt.
[29]
<figures/k3_inf_norm_vs_L_finite_M100_N8_D20.png, id=847, 722.7pt x 433.62pt>
File: figures/k3_inf_norm_vs_L_finite_M100_N8_D20.png Graphic file (type png)
<use figures/k3_inf_norm_vs_L_finite_M100_N8_D20.png>
Package pdftex.def Info: figures/k3_inf_norm_vs_L_finite_M100_N8_D20.png  used 
on input line 1124.
(pdftex.def)             Requested size: 241.84843pt x 145.10646pt.

! Undefined control sequence.
l.1129 ...\textcolor{k3color}{K^{(3)}} \sim \Order
                                                  (L^2/\sqrt{\m})$. The expe...
The control sequence at the end of the top line
of your error message was never \def'ed. If you have
misspelled it (e.g., `\hobx'), type `I' and the correct
spelling (e.g., `I\hbox'). Otherwise just continue,
and I'll forget about whatever was undefined.

File: polytechnique-logohori.pdf Graphic file (type pdf)
<use polytechnique-logohori.pdf>
Package pdftex.def Info: polytechnique-logohori.pdf  used on input line 1144.
(pdftex.def)             Requested size: 156.35799pt x 56.90453pt.
[30 <./figures/k3_inf_norm_vs_L_finite_M100_N8_D20.png>]
! Missing $ inserted.
<inserted text> 
                $
l.1152 Our experiments, detailed in `eigen_
                                           distrib.py`, consistently reveal ...
I've inserted a begin-math/end-math symbol since I think
you left one out. Proceed, with fingers crossed.

! Missing $ inserted.
<inserted text> 
                $
l.1152 ...ral structure for the NTK matrix $\Theta
                                                  _0$. The spectrum is dicho...
I've inserted a begin-math/end-math symbol since I think
you left one out. Proceed, with fingers crossed.


Overfull \hbox (17.66545pt too wide) in paragraph at lines 1152--1153
\T1/lmr/m/n/10 Our ex-per-i-ments, de-tailed in `eigen$[]\OML/lmm/m/it/10 istri
b:py\OT1/lmr/m/n/10 `\OML/lmm/m/it/10 ; consistentlyrevealaspecificspectralstru
cturefortheNTKmatrix$$\OT1/lmr/m/n/10 ^^B[]$\T1/lmr/m/n/10 .
 []

File: polytechnique-logohori.pdf Graphic file (type pdf)
<use polytechnique-logohori.pdf>
Package pdftex.def Info: polytechnique-logohori.pdf  used on input line 1171.
(pdftex.def)             Requested size: 156.35799pt x 56.90453pt.
[31]
! Missing $ inserted.
<inserted text> 
                $
l.1175 ...etailed in the scripts `experiments/ntk_
                                                  spectrum/eigenvectors.py` ...
I've inserted a begin-math/end-math symbol since I think
you left one out. Proceed, with fingers crossed.

! Missing $ inserted.
<inserted text> 
                $
l.1176 
       
I've inserted a begin-math/end-math symbol since I think
you left one out. Proceed, with fingers crossed.


Overfull \hbox (759.74446pt too wide) in paragraph at lines 1175--1176
\T1/lmr/m/n/10 im-ple-men-ta-tion are de-tailed in the scripts `experiments/ntk
$[]\OML/lmm/m/it/10 pectrum=eigenvectors:py\OT1/lmr/m/n/10 `(\OML/lmm/m/it/10 d
atageneration\OT1/lmr/m/n/10 )\OML/lmm/m/it/10 and\OT1/lmr/m/n/10 `\OML/lmm/m/i
t/10 experiments=ntk[]pectrum=eigen[]istrib:py\OT1/lmr/m/n/10 `(\OML/lmm/m/it/1
0 analysis\OT1/lmr/m/n/10 )\OML/lmm/m/it/10 :Theseexperimentsconfirmthepostulat
edspectralstructureandtherandomnatureoftheeigenvectorsassociatedwiththebulk:$ 
 []

! Undefined control sequence.
l.1206 ...atrix, $\Theta = \frac{1}{\m}JJ^T \in \R
                                                  ^{n \times n}$ (where $J$ ...
The control sequence at the end of the top line
of your error message was never \def'ed. If you have
misspelled it (e.g., `\hobx'), type `I' and the correct
spelling (e.g., `I\hbox'). Otherwise just continue,
and I'll forget about whatever was undefined.

File: polytechnique-logohori.pdf Graphic file (type pdf)
<use polytechnique-logohori.pdf>
Package pdftex.def Info: polytechnique-logohori.pdf  used on input line 1213.
(pdftex.def)             Requested size: 156.35799pt x 56.90453pt.
[32]
File: polytechnique-logohori.pdf Graphic file (type pdf)
<use polytechnique-logohori.pdf>
Package pdftex.def Info: polytechnique-logohori.pdf  used on input line 1240.
(pdftex.def)             Requested size: 156.35799pt x 56.90453pt.
 [33]

Package hyperref Warning: Token not allowed in a PDF string (Unicode):
(hyperref)                removing `math shift' on input line 1249.


Package hyperref Warning: Token not allowed in a PDF string (Unicode):
(hyperref)                removing `subscript' on input line 1249.


Package hyperref Warning: Token not allowed in a PDF string (Unicode):
(hyperref)                removing `math shift' on input line 1249.

File: polytechnique-logohori.pdf Graphic file (type pdf)
<use polytechnique-logohori.pdf>
Package pdftex.def Info: polytechnique-logohori.pdf  used on input line 1295.
(pdftex.def)             Requested size: 156.35799pt x 56.90453pt.
[34]
! Undefined control sequence.
l.1308 The formulas in \Cref
                            {thm:eigen_corrections} reveal several important...
The control sequence at the end of the top line
of your error message was never \def'ed. If you have
misspelled it (e.g., `\hobx'), type `I' and the correct
spelling (e.g., `I\hbox'). Otherwise just continue,
and I'll forget about whatever was undefined.

! Missing $ inserted.
<inserted text> 
                $
l.1308 The formulas in \Cref{thm:eigen_
                                       corrections} reveal several important...
I've inserted a begin-math/end-math symbol since I think
you left one out. Proceed, with fingers crossed.

! Extra }, or forgotten $.
l.1308 ...formulas in \Cref{thm:eigen_corrections}
                                                   reveal several important ...
I've deleted a group-closing symbol because it seems to be
spurious, as in `$x}$'. But perhaps the } is legitimate and
you forgot something else, as in `\hbox{$x}'. In such cases
the way to recover is to insert both the forgotten and the
deleted material, e.g., by typing `I$}'.

! Missing $ inserted.
<inserted text> 
                $
l.1309 
       
I've inserted a begin-math/end-math symbol since I think
you left one out. Proceed, with fingers crossed.

! Missing } inserted.
<inserted text> 
                }
l.1309 
       
I've inserted something that you may have forgotten.
(See the <inserted text> above.)
With luck, this will get me unwedged. But if you
really didn't forget anything, try typing `2' now; then
my insertion and my current dilemma will both disappear.


Overfull \hbox (23.42534pt too wide) in paragraph at lines 1308--1309
[]\T1/lmr/m/it/10 Remark \T1/lmr/m/n/10 (In-ter-pre-ta-tion of the cor-rec-tion
s)\T1/lmr/m/it/10 . []\T1/lmr/m/n/10 The for-mu-las in thm:eigen$[]\OML/lmm/m/i
t/10 orrectionsrevealseveralimportantproperties \OT1/lmr/m/n/10 :
 []


Package hyperref Warning: Token not allowed in a PDF string (Unicode):
(hyperref)                removing `math shift' on input line 1321.


Package hyperref Warning: Token not allowed in a PDF string (Unicode):
(hyperref)                removing `subscript' on input line 1321.


Package hyperref Warning: Token not allowed in a PDF string (Unicode):
(hyperref)                removing `math shift' on input line 1321.

File: polytechnique-logohori.pdf Graphic file (type pdf)
<use polytechnique-logohori.pdf>
Package pdftex.def Info: polytechnique-logohori.pdf  used on input line 1326.
(pdftex.def)             Requested size: 156.35799pt x 56.90453pt.
[35]
File: polytechnique-logohori.pdf Graphic file (type pdf)
<use polytechnique-logohori.pdf>
Package pdftex.def Info: polytechnique-logohori.pdf  used on input line 1371.
(pdftex.def)             Requested size: 156.35799pt x 56.90453pt.
 [36]
LaTeX Info: Redefining \\ on input line 1372.
File: polytechnique-filetlongrouge.pdf Graphic file (type pdf)
<use polytechnique-filetlongrouge.pdf>
Package pdftex.def Info: polytechnique-filetlongrouge.pdf  used on input line 1
372.
(pdftex.def)             Requested size: 124.21375pt x 2.16808pt.


! LaTeX Error: Unicode character 🎯 (U+1F3AF)
               not set up for use with LaTeX.

See the LaTeX manual or LaTeX Companion for explanation.
Type  H <return>  for immediate help.
 ...                                              
                                                  
l.1374 ...T-NTK Connection}},enhanced,drop shadow]
                                                  
You may provide a definition with
\DeclareUnicodeCharacter 


LaTeX Warning: Citation 'huang2019dynamicsdeepneuralnetworks' on page 37 undefi
ned on input line 1375.


LaTeX Warning: Citation 'dyer_gur_ari_2019' on page 37 undefined on input line 
1375.


Underfull \hbox (badness 2253) in paragraph at lines 1375--1376
[]\T1/lmr/m/n/10 This sec-tion presents our \T1/lmr/bx/n/10 rev-o-lu-tion-ary d
is-cov-ery \T1/lmr/m/n/10 of the deep con-nec-tion be-tween finite-
 []


Package hyperref Warning: Difference (2) between bookmark levels is greater 
(hyperref)                than one, level fixed on input line 1380.


! LaTeX Error: Unicode character 💭 (U+1F4AD)
               not set up for use with LaTeX.

See the LaTeX manual or LaTeX Companion for explanation.
Type  H <return>  for immediate help.
 ...                                              
                                                  
l.1382 ...e Scaling Puzzle}},enhanced,drop shadow]
                                                  
You may provide a definition with
\DeclareUnicodeCharacter 


LaTeX Warning: Citation 'anonymous_finite_width_kernel_dynamics_2023' on page 3
7 undefined on input line 1389.


! LaTeX Error: Unicode character 📊 (U+1F4CA)
               not set up for use with LaTeX.

See the LaTeX manual or LaTeX Companion for explanation.
Type  H <return>  for immediate help.
 ...                                              
                                                  
l.1394 ...on Decomposition}},enhanced,drop shadow]
                                                  
You may provide a definition with
\DeclareUnicodeCharacter 


! LaTeX Error: Unicode character 📈 (U+1F4C8)
               not set up for use with LaTeX.

See the LaTeX manual or LaTeX Companion for explanation.
Type  H <return>  for immediate help.
 ...                                              
                                                  
l.1402 ...ectral Dichotomy}},enhanced,drop shadow]
                                                  
You may provide a definition with
\DeclareUnicodeCharacter 


LaTeX Warning: Citation 'hanin_nica_2019' on page 37 undefined on input line 14
08.


! LaTeX Error: Unicode character 💭 (U+1F4AD)
               not set up for use with LaTeX.

See the LaTeX manual or LaTeX Companion for explanation.
Type  H <return>  for immediate help.
 ...                                              
                                                  
l.1411 ...SCALING ANALYSIS}},enhanced,drop shadow]
                                                  
You may provide a definition with
\DeclareUnicodeCharacter 

File: polytechnique-logohori.pdf Graphic file (type pdf)
<use polytechnique-logohori.pdf>
Package pdftex.def Info: polytechnique-logohori.pdf  used on input line 1414.
(pdftex.def)             Requested size: 156.35799pt x 56.90453pt.
[37]

! LaTeX Error: Unicode character ⚡ (U+26A1)
               not set up for use with LaTeX.

See the LaTeX manual or LaTeX Companion for explanation.
Type  H <return>  for immediate help.
 ...                                              
                                                  
l.1419 ...eory vs Empirics}},enhanced,drop shadow]
                                                  
You may provide a definition with
\DeclareUnicodeCharacter 


! LaTeX Error: Unicode character 💡 (U+1F4A1)
               not set up for use with LaTeX.

See the LaTeX manual or LaTeX Companion for explanation.
Type  H <return>  for immediate help.
 ...                                              
                                                  
l.1427 ...tor Correlations}},enhanced,drop shadow]
                                                  
You may provide a definition with
\DeclareUnicodeCharacter 


! LaTeX Error: Unicode character 🎯 (U+1F3AF)
               not set up for use with LaTeX.

See the LaTeX manual or LaTeX Companion for explanation.
Type  H <return>  for immediate help.
 ...                                              
                                                  
l.1437 ...ARK: Path to RMT}},enhanced,drop shadow]
                                                  
You may provide a definition with
\DeclareUnicodeCharacter 


! LaTeX Error: Unicode character 🔍 (U+1F50D)
               not set up for use with LaTeX.

See the LaTeX manual or LaTeX Companion for explanation.
Type  H <return>  for immediate help.
 ...                                              
                                                  
l.1443 ...istical Analysis}},enhanced,drop shadow]
                                                  
You may provide a definition with
\DeclareUnicodeCharacter 


! LaTeX Error: Unicode character 📝 (U+1F4DD)
               not set up for use with LaTeX.

See the LaTeX manual or LaTeX Companion for explanation.
Type  H <return>  for immediate help.
 ...                                              
                                                  
l.1451 ...s but Complexity}},enhanced,drop shadow]
                                                  
You may provide a definition with
\DeclareUnicodeCharacter 

File: polytechnique-logohori.pdf Graphic file (type pdf)
<use polytechnique-logohori.pdf>
Package pdftex.def Info: polytechnique-logohori.pdf  used on input line 1457.
(pdftex.def)             Requested size: 156.35799pt x 56.90453pt.
[38]

! LaTeX Error: Unicode character 🚀 (U+1F680)
               not set up for use with LaTeX.

See the LaTeX manual or LaTeX Companion for explanation.
Type  H <return>  for immediate help.
 ...                                              
                                                  
l.1460 ...K-GOE Connection}},enhanced,drop shadow]
                                                  
You may provide a definition with
\DeclareUnicodeCharacter 


LaTeX Warning: Citation 'guillen_misof_gerken_2025' on page 39 undefined on inp
ut line 1465.


LaTeX Warning: Citation 'dyer_gur_ari_2019' on page 39 undefined on input line 
1465.


LaTeX Warning: Citation 'dyer_gur_ari_2019' on page 39 undefined on input line 
1473.


! LaTeX Error: Unicode character 🔬 (U+1F52C)
               not set up for use with LaTeX.

See the LaTeX manual or LaTeX Companion for explanation.
Type  H <return>  for immediate help.
 ...                                              
                                                  
l.1476 ...Spacing Analysis}},enhanced,drop shadow]
                                                  
You may provide a definition with
\DeclareUnicodeCharacter 


! LaTeX Error: Unicode character 🎯 (U+1F3AF)
               not set up for use with LaTeX.

See the LaTeX manual or LaTeX Companion for explanation.
Type  H <return>  for immediate help.
 ...                                              
                                                  
l.1499 ...vity of GOE Test}},enhanced,drop shadow]
                                                  
You may provide a definition with
\DeclareUnicodeCharacter 


! LaTeX Error: Unicode character 🏆 (U+1F3C6)
               not set up for use with LaTeX.

See the LaTeX manual or LaTeX Companion for explanation.
Type  H <return>  for immediate help.
 ...                                              
                                                  
l.1505 ...erfect GOE Match}},enhanced,drop shadow]
                                                  
You may provide a definition with
\DeclareUnicodeCharacter 


LaTeX Warning: Citation 'seleznova_kutyniok_2022' on page 39 undefined on input
 line 1508.

File: polytechnique-logohori.pdf Graphic file (type pdf)
<use polytechnique-logohori.pdf>
Package pdftex.def Info: polytechnique-logohori.pdf  used on input line 1510.
(pdftex.def)             Requested size: 156.35799pt x 56.90453pt.
[39]

! LaTeX Error: Unicode character 💭 (U+1F4AD)
               not set up for use with LaTeX.

See the LaTeX manual or LaTeX Companion for explanation.
Type  H <return>  for immediate help.
 ...                                              
                                                  
l.1511 ...asure Connection}},enhanced,drop shadow]
                                                  
You may provide a definition with
\DeclareUnicodeCharacter 


LaTeX Warning: Citation 'huang2019dynamicsdeepneuralnetworks' on page 40 undefi
ned on input line 1516.


Underfull \hbox (badness 10000) in paragraph at lines 1516--1517
[]\T1/lmr/m/n/10 This con-nects []NTK[] to fun-da-men-tal sym-me-try prin-ci-pl
es in quan-tum physics
 []


LaTeX Warning: File `consecutive_spacing_ratio_dist_N64_D10_M20_L2.png' not fou
nd on input line 1521.


! Package pdftex.def Error: File `consecutive_spacing_ratio_dist_N64_D10_M20_L2
.png' not found: using draft setting.

See the pdftex.def package documentation for explanation.
Type  H <return>  for immediate help.
 ...                                              
                                                  
l.1521 ...e_spacing_ratio_dist_N64_D10_M20_L2.png}
                                                  
Try typing  <return>  to proceed.
If that doesn't work, type  X <return>  to quit.


LaTeX Warning: `!h' float specifier changed to `!ht'.

File: polytechnique-logohori.pdf Graphic file (type pdf)
<use polytechnique-logohori.pdf>
Package pdftex.def Info: polytechnique-logohori.pdf  used on input line 1545.
(pdftex.def)             Requested size: 156.35799pt x 56.90453pt.
[40]
File: polytechnique-logohori.pdf Graphic file (type pdf)
<use polytechnique-logohori.pdf>
Package pdftex.def Info: polytechnique-logohori.pdf  used on input line 1554.
(pdftex.def)             Requested size: 156.35799pt x 56.90453pt.
 [41]

LaTeX Warning: Citation 'collins2022weingarten' on page 42 undefined on input l
ine 1557.

File: polytechnique-logohori.pdf Graphic file (type pdf)
<use polytechnique-logohori.pdf>
Package pdftex.def Info: polytechnique-logohori.pdf  used on input line 1561.
(pdftex.def)             Requested size: 156.35799pt x 56.90453pt.
[42]

LaTeX Warning: Citation 'dyer2019asymptotics' on page 43 undefined on input lin
e 1567.


LaTeX Warning: Citation 'jacot2020kernelhessian' on page 43 undefined on input 
line 1572.


LaTeX Warning: Citation 'dyer2019asymptotics' on page 43 undefined on input lin
e 1580.

! Undefined control sequence.
l.1582 \lexp
             \mathrm{Tr}(H^k) \rexp \approx \lexp \mathrm{Tr}(\mathcal{A}^k)...
The control sequence at the end of the top line
of your error message was never \def'ed. If you have
misspelled it (e.g., `\hobx'), type `I' and the correct
spelling (e.g., `I\hbox'). Otherwise just continue,
and I'll forget about whatever was undefined.

! Undefined control sequence.
l.1582 \lexp \mathrm{Tr}(H^k) \rexp
                                    \approx \lexp \mathrm{Tr}(\mathcal{A}^k)...
The control sequence at the end of the top line
of your error message was never \def'ed. If you have
misspelled it (e.g., `\hobx'), type `I' and the correct
spelling (e.g., `I\hbox'). Otherwise just continue,
and I'll forget about whatever was undefined.

! Undefined control sequence.
l.1582 \lexp \mathrm{Tr}(H^k) \rexp \approx \lexp
                                                  \mathrm{Tr}(\mathcal{A}^k)...
The control sequence at the end of the top line
of your error message was never \def'ed. If you have
misspelled it (e.g., `\hobx'), type `I' and the correct
spelling (e.g., `I\hbox'). Otherwise just continue,
and I'll forget about whatever was undefined.

! Undefined control sequence.
l.1582 ...x \lexp \mathrm{Tr}(\mathcal{A}^k) \rexp
                                                   \quad \text{for } k \ge 1
The control sequence at the end of the top line
of your error message was never \def'ed. If you have
misspelled it (e.g., `\hobx'), type `I' and the correct
spelling (e.g., `I\hbox'). Otherwise just continue,
and I'll forget about whatever was undefined.

! Undefined control sequence.
<recently read> \lexp 
                      
l.1584 with the exception of $k=2$, where $\lexp
                                                 \mathrm{Tr}(\mathcal{B}^2) ...
The control sequence at the end of the top line
of your error message was never \def'ed. If you have
misspelled it (e.g., `\hobx'), type `I' and the correct
spelling (e.g., `I\hbox'). Otherwise just continue,
and I'll forget about whatever was undefined.

! Undefined control sequence.
l.1584 ... $\lexp \mathrm{Tr}(\mathcal{B}^2) \rexp
                                                  $ can also contribute at l...
The control sequence at the end of the top line
of your error message was never \def'ed. If you have
misspelled it (e.g., `\hobx'), type `I' and the correct
spelling (e.g., `I\hbox'). Otherwise just continue,
and I'll forget about whatever was undefined.


LaTeX Warning: Citation 'jacot2020kernelhessian' on page 43 undefined on input 
line 1586.

File: polytechnique-logohori.pdf Graphic file (type pdf)
<use polytechnique-logohori.pdf>
Package pdftex.def Info: polytechnique-logohori.pdf  used on input line 1592.
(pdftex.def)             Requested size: 156.35799pt x 56.90453pt.
[43]
File: polytechnique-logohori.pdf Graphic file (type pdf)
<use polytechnique-logohori.pdf>
Package pdftex.def Info: polytechnique-logohori.pdf  used on input line 1597.
(pdftex.def)             Requested size: 156.35799pt x 56.90453pt.
 [44]
! Undefined control sequence.
l.1610 ...\textcolor{k3color}{K^{(3)}} \sim \Order
                                                  (H^2/\sqrt{\m})$ shows tha...
The control sequence at the end of the top line
of your error message was never \def'ed. If you have
misspelled it (e.g., `\hobx'), type `I' and the correct
spelling (e.g., `I\hbox'). Otherwise just continue,
and I'll forget about whatever was undefined.

File: polytechnique-logohori.pdf Graphic file (type pdf)
<use polytechnique-logohori.pdf>
Package pdftex.def Info: polytechnique-logohori.pdf  used on input line 1614.
(pdftex.def)             Requested size: 156.35799pt x 56.90453pt.
[45]
! Undefined control sequence.
l.1619 \appendixpart
                    {Spectral Analysis of the NTK and Eigenvalue Bounds}
The control sequence at the end of the top line
of your error message was never \def'ed. If you have
misspelled it (e.g., `\hobx'), type `I' and the correct
spelling (e.g., `I\hbox'). Otherwise just continue,
and I'll forget about whatever was undefined.

LaTeX Info: Redefining \\ on input line 1622.
File: polytechnique-filetlongrouge.pdf Graphic file (type pdf)
<use polytechnique-filetlongrouge.pdf>
Package pdftex.def Info: polytechnique-filetlongrouge.pdf  used on input line 1
622.
(pdftex.def)             Requested size: 124.21375pt x 2.16808pt.
File: polytechnique-filetcourt.pdf Graphic file (type pdf)
<use polytechnique-filetcourt.pdf>
Package pdftex.def Info: polytechnique-filetcourt.pdf  used on input line 1624.

(pdftex.def)             Requested size: 28.40604pt x 2.16808pt.
File: polytechnique-filetcourt.pdf Graphic file (type pdf)
<use polytechnique-filetcourt.pdf>
Package pdftex.def Info: polytechnique-filetcourt.pdf  used on input line 1628.

(pdftex.def)             Requested size: 28.40604pt x 2.16808pt.
File: polytechnique-filetcourt.pdf Graphic file (type pdf)
<use polytechnique-filetcourt.pdf>
Package pdftex.def Info: polytechnique-filetcourt.pdf  used on input line 1645.

(pdftex.def)             Requested size: 28.40604pt x 2.16808pt.
File: polytechnique-filetcourt.pdf Graphic file (type pdf)
<use polytechnique-filetcourt.pdf>
Package pdftex.def Info: polytechnique-filetcourt.pdf  used on input line 1654.

(pdftex.def)             Requested size: 28.40604pt x 2.16808pt.
File: polytechnique-logohori.pdf Graphic file (type pdf)
<use polytechnique-logohori.pdf>
Package pdftex.def Info: polytechnique-logohori.pdf  used on input line 1659.
(pdftex.def)             Requested size: 156.35799pt x 56.90453pt.
[46]
File: polytechnique-filetcourt.pdf Graphic file (type pdf)
<use polytechnique-filetcourt.pdf>
Package pdftex.def Info: polytechnique-filetcourt.pdf  used on input line 1675.

(pdftex.def)             Requested size: 28.40604pt x 2.16808pt.
File: polytechnique-filetcourt.pdf Graphic file (type pdf)
<use polytechnique-filetcourt.pdf>
Package pdftex.def Info: polytechnique-filetcourt.pdf  used on input line 1690.

(pdftex.def)             Requested size: 28.40604pt x 2.16808pt.
File: polytechnique-logohori.pdf Graphic file (type pdf)
<use polytechnique-logohori.pdf>
Package pdftex.def Info: polytechnique-logohori.pdf  used on input line 1694.
(pdftex.def)             Requested size: 156.35799pt x 56.90453pt.
 [47]
File: polytechnique-filetcourt.pdf Graphic file (type pdf)
<use polytechnique-filetcourt.pdf>
Package pdftex.def Info: polytechnique-filetcourt.pdf  used on input line 1694.

(pdftex.def)             Requested size: 28.40604pt x 2.16808pt.


Package hyperref Warning: Token not allowed in a PDF string (Unicode):
(hyperref)                removing `math shift' on input line 1694.


Package hyperref Warning: Token not allowed in a PDF string (Unicode):
(hyperref)                removing `math shift' on input line 1694.

File: polytechnique-filetcourt.pdf Graphic file (type pdf)
<use polytechnique-filetcourt.pdf>
Package pdftex.def Info: polytechnique-filetcourt.pdf  used on input line 1708.

(pdftex.def)             Requested size: 28.40604pt x 2.16808pt.
File: polytechnique-filetcourt.pdf Graphic file (type pdf)
<use polytechnique-filetcourt.pdf>
Package pdftex.def Info: polytechnique-filetcourt.pdf  used on input line 1717.

(pdftex.def)             Requested size: 28.40604pt x 2.16808pt.
File: polytechnique-filetcourt.pdf Graphic file (type pdf)
<use polytechnique-filetcourt.pdf>
Package pdftex.def Info: polytechnique-filetcourt.pdf  used on input line 1728.

(pdftex.def)             Requested size: 28.40604pt x 2.16808pt.
File: polytechnique-logohori.pdf Graphic file (type pdf)
<use polytechnique-logohori.pdf>
Package pdftex.def Info: polytechnique-logohori.pdf  used on input line 1731.
(pdftex.def)             Requested size: 156.35799pt x 56.90453pt.
[48]
File: polytechnique-filetcourt.pdf Graphic file (type pdf)
<use polytechnique-filetcourt.pdf>
Package pdftex.def Info: polytechnique-filetcourt.pdf  used on input line 1734.

(pdftex.def)             Requested size: 28.40604pt x 2.16808pt.
File: polytechnique-filetcourt.pdf Graphic file (type pdf)
<use polytechnique-filetcourt.pdf>
Package pdftex.def Info: polytechnique-filetcourt.pdf  used on input line 1737.

(pdftex.def)             Requested size: 28.40604pt x 2.16808pt.
LaTeX Info: Redefining \\ on input line 1740.
File: polytechnique-filetlongrouge.pdf Graphic file (type pdf)
<use polytechnique-filetlongrouge.pdf>
Package pdftex.def Info: polytechnique-filetlongrouge.pdf  used on input line 1
740.
(pdftex.def)             Requested size: 124.21375pt x 2.16808pt.
File: polytechnique-filetcourt.pdf Graphic file (type pdf)
<use polytechnique-filetcourt.pdf>
Package pdftex.def Info: polytechnique-filetcourt.pdf  used on input line 1750.

(pdftex.def)             Requested size: 28.40604pt x 2.16808pt.


Package hyperref Warning: Token not allowed in a PDF string (Unicode):
(hyperref)                removing `math shift' on input line 1750.


Package hyperref Warning: Token not allowed in a PDF string (Unicode):
(hyperref)                removing `superscript' on input line 1750.


Package hyperref Warning: Token not allowed in a PDF string (Unicode):
(hyperref)                removing `math shift' on input line 1750.

File: polytechnique-filetcourt.pdf Graphic file (type pdf)
<use polytechnique-filetcourt.pdf>
Package pdftex.def Info: polytechnique-filetcourt.pdf  used on input line 1754.

(pdftex.def)             Requested size: 28.40604pt x 2.16808pt.
File: polytechnique-filetcourt.pdf Graphic file (type pdf)
<use polytechnique-filetcourt.pdf>
Package pdftex.def Info: polytechnique-filetcourt.pdf  used on input line 1758.

(pdftex.def)             Requested size: 28.40604pt x 2.16808pt.
File: polytechnique-logohori.pdf Graphic file (type pdf)
<use polytechnique-logohori.pdf>
Package pdftex.def Info: polytechnique-logohori.pdf  used on input line 1766.
(pdftex.def)             Requested size: 156.35799pt x 56.90453pt.
[49]
File: polytechnique-filetcourt.pdf Graphic file (type pdf)
<use polytechnique-filetcourt.pdf>
Package pdftex.def Info: polytechnique-filetcourt.pdf  used on input line 1789.

(pdftex.def)             Requested size: 28.40604pt x 2.16808pt.
File: polytechnique-logohori.pdf Graphic file (type pdf)
<use polytechnique-logohori.pdf>
Package pdftex.def Info: polytechnique-logohori.pdf  used on input line 1813.
(pdftex.def)             Requested size: 156.35799pt x 56.90453pt.
 [50]
File: polytechnique-filetcourt.pdf Graphic file (type pdf)
<use polytechnique-filetcourt.pdf>
Package pdftex.def Info: polytechnique-filetcourt.pdf  used on input line 1817.

(pdftex.def)             Requested size: 28.40604pt x 2.16808pt.
File: polytechnique-logohori.pdf Graphic file (type pdf)
<use polytechnique-logohori.pdf>
Package pdftex.def Info: polytechnique-logohori.pdf  used on input line 1835.
(pdftex.def)             Requested size: 156.35799pt x 56.90453pt.
 [51]

LaTeX Warning: Empty bibliography on input line 1837.

(./reportpart3.aux)
 ***********
LaTeX2e <2023-11-01> patch level 1
L3 programming layer <2024-01-22>
 ***********


LaTeX Warning: There were undefined references.


LaTeX Warning: Label(s) may have changed. Rerun to get cross-references right.


Package rerunfilecheck Warning: File `reportpart3.out' has changed.
(rerunfilecheck)                Rerun to get outlines right
(rerunfilecheck)                or use package `bookmark'.

Package rerunfilecheck Info: Checksums for `reportpart3.out':
(rerunfilecheck)             Before: 8AA81B55A223A832D975E256E0E1721B;28663
(rerunfilecheck)             After:  5D5B80F71AD972CED9081ED4A143501A;28525.

Package biblatex Warning: Please (re)run Biber on the file:
(biblatex)                reportpart3
(biblatex)                and rerun LaTeX afterwards.

Package logreq Info: Writing requests to 'reportpart3.run.xml'.
\openout1 = `reportpart3.run.xml'.

 ) 
Here is how much of TeX's memory you used:
 40080 strings out of 474222
 799799 string characters out of 5748733
 1958975 words of memory out of 5000000
 61434 multiletter control sequences out of 15000+600000
 669835 words of font info for 109 fonts, out of 8000000 for 9000
 1141 hyphenation exceptions out of 8191
 93i,17n,102p,1200b,2230s stack positions out of 10000i,1000n,20000p,200000b,200000s

pdfTeX warning (dest): name{figure.caption.6} has been referenced but does not 
exist, replaced by a fixed one


pdfTeX warning (dest): name{subsubsection.2.0.53} has been referenced but does 
not exist, replaced by a fixed one


pdfTeX warning (dest): name{subsubsection.2.0.52} has been referenced but does 
not exist, replaced by a fixed one


pdfTeX warning (dest): name{subsubsection.2.0.51} has been referenced but does 
not exist, replaced by a fixed one


pdfTeX warning (dest): name{subsubsection.2.0.50} has been referenced but does 
not exist, replaced by a fixed one


pdfTeX warning (dest): name{subsubsection.2.0.49} has been referenced but does 
not exist, replaced by a fixed one


pdfTeX warning (dest): name{subsubsection.2.0.48} has been referenced but does 
not exist, replaced by a fixed one


pdfTeX warning (dest): name{subsubsection.2.0.47} has been referenced but does 
not exist, replaced by a fixed one


pdfTeX warning (dest): name{subsubsection.2.0.46} has been referenced but does 
not exist, replaced by a fixed one

</usr/share/texmf/fonts/type1/public/lm/lmbx10.pfb></usr/share/texmf/fonts/type
1/public/lm/lmbx12.pfb></usr/share/texmf/fonts/type1/public/lm/lmcsc10.pfb></us
r/share/texmf/fonts/type1/public/lm/lmex10.pfb></usr/share/texmf/fonts/type1/pu
blic/lm/lmmi10.pfb></usr/share/texmf/fonts/type1/public/lm/lmmi12.pfb></usr/sha
re/texmf/fonts/type1/public/lm/lmmi5.pfb></usr/share/texmf/fonts/type1/public/l
m/lmmi7.pfb></usr/share/texmf/fonts/type1/public/lm/lmmi8.pfb></usr/share/texmf
/fonts/type1/public/lm/lmmib10.pfb></usr/share/texmf/fonts/type1/public/lm/lmr1
0.pfb></usr/share/texmf/fonts/type1/public/lm/lmr12.pfb></usr/share/texmf/fonts
/type1/public/lm/lmr5.pfb></usr/share/texmf/fonts/type1/public/lm/lmr7.pfb></us
r/share/texmf/fonts/type1/public/lm/lmr8.pfb></usr/share/texmf/fonts/type1/publ
ic/lm/lmri10.pfb></usr/share/texmf/fonts/type1/public/lm/lmss12.pfb></usr/share
/texmf/fonts/type1/public/lm/lmssbx10.pfb></usr/share/texmf/fonts/type1/public/
lm/lmsy10.pfb></usr/share/texmf/fonts/type1/public/lm/lmsy5.pfb></usr/share/tex
mf/fonts/type1/public/lm/lmsy7.pfb></usr/share/texmf/fonts/type1/public/lm/lmtk
10.pfb></usr/share/texmf/fonts/type1/public/lm/lmtt10.pfb></usr/share/texlive/t
exmf-dist/fonts/type1/public/amsfonts/symbols/msam10.pfb></usr/share/texlive/te
xmf-dist/fonts/type1/public/amsfonts/symbols/msbm10.pfb></usr/share/texlive/tex
mf-dist/fonts/type1/public/amsfonts/symbols/msbm7.pfb>
Output written on reportpart3.pdf (51 pages, 1996719 bytes).
PDF statistics:
 1205 PDF objects out of 1440 (max. 8388607)
 1031 compressed objects within 11 object streams
 272 named destinations out of 1000 (max. 500000)
 1059 words of extra memory for PDF output out of 10000 (max. 10000000)

