This is pdfTeX, Version 3.141592653-2.6-1.40.25 (TeX Live 2023/Debian) (preloaded format=pdflatex 2025.8.16)  21 AUG 2025 13:56
entering extended mode
 restricted \write18 enabled.
 %&-line parsing enabled.
**report_part1.tex
(./report_part1.tex
LaTeX2e <2023-11-01> patch level 1
L3 programming layer <2024-01-22>
(/usr/share/texlive/texmf-dist/tex/latex/base/article.cls
Document Class: article 2023/05/17 v1.4n Standard LaTeX document class
(/usr/share/texlive/texmf-dist/tex/latex/base/size10.clo
File: size10.clo 2023/05/17 v1.4n Standard LaTeX file (size option)
)
\c@part=\count187
\c@section=\count188
\c@subsection=\count189
\c@subsubsection=\count190
\c@paragraph=\count191
\c@subparagraph=\count192
\c@figure=\count193
\c@table=\count194
\abovecaptionskip=\skip48
\belowcaptionskip=\skip49
\bibindent=\dimen140
)
(/usr/share/texlive/texmf-dist/tex/latex/graphics/graphicx.sty
Package: graphicx 2021/09/16 v1.2d Enhanced LaTeX Graphics (DPC,SPQR)

(/usr/share/texlive/texmf-dist/tex/latex/graphics/keyval.sty
Package: keyval 2022/05/29 v1.15 key=value parser (DPC)
\KV@toks@=\toks17
)
(/usr/share/texlive/texmf-dist/tex/latex/graphics/graphics.sty
Package: graphics 2022/03/10 v1.4e Standard LaTeX Graphics (DPC,SPQR)

(/usr/share/texlive/texmf-dist/tex/latex/graphics/trig.sty
Package: trig 2021/08/11 v1.11 sin cos tan (DPC)
)
(/usr/share/texlive/texmf-dist/tex/latex/graphics-cfg/graphics.cfg
File: graphics.cfg 2016/06/04 v1.11 sample graphics configuration
)
Package graphics Info: Driver file: pdftex.def on input line 107.

(/usr/share/texlive/texmf-dist/tex/latex/graphics-def/pdftex.def
File: pdftex.def 2022/09/22 v1.2b Graphics/color driver for pdftex
))
\Gin@req@height=\dimen141
\Gin@req@width=\dimen142
)
(/usr/share/texlive/texmf-dist/tex/latex/amsmath/amsmath.sty
Package: amsmath 2023/05/13 v2.17o AMS math features
\@mathmargin=\skip50

For additional information on amsmath, use the `?' option.
(/usr/share/texlive/texmf-dist/tex/latex/amsmath/amstext.sty
Package: amstext 2021/08/26 v2.01 AMS text

(/usr/share/texlive/texmf-dist/tex/latex/amsmath/amsgen.sty
File: amsgen.sty 1999/11/30 v2.0 generic functions
\@emptytoks=\toks18
\ex@=\dimen143
))
(/usr/share/texlive/texmf-dist/tex/latex/amsmath/amsbsy.sty
Package: amsbsy 1999/11/29 v1.2d Bold Symbols
\pmbraise@=\dimen144
)
(/usr/share/texlive/texmf-dist/tex/latex/amsmath/amsopn.sty
Package: amsopn 2022/04/08 v2.04 operator names
)
\inf@bad=\count195
LaTeX Info: Redefining \frac on input line 234.
\uproot@=\count196
\leftroot@=\count197
LaTeX Info: Redefining \overline on input line 399.
LaTeX Info: Redefining \colon on input line 410.
\classnum@=\count198
\DOTSCASE@=\count199
LaTeX Info: Redefining \ldots on input line 496.
LaTeX Info: Redefining \dots on input line 499.
LaTeX Info: Redefining \cdots on input line 620.
\Mathstrutbox@=\box51
\strutbox@=\box52
LaTeX Info: Redefining \big on input line 722.
LaTeX Info: Redefining \Big on input line 723.
LaTeX Info: Redefining \bigg on input line 724.
LaTeX Info: Redefining \Bigg on input line 725.
\big@size=\dimen145
LaTeX Font Info:    Redeclaring font encoding OML on input line 743.
LaTeX Font Info:    Redeclaring font encoding OMS on input line 744.
\macc@depth=\count266
LaTeX Info: Redefining \bmod on input line 905.
LaTeX Info: Redefining \pmod on input line 910.
LaTeX Info: Redefining \smash on input line 940.
LaTeX Info: Redefining \relbar on input line 970.
LaTeX Info: Redefining \Relbar on input line 971.
\c@MaxMatrixCols=\count267
\dotsspace@=\muskip16
\c@parentequation=\count268
\dspbrk@lvl=\count269
\tag@help=\toks19
\row@=\count270
\column@=\count271
\maxfields@=\count272
\andhelp@=\toks20
\eqnshift@=\dimen146
\alignsep@=\dimen147
\tagshift@=\dimen148
\tagwidth@=\dimen149
\totwidth@=\dimen150
\lineht@=\dimen151
\@envbody=\toks21
\multlinegap=\skip51
\multlinetaggap=\skip52
\mathdisplay@stack=\toks22
LaTeX Info: Redefining \[ on input line 2953.
LaTeX Info: Redefining \] on input line 2954.
)
(/usr/share/texlive/texmf-dist/tex/latex/amsfonts/amssymb.sty
Package: amssymb 2013/01/14 v3.01 AMS font symbols

(/usr/share/texlive/texmf-dist/tex/latex/amsfonts/amsfonts.sty
Package: amsfonts 2013/01/14 v3.01 Basic AMSFonts support
\symAMSa=\mathgroup4
\symAMSb=\mathgroup5
LaTeX Font Info:    Redeclaring math symbol \hbar on input line 98.
LaTeX Font Info:    Overwriting math alphabet `\mathfrak' in version `bold'
(Font)                  U/euf/m/n --> U/euf/b/n on input line 106.
))
(/usr/share/texlive/texmf-dist/tex/latex/biblatex/biblatex.sty
Package: biblatex 2023/03/05 v3.19 programmable bibliographies (PK/MW)

(/usr/share/texlive/texmf-dist/tex/generic/pdftexcmds/pdftexcmds.sty
Package: pdftexcmds 2020-06-27 v0.33 Utility functions of pdfTeX for LuaTeX (HO
)

(/usr/share/texlive/texmf-dist/tex/generic/infwarerr/infwarerr.sty
Package: infwarerr 2019/12/03 v1.5 Providing info/warning/error messages (HO)
)
(/usr/share/texlive/texmf-dist/tex/generic/iftex/iftex.sty
Package: iftex 2022/02/03 v1.0f TeX engine tests
)
(/usr/share/texlive/texmf-dist/tex/generic/ltxcmds/ltxcmds.sty
Package: ltxcmds 2023-12-04 v1.26 LaTeX kernel commands for general use (HO)
)
Package pdftexcmds Info: \pdf@primitive is available.
Package pdftexcmds Info: \pdf@ifprimitive is available.
Package pdftexcmds Info: \pdfdraftmode found.
)
(/usr/share/texlive/texmf-dist/tex/latex/etoolbox/etoolbox.sty
Package: etoolbox 2020/10/05 v2.5k e-TeX tools for LaTeX (JAW)
\etb@tempcnta=\count273
)
(/usr/share/texlive/texmf-dist/tex/latex/kvoptions/kvoptions.sty
Package: kvoptions 2022-06-15 v3.15 Key value format for package options (HO)

(/usr/share/texlive/texmf-dist/tex/latex/kvsetkeys/kvsetkeys.sty
Package: kvsetkeys 2022-10-05 v1.19 Key value parser (HO)
))
(/usr/share/texlive/texmf-dist/tex/latex/logreq/logreq.sty
Package: logreq 2010/08/04 v1.0 xml request logger
\lrq@indent=\count274

(/usr/share/texlive/texmf-dist/tex/latex/logreq/logreq.def
File: logreq.def 2010/08/04 v1.0 logreq spec v1.0
))
(/usr/share/texlive/texmf-dist/tex/latex/base/ifthen.sty
Package: ifthen 2022/04/13 v1.1d Standard LaTeX ifthen package (DPC)
)
(/usr/share/texlive/texmf-dist/tex/latex/url/url.sty
\Urlmuskip=\muskip17
Package: url 2013/09/16  ver 3.4  Verb mode for urls, etc.
)
\c@tabx@nest=\count275
\c@listtotal=\count276
\c@listcount=\count277
\c@liststart=\count278
\c@liststop=\count279
\c@citecount=\count280
\c@citetotal=\count281
\c@multicitecount=\count282
\c@multicitetotal=\count283
\c@instcount=\count284
\c@maxnames=\count285
\c@minnames=\count286
\c@maxitems=\count287
\c@minitems=\count288
\c@citecounter=\count289
\c@maxcitecounter=\count290
\c@savedcitecounter=\count291
\c@uniquelist=\count292
\c@uniquename=\count293
\c@refsection=\count294
\c@refsegment=\count295
\c@maxextratitle=\count296
\c@maxextratitleyear=\count297
\c@maxextraname=\count298
\c@maxextradate=\count299
\c@maxextraalpha=\count300
\c@abbrvpenalty=\count301
\c@highnamepenalty=\count302
\c@lownamepenalty=\count303
\c@maxparens=\count304
\c@parenlevel=\count305
\blx@tempcnta=\count306
\blx@tempcntb=\count307
\blx@tempcntc=\count308
\c@blx@maxsection=\count309
\blx@maxsegment@0=\count310
\blx@notetype=\count311
\blx@parenlevel@text=\count312
\blx@parenlevel@foot=\count313
\blx@sectionciteorder@0=\count314
\blx@sectionciteorderinternal@0=\count315
\blx@entrysetcounter=\count316
\blx@biblioinstance=\count317
\labelnumberwidth=\skip53
\labelalphawidth=\skip54
\biblabelsep=\skip55
\bibitemsep=\skip56
\bibnamesep=\skip57
\bibinitsep=\skip58
\bibparsep=\skip59
\bibhang=\skip60
\blx@bcfin=\read2
\blx@bcfout=\write3
\blx@langwohyphens=\language89
\c@mincomprange=\count318
\c@maxcomprange=\count319
\c@mincompwidth=\count320
Package biblatex Info: Trying to load biblatex default data model...
Package biblatex Info: ... file 'blx-dm.def' found.

(/usr/share/texlive/texmf-dist/tex/latex/biblatex/blx-dm.def
File: blx-dm.def 2023/03/05 v3.19 biblatex localization (PK/MW)
)
Package biblatex Info: Trying to load biblatex custom data model...
Package biblatex Info: ... file 'biblatex-dm.cfg' not found.
\c@afterword=\count321
\c@savedafterword=\count322
\c@annotator=\count323
\c@savedannotator=\count324
\c@author=\count325
\c@savedauthor=\count326
\c@bookauthor=\count327
\c@savedbookauthor=\count328
\c@commentator=\count329
\c@savedcommentator=\count330
\c@editor=\count331
\c@savededitor=\count332
\c@editora=\count333
\c@savededitora=\count334
\c@editorb=\count335
\c@savededitorb=\count336
\c@editorc=\count337
\c@savededitorc=\count338
\c@foreword=\count339
\c@savedforeword=\count340
\c@holder=\count341
\c@savedholder=\count342
\c@introduction=\count343
\c@savedintroduction=\count344
\c@namea=\count345
\c@savednamea=\count346
\c@nameb=\count347
\c@savednameb=\count348
\c@namec=\count349
\c@savednamec=\count350
\c@translator=\count351
\c@savedtranslator=\count352
\c@shortauthor=\count353
\c@savedshortauthor=\count354
\c@shorteditor=\count355
\c@savedshorteditor=\count356
\c@labelname=\count357
\c@savedlabelname=\count358
\c@institution=\count359
\c@savedinstitution=\count360
\c@lista=\count361
\c@savedlista=\count362
\c@listb=\count363
\c@savedlistb=\count364
\c@listc=\count365
\c@savedlistc=\count366
\c@listd=\count367
\c@savedlistd=\count368
\c@liste=\count369
\c@savedliste=\count370
\c@listf=\count371
\c@savedlistf=\count372
\c@location=\count373
\c@savedlocation=\count374
\c@organization=\count375
\c@savedorganization=\count376
\c@origlocation=\count377
\c@savedoriglocation=\count378
\c@origpublisher=\count379
\c@savedorigpublisher=\count380
\c@publisher=\count381
\c@savedpublisher=\count382
\c@language=\count383
\c@savedlanguage=\count384
\c@origlanguage=\count385
\c@savedoriglanguage=\count386
\c@pageref=\count387
\c@savedpageref=\count388
\shorthandwidth=\skip61
\shortjournalwidth=\skip62
\shortserieswidth=\skip63
\shorttitlewidth=\skip64
\shortauthorwidth=\skip65
\shorteditorwidth=\skip66
\locallabelnumberwidth=\skip67
\locallabelalphawidth=\skip68
\localshorthandwidth=\skip69
\localshortjournalwidth=\skip70
\localshortserieswidth=\skip71
\localshorttitlewidth=\skip72
\localshortauthorwidth=\skip73
\localshorteditorwidth=\skip74
Package biblatex Info: Trying to load compatibility code...
Package biblatex Info: ... file 'blx-compat.def' found.

(/usr/share/texlive/texmf-dist/tex/latex/biblatex/blx-compat.def
File: blx-compat.def 2023/03/05 v3.19 biblatex compatibility (PK/MW)
)
Package biblatex Info: Trying to load generic definitions...
Package biblatex Info: ... file 'biblatex.def' found.

(/usr/share/texlive/texmf-dist/tex/latex/biblatex/biblatex.def
File: biblatex.def 2023/03/05 v3.19 biblatex compatibility (PK/MW)
\c@textcitecount=\count389
\c@textcitetotal=\count390
\c@textcitemaxnames=\count391
\c@biburlbigbreakpenalty=\count392
\c@biburlbreakpenalty=\count393
\c@biburlnumpenalty=\count394
\c@biburlucpenalty=\count395
\c@biburllcpenalty=\count396
\biburlbigskip=\muskip18
\biburlnumskip=\muskip19
\biburlucskip=\muskip20
\biburllcskip=\muskip21
\c@smartand=\count397
)
Package biblatex Info: Trying to load bibliography style 'numeric'...
Package biblatex Info: ... file 'numeric.bbx' found.

(/usr/share/texlive/texmf-dist/tex/latex/biblatex/bbx/numeric.bbx
File: numeric.bbx 2023/03/05 v3.19 biblatex bibliography style (PK/MW)
Package biblatex Info: Trying to load bibliography style 'standard'...
Package biblatex Info: ... file 'standard.bbx' found.

(/usr/share/texlive/texmf-dist/tex/latex/biblatex/bbx/standard.bbx
File: standard.bbx 2023/03/05 v3.19 biblatex bibliography style (PK/MW)
\c@bbx:relatedcount=\count398
\c@bbx:relatedtotal=\count399
))
Package biblatex Info: Trying to load citation style 'numeric'...
Package biblatex Info: ... file 'numeric.cbx' found.

(/usr/share/texlive/texmf-dist/tex/latex/biblatex/cbx/numeric.cbx
File: numeric.cbx 2023/03/05 v3.19 biblatex citation style (PK/MW)
Package biblatex Info: Redefining '\cite'.
Package biblatex Info: Redefining '\parencite'.
Package biblatex Info: Redefining '\footcite'.
Package biblatex Info: Redefining '\footcitetext'.
Package biblatex Info: Redefining '\smartcite'.
Package biblatex Info: Redefining '\supercite'.
Package biblatex Info: Redefining '\textcite'.
Package biblatex Info: Redefining '\textcites'.
Package biblatex Info: Redefining '\cites'.
Package biblatex Info: Redefining '\parencites'.
Package biblatex Info: Redefining '\smartcites'.
)
Package biblatex Info: Trying to load configuration file...
Package biblatex Info: ... file 'biblatex.cfg' found.

(/usr/share/texlive/texmf-dist/tex/latex/biblatex/biblatex.cfg
File: biblatex.cfg 
)
Package biblatex Info: Input encoding 'utf8' detected.
Package biblatex Info: Document encoding is UTF8 ....

(/usr/share/texlive/texmf-dist/tex/latex/l3kernel/expl3.sty
Package: expl3 2024-01-22 L3 programming layer (loader) 

(/usr/share/texlive/texmf-dist/tex/latex/l3backend/l3backend-pdftex.def
File: l3backend-pdftex.def 2024-01-04 L3 backend support: PDF output (pdfTeX)
\l__color_backend_stack_int=\count400
\l__pdf_internal_box=\box53
))
Package biblatex Info: ... and expl3
(biblatex)             2024-01-22 L3 programming layer (loader) 
(biblatex)             is new enough (at least 2020/04/06),
(biblatex)             setting 'casechanger=expl3'.

(/usr/share/texlive/texmf-dist/tex/latex/biblatex/blx-case-expl3.sty
(/usr/share/texlive/texmf-dist/tex/latex/l3packages/xparse/xparse.sty
Package: xparse 2023-10-10 L3 Experimental document command parser
)
Package: blx-case-expl3 2023/03/05 v3.19 expl3 case changing code for biblatex
))
(/usr/share/texlive/texmf-dist/tex/latex/subfig/subfig.sty
Package: subfig 2005/06/28 ver: 1.3 subfig package

(/usr/share/texlive/texmf-dist/tex/latex/caption/caption.sty
Package: caption 2023/08/05 v3.6o Customizing captions (AR)

(/usr/share/texlive/texmf-dist/tex/latex/caption/caption3.sty
Package: caption3 2023/07/31 v2.4d caption3 kernel (AR)
\caption@tempdima=\dimen152
\captionmargin=\dimen153
\caption@leftmargin=\dimen154
\caption@rightmargin=\dimen155
\caption@width=\dimen156
\caption@indent=\dimen157
\caption@parindent=\dimen158
\caption@hangindent=\dimen159
Package caption Info: Standard document class detected.
)
\c@caption@flags=\count401
\c@continuedfloat=\count402
)
\c@KVtest=\count403
\sf@farskip=\skip75
\sf@captopadj=\dimen160
\sf@capskip=\skip76
\sf@nearskip=\skip77
\c@subfigure=\count404
\c@subfigure@save=\count405
\c@lofdepth=\count406
\c@subtable=\count407
\c@subtable@save=\count408
\c@lotdepth=\count409
\sf@top=\skip78
\sf@bottom=\skip79
)
(/usr/share/texlive/texmf-dist/tex/latex/parskip/parskip.sty
Package: parskip 2021-03-14 v2.0h non-zero parskip adjustments
)
(/usr/share/texlive/texmf-dist/tex/latex/multirow/multirow.sty
Package: multirow 2021/03/15 v2.8 Span multiple rows of a table
\multirow@colwidth=\skip80
\multirow@cntb=\count410
\multirow@dima=\skip81
\bigstrutjot=\dimen161
)
(/usr/share/texlive/texmf-dist/tex/latex/tcolorbox/tcolorbox.sty
Package: tcolorbox 2024/01/10 version 6.2.0 text color boxes

(/usr/share/texlive/texmf-dist/tex/latex/pgf/basiclayer/pgf.sty
(/usr/share/texlive/texmf-dist/tex/latex/pgf/utilities/pgfrcs.sty
(/usr/share/texlive/texmf-dist/tex/generic/pgf/utilities/pgfutil-common.tex
\pgfutil@everybye=\toks23
\pgfutil@tempdima=\dimen162
\pgfutil@tempdimb=\dimen163
)
(/usr/share/texlive/texmf-dist/tex/generic/pgf/utilities/pgfutil-latex.def
\pgfutil@abb=\box54
)
(/usr/share/texlive/texmf-dist/tex/generic/pgf/utilities/pgfrcs.code.tex
(/usr/share/texlive/texmf-dist/tex/generic/pgf/pgf.revision.tex)
Package: pgfrcs 2023-01-15 v3.1.10 (3.1.10)
))
Package: pgf 2023-01-15 v3.1.10 (3.1.10)

(/usr/share/texlive/texmf-dist/tex/latex/pgf/basiclayer/pgfcore.sty
(/usr/share/texlive/texmf-dist/tex/latex/pgf/systemlayer/pgfsys.sty
(/usr/share/texlive/texmf-dist/tex/generic/pgf/systemlayer/pgfsys.code.tex
Package: pgfsys 2023-01-15 v3.1.10 (3.1.10)

(/usr/share/texlive/texmf-dist/tex/generic/pgf/utilities/pgfkeys.code.tex
\pgfkeys@pathtoks=\toks24
\pgfkeys@temptoks=\toks25

(/usr/share/texlive/texmf-dist/tex/generic/pgf/utilities/pgfkeyslibraryfiltered
.code.tex
\pgfkeys@tmptoks=\toks26
))
\pgf@x=\dimen164
\pgf@y=\dimen165
\pgf@xa=\dimen166
\pgf@ya=\dimen167
\pgf@xb=\dimen168
\pgf@yb=\dimen169
\pgf@xc=\dimen170
\pgf@yc=\dimen171
\pgf@xd=\dimen172
\pgf@yd=\dimen173
\w@pgf@writea=\write4
\r@pgf@reada=\read3
\c@pgf@counta=\count411
\c@pgf@countb=\count412
\c@pgf@countc=\count413
\c@pgf@countd=\count414
\t@pgf@toka=\toks27
\t@pgf@tokb=\toks28
\t@pgf@tokc=\toks29
\pgf@sys@id@count=\count415
 (/usr/share/texlive/texmf-dist/tex/generic/pgf/systemlayer/pgf.cfg
File: pgf.cfg 2023-01-15 v3.1.10 (3.1.10)
)
Driver file for pgf: pgfsys-pdftex.def
(/usr/share/texlive/texmf-dist/tex/generic/pgf/systemlayer/pgfsys-pdftex.def
File: pgfsys-pdftex.def 2023-01-15 v3.1.10 (3.1.10)

(/usr/share/texlive/texmf-dist/tex/generic/pgf/systemlayer/pgfsys-common-pdf.de
f
File: pgfsys-common-pdf.def 2023-01-15 v3.1.10 (3.1.10)
)))
(/usr/share/texlive/texmf-dist/tex/generic/pgf/systemlayer/pgfsyssoftpath.code.
tex
File: pgfsyssoftpath.code.tex 2023-01-15 v3.1.10 (3.1.10)
\pgfsyssoftpath@smallbuffer@items=\count416
\pgfsyssoftpath@bigbuffer@items=\count417
)
(/usr/share/texlive/texmf-dist/tex/generic/pgf/systemlayer/pgfsysprotocol.code.
tex
File: pgfsysprotocol.code.tex 2023-01-15 v3.1.10 (3.1.10)
)) (/usr/share/texlive/texmf-dist/tex/latex/xcolor/xcolor.sty
Package: xcolor 2023/11/15 v3.01 LaTeX color extensions (UK)

(/usr/share/texlive/texmf-dist/tex/latex/graphics-cfg/color.cfg
File: color.cfg 2016/01/02 v1.6 sample color configuration
)
Package xcolor Info: Driver file: pdftex.def on input line 274.

(/usr/share/texlive/texmf-dist/tex/latex/graphics/mathcolor.ltx)
Package xcolor Info: Model `cmy' substituted by `cmy0' on input line 1350.
Package xcolor Info: Model `hsb' substituted by `rgb' on input line 1354.
Package xcolor Info: Model `RGB' extended on input line 1366.
Package xcolor Info: Model `HTML' substituted by `rgb' on input line 1368.
Package xcolor Info: Model `Hsb' substituted by `hsb' on input line 1369.
Package xcolor Info: Model `tHsb' substituted by `hsb' on input line 1370.
Package xcolor Info: Model `HSB' substituted by `hsb' on input line 1371.
Package xcolor Info: Model `Gray' substituted by `gray' on input line 1372.
Package xcolor Info: Model `wave' substituted by `hsb' on input line 1373.
)
(/usr/share/texlive/texmf-dist/tex/generic/pgf/basiclayer/pgfcore.code.tex
Package: pgfcore 2023-01-15 v3.1.10 (3.1.10)

(/usr/share/texlive/texmf-dist/tex/generic/pgf/math/pgfmath.code.tex
(/usr/share/texlive/texmf-dist/tex/generic/pgf/math/pgfmathutil.code.tex)
(/usr/share/texlive/texmf-dist/tex/generic/pgf/math/pgfmathparser.code.tex
\pgfmath@dimen=\dimen174
\pgfmath@count=\count418
\pgfmath@box=\box55
\pgfmath@toks=\toks30
\pgfmath@stack@operand=\toks31
\pgfmath@stack@operation=\toks32
)
(/usr/share/texlive/texmf-dist/tex/generic/pgf/math/pgfmathfunctions.code.tex)
(/usr/share/texlive/texmf-dist/tex/generic/pgf/math/pgfmathfunctions.basic.code
.tex)
(/usr/share/texlive/texmf-dist/tex/generic/pgf/math/pgfmathfunctions.trigonomet
ric.code.tex)
(/usr/share/texlive/texmf-dist/tex/generic/pgf/math/pgfmathfunctions.random.cod
e.tex)
(/usr/share/texlive/texmf-dist/tex/generic/pgf/math/pgfmathfunctions.comparison
.code.tex)
(/usr/share/texlive/texmf-dist/tex/generic/pgf/math/pgfmathfunctions.base.code.
tex)
(/usr/share/texlive/texmf-dist/tex/generic/pgf/math/pgfmathfunctions.round.code
.tex)
(/usr/share/texlive/texmf-dist/tex/generic/pgf/math/pgfmathfunctions.misc.code.
tex)
(/usr/share/texlive/texmf-dist/tex/generic/pgf/math/pgfmathfunctions.integerari
thmetics.code.tex)
(/usr/share/texlive/texmf-dist/tex/generic/pgf/math/pgfmathcalc.code.tex)
(/usr/share/texlive/texmf-dist/tex/generic/pgf/math/pgfmathfloat.code.tex
\c@pgfmathroundto@lastzeros=\count419
))
(/usr/share/texlive/texmf-dist/tex/generic/pgf/math/pgfint.code.tex)
(/usr/share/texlive/texmf-dist/tex/generic/pgf/basiclayer/pgfcorepoints.code.te
x
File: pgfcorepoints.code.tex 2023-01-15 v3.1.10 (3.1.10)
\pgf@picminx=\dimen175
\pgf@picmaxx=\dimen176
\pgf@picminy=\dimen177
\pgf@picmaxy=\dimen178
\pgf@pathminx=\dimen179
\pgf@pathmaxx=\dimen180
\pgf@pathminy=\dimen181
\pgf@pathmaxy=\dimen182
\pgf@xx=\dimen183
\pgf@xy=\dimen184
\pgf@yx=\dimen185
\pgf@yy=\dimen186
\pgf@zx=\dimen187
\pgf@zy=\dimen188
)
(/usr/share/texlive/texmf-dist/tex/generic/pgf/basiclayer/pgfcorepathconstruct.
code.tex
File: pgfcorepathconstruct.code.tex 2023-01-15 v3.1.10 (3.1.10)
\pgf@path@lastx=\dimen189
\pgf@path@lasty=\dimen190
)
(/usr/share/texlive/texmf-dist/tex/generic/pgf/basiclayer/pgfcorepathusage.code
.tex
File: pgfcorepathusage.code.tex 2023-01-15 v3.1.10 (3.1.10)
\pgf@shorten@end@additional=\dimen191
\pgf@shorten@start@additional=\dimen192
)
(/usr/share/texlive/texmf-dist/tex/generic/pgf/basiclayer/pgfcorescopes.code.te
x
File: pgfcorescopes.code.tex 2023-01-15 v3.1.10 (3.1.10)
\pgfpic=\box56
\pgf@hbox=\box57
\pgf@layerbox@main=\box58
\pgf@picture@serial@count=\count420
)
(/usr/share/texlive/texmf-dist/tex/generic/pgf/basiclayer/pgfcoregraphicstate.c
ode.tex
File: pgfcoregraphicstate.code.tex 2023-01-15 v3.1.10 (3.1.10)
\pgflinewidth=\dimen193
)
(/usr/share/texlive/texmf-dist/tex/generic/pgf/basiclayer/pgfcoretransformation
s.code.tex
File: pgfcoretransformations.code.tex 2023-01-15 v3.1.10 (3.1.10)
\pgf@pt@x=\dimen194
\pgf@pt@y=\dimen195
\pgf@pt@temp=\dimen196
)
(/usr/share/texlive/texmf-dist/tex/generic/pgf/basiclayer/pgfcorequick.code.tex
File: pgfcorequick.code.tex 2023-01-15 v3.1.10 (3.1.10)
)
(/usr/share/texlive/texmf-dist/tex/generic/pgf/basiclayer/pgfcoreobjects.code.t
ex
File: pgfcoreobjects.code.tex 2023-01-15 v3.1.10 (3.1.10)
)
(/usr/share/texlive/texmf-dist/tex/generic/pgf/basiclayer/pgfcorepathprocessing
.code.tex
File: pgfcorepathprocessing.code.tex 2023-01-15 v3.1.10 (3.1.10)
)
(/usr/share/texlive/texmf-dist/tex/generic/pgf/basiclayer/pgfcorearrows.code.te
x
File: pgfcorearrows.code.tex 2023-01-15 v3.1.10 (3.1.10)
\pgfarrowsep=\dimen197
)
(/usr/share/texlive/texmf-dist/tex/generic/pgf/basiclayer/pgfcoreshade.code.tex
File: pgfcoreshade.code.tex 2023-01-15 v3.1.10 (3.1.10)
\pgf@max=\dimen198
\pgf@sys@shading@range@num=\count421
\pgf@shadingcount=\count422
)
(/usr/share/texlive/texmf-dist/tex/generic/pgf/basiclayer/pgfcoreimage.code.tex
File: pgfcoreimage.code.tex 2023-01-15 v3.1.10 (3.1.10)
)
(/usr/share/texlive/texmf-dist/tex/generic/pgf/basiclayer/pgfcoreexternal.code.
tex
File: pgfcoreexternal.code.tex 2023-01-15 v3.1.10 (3.1.10)
\pgfexternal@startupbox=\box59
)
(/usr/share/texlive/texmf-dist/tex/generic/pgf/basiclayer/pgfcorelayers.code.te
x
File: pgfcorelayers.code.tex 2023-01-15 v3.1.10 (3.1.10)
)
(/usr/share/texlive/texmf-dist/tex/generic/pgf/basiclayer/pgfcoretransparency.c
ode.tex
File: pgfcoretransparency.code.tex 2023-01-15 v3.1.10 (3.1.10)
)
(/usr/share/texlive/texmf-dist/tex/generic/pgf/basiclayer/pgfcorepatterns.code.
tex
File: pgfcorepatterns.code.tex 2023-01-15 v3.1.10 (3.1.10)
)
(/usr/share/texlive/texmf-dist/tex/generic/pgf/basiclayer/pgfcorerdf.code.tex
File: pgfcorerdf.code.tex 2023-01-15 v3.1.10 (3.1.10)
)))
(/usr/share/texlive/texmf-dist/tex/generic/pgf/modules/pgfmoduleshapes.code.tex
File: pgfmoduleshapes.code.tex 2023-01-15 v3.1.10 (3.1.10)
\pgfnodeparttextbox=\box60
) (/usr/share/texlive/texmf-dist/tex/generic/pgf/modules/pgfmoduleplot.code.tex
File: pgfmoduleplot.code.tex 2023-01-15 v3.1.10 (3.1.10)
)
(/usr/share/texlive/texmf-dist/tex/latex/pgf/compatibility/pgfcomp-version-0-65
.sty
Package: pgfcomp-version-0-65 2023-01-15 v3.1.10 (3.1.10)
\pgf@nodesepstart=\dimen199
\pgf@nodesepend=\dimen256
)
(/usr/share/texlive/texmf-dist/tex/latex/pgf/compatibility/pgfcomp-version-1-18
.sty
Package: pgfcomp-version-1-18 2023-01-15 v3.1.10 (3.1.10)
)) (/usr/share/texlive/texmf-dist/tex/latex/tools/verbatim.sty
Package: verbatim 2023-11-06 v1.5v LaTeX2e package for verbatim enhancements
\every@verbatim=\toks33
\verbatim@line=\toks34
\verbatim@in@stream=\read4
)
(/usr/share/texlive/texmf-dist/tex/latex/environ/environ.sty
Package: environ 2014/05/04 v0.3 A new way to define environments

(/usr/share/texlive/texmf-dist/tex/latex/trimspaces/trimspaces.sty
Package: trimspaces 2009/09/17 v1.1 Trim spaces around a token list
))
\tcb@titlebox=\box61
\tcb@upperbox=\box62
\tcb@lowerbox=\box63
\tcb@phantombox=\box64
\c@tcbbreakpart=\count423
\c@tcblayer=\count424
\c@tcolorbox@number=\count425
\l__tcobox_tmpa_box=\box65
\l__tcobox_tmpa_dim=\dimen257
\tcb@temp=\box66
\tcb@temp=\box67
\tcb@temp=\box68
\tcb@temp=\box69

(/usr/share/texlive/texmf-dist/tex/latex/tcolorbox/tcbraster.code.tex
Library (tcolorbox): 'tcbraster.code.tex' version '6.2.0'
\c@tcbrastercolumn=\count426
\c@tcbrasterrow=\count427
\c@tcbrasternum=\count428
\c@tcbraster=\count429
) (/usr/share/texlive/texmf-dist/tex/latex/tcolorbox/tcbskins.code.tex
Library (tcolorbox): 'tcbskins.code.tex' version '6.2.0'
(/usr/share/texlive/texmf-dist/tex/latex/pgf/frontendlayer/tikz.sty
(/usr/share/texlive/texmf-dist/tex/latex/pgf/utilities/pgffor.sty
(/usr/share/texlive/texmf-dist/tex/latex/pgf/utilities/pgfkeys.sty
(/usr/share/texlive/texmf-dist/tex/generic/pgf/utilities/pgfkeys.code.tex))
(/usr/share/texlive/texmf-dist/tex/latex/pgf/math/pgfmath.sty
(/usr/share/texlive/texmf-dist/tex/generic/pgf/math/pgfmath.code.tex))
(/usr/share/texlive/texmf-dist/tex/generic/pgf/utilities/pgffor.code.tex
Package: pgffor 2023-01-15 v3.1.10 (3.1.10)
\pgffor@iter=\dimen258
\pgffor@skip=\dimen259
\pgffor@stack=\toks35
\pgffor@toks=\toks36
))
(/usr/share/texlive/texmf-dist/tex/generic/pgf/frontendlayer/tikz/tikz.code.tex
Package: tikz 2023-01-15 v3.1.10 (3.1.10)

(/usr/share/texlive/texmf-dist/tex/generic/pgf/libraries/pgflibraryplothandlers
.code.tex
File: pgflibraryplothandlers.code.tex 2023-01-15 v3.1.10 (3.1.10)
\pgf@plot@mark@count=\count430
\pgfplotmarksize=\dimen260
)
\tikz@lastx=\dimen261
\tikz@lasty=\dimen262
\tikz@lastxsaved=\dimen263
\tikz@lastysaved=\dimen264
\tikz@lastmovetox=\dimen265
\tikz@lastmovetoy=\dimen266
\tikzleveldistance=\dimen267
\tikzsiblingdistance=\dimen268
\tikz@figbox=\box70
\tikz@figbox@bg=\box71
\tikz@tempbox=\box72
\tikz@tempbox@bg=\box73
\tikztreelevel=\count431
\tikznumberofchildren=\count432
\tikznumberofcurrentchild=\count433
\tikz@fig@count=\count434

(/usr/share/texlive/texmf-dist/tex/generic/pgf/modules/pgfmodulematrix.code.tex
File: pgfmodulematrix.code.tex 2023-01-15 v3.1.10 (3.1.10)
\pgfmatrixcurrentrow=\count435
\pgfmatrixcurrentcolumn=\count436
\pgf@matrix@numberofcolumns=\count437
)
\tikz@expandcount=\count438

(/usr/share/texlive/texmf-dist/tex/generic/pgf/frontendlayer/tikz/libraries/tik
zlibrarytopaths.code.tex
File: tikzlibrarytopaths.code.tex 2023-01-15 v3.1.10 (3.1.10)
)))
(/usr/share/texlive/texmf-dist/tex/latex/tikzfill/tikzfill.image.sty
Package: tikzfill.image 2023/08/08 v1.0.1 Image filling library for TikZ

(/usr/share/texlive/texmf-dist/tex/latex/tikzfill/tikzfill-common.sty
Package: tikzfill-common 2023/08/08 v1.0.1 Auxiliary code for tikzfill
)
(/usr/share/texlive/texmf-dist/tex/latex/tikzfill/tikzlibraryfill.image.code.te
x
File: tikzlibraryfill.image.code.tex 2023/08/08 v1.0.1 Image filling library
\l__tikzfill_img_box=\box74
)) (/usr/share/texlive/texmf-dist/tex/latex/tcolorbox/tcbskinsjigsaw.code.tex
Library (tcolorbox): 'tcbskinsjigsaw.code.tex' version '6.2.0'
)) (/usr/share/texlive/texmf-dist/tex/latex/tcolorbox/tcbbreakable.code.tex
Library (tcolorbox): 'tcbbreakable.code.tex' version '6.2.0'
(/usr/share/texlive/texmf-dist/tex/latex/pdfcol/pdfcol.sty
Package: pdfcol 2022-09-21 v1.7 Handle new color stacks for pdfTeX (HO)
)
Package pdfcol Info: New color stack `tcb@breakable' = 1 on input line 23.
\tcb@testbox=\box75
\tcb@totalupperbox=\box76
\tcb@totallowerbox=\box77
)
(/usr/share/texlive/texmf-dist/tex/latex/tcolorbox/tcbhooks.code.tex
Library (tcolorbox): 'tcbhooks.code.tex' version '6.2.0'
) (/usr/share/texlive/texmf-dist/tex/latex/tcolorbox/tcbtheorems.code.tex
Library (tcolorbox): 'tcbtheorems.code.tex' version '6.2.0'
) (/usr/share/texlive/texmf-dist/tex/latex/tcolorbox/tcbfitting.code.tex
Library (tcolorbox): 'tcbfitting.code.tex' version '6.2.0'
\tcbfitdim=\dimen269
\tcb@lowerfitdim=\dimen270
\tcb@upperfitdim=\dimen271
\tcb@cur@hbadness=\count439
) (/usr/share/texlive/texmf-dist/tex/latex/tcolorbox/tcblistingsutf8.code.tex
Library (tcolorbox): 'tcblistingsutf8.code.tex' version '6.2.0'
(/usr/share/texlive/texmf-dist/tex/latex/tcolorbox/tcblistings.code.tex
Library (tcolorbox): 'tcblistings.code.tex' version '6.2.0'
(/usr/share/texlive/texmf-dist/tex/latex/listings/listings.sty
\lst@mode=\count440
\lst@gtempboxa=\box78
\lst@token=\toks37
\lst@length=\count441
\lst@currlwidth=\dimen272
\lst@column=\count442
\lst@pos=\count443
\lst@lostspace=\dimen273
\lst@width=\dimen274
\lst@newlines=\count444
\lst@lineno=\count445
\lst@maxwidth=\dimen275

(/usr/share/texlive/texmf-dist/tex/latex/listings/lstmisc.sty
File: lstmisc.sty 2023/02/27 1.9 (Carsten Heinz)
\c@lstnumber=\count446
\lst@skipnumbers=\count447
\lst@framebox=\box79
)
(/usr/share/texlive/texmf-dist/tex/latex/listings/listings.cfg
File: listings.cfg 2023/02/27 1.9 listings configuration
))
Package: listings 2023/02/27 1.9 (Carsten Heinz)

(/usr/share/texlive/texmf-dist/tex/latex/tcolorbox/tcblistingscore.code.tex
Library (tcolorbox): 'tcblistingscore.code.tex' version '6.2.0'
(/usr/share/texlive/texmf-dist/tex/latex/tcolorbox/tcbprocessing.code.tex
Library (tcolorbox): 'tcbprocessing.code.tex' version '6.2.0'
)
\c@tcblisting=\count448
)) (/usr/share/texlive/texmf-dist/tex/latex/listingsutf8/listingsutf8.sty
Package: listingsutf8 2019-12-10 v1.5 Allow UTF-8 in listings input (HO)

(/usr/share/texlive/texmf-dist/tex/generic/stringenc/stringenc.sty
Package: stringenc 2019/11/29 v1.12 Convert strings between diff. encodings (HO
)

(/usr/share/texlive/texmf-dist/tex/generic/pdfescape/pdfescape.sty
Package: pdfescape 2019/12/09 v1.15 Implements pdfTeX's escape features (HO)
))))
(/usr/share/texlive/texmf-dist/tex/latex/tcolorbox/tcbexternal.code.tex
Library (tcolorbox): 'tcbexternal.code.tex' version '6.2.0'
) (/usr/share/texlive/texmf-dist/tex/latex/tcolorbox/tcbmagazine.code.tex
Library (tcolorbox): 'tcbmagazine.code.tex' version '6.2.0'
) (/usr/share/texlive/texmf-dist/tex/latex/tcolorbox/tcbvignette.code.tex
Library (tcolorbox): 'tcbvignette.code.tex' version '6.2.0'

(/usr/share/texlive/texmf-dist/tex/generic/pgf/frontendlayer/tikz/libraries/tik
zlibraryfadings.code.tex
File: tikzlibraryfadings.code.tex 2023-01-15 v3.1.10 (3.1.10)

(/usr/share/texlive/texmf-dist/tex/generic/pgf/libraries/pgflibraryfadings.code
.tex
File: pgflibraryfadings.code.tex 2023-01-15 v3.1.10 (3.1.10)
))) (/usr/share/texlive/texmf-dist/tex/latex/tcolorbox/tcbposter.code.tex
Library (tcolorbox): 'tcbposter.code.tex' version '6.2.0'
)) (/usr/share/texlive/texmf-dist/tex/latex/hyperref/hyperref.sty
Package: hyperref 2024-01-20 v7.01h Hypertext links for LaTeX

(/usr/share/texlive/texmf-dist/tex/generic/kvdefinekeys/kvdefinekeys.sty
Package: kvdefinekeys 2019-12-19 v1.6 Define keys (HO)
)
(/usr/share/texlive/texmf-dist/tex/latex/hycolor/hycolor.sty
Package: hycolor 2020-01-27 v1.10 Color options for hyperref/bookmark (HO)
)
(/usr/share/texlive/texmf-dist/tex/latex/auxhook/auxhook.sty
Package: auxhook 2019-12-17 v1.6 Hooks for auxiliary files (HO)
)
(/usr/share/texlive/texmf-dist/tex/latex/hyperref/nameref.sty
Package: nameref 2023-11-26 v2.56 Cross-referencing by name of section

(/usr/share/texlive/texmf-dist/tex/latex/refcount/refcount.sty
Package: refcount 2019/12/15 v3.6 Data extraction from label references (HO)
)
(/usr/share/texlive/texmf-dist/tex/generic/gettitlestring/gettitlestring.sty
Package: gettitlestring 2019/12/15 v1.6 Cleanup title references (HO)
)
\c@section@level=\count449
)
\@linkdim=\dimen276
\Hy@linkcounter=\count450
\Hy@pagecounter=\count451

(/usr/share/texlive/texmf-dist/tex/latex/hyperref/pd1enc.def
File: pd1enc.def 2024-01-20 v7.01h Hyperref: PDFDocEncoding definition (HO)
Now handling font encoding PD1 ...
... no UTF-8 mapping file for font encoding PD1
)
(/usr/share/texlive/texmf-dist/tex/generic/intcalc/intcalc.sty
Package: intcalc 2019/12/15 v1.3 Expandable calculations with integers (HO)
)
\Hy@SavedSpaceFactor=\count452

(/usr/share/texlive/texmf-dist/tex/latex/hyperref/puenc.def
File: puenc.def 2024-01-20 v7.01h Hyperref: PDF Unicode definition (HO)
Now handling font encoding PU ...
... no UTF-8 mapping file for font encoding PU
)
Package hyperref Info: Hyper figures OFF on input line 4179.
Package hyperref Info: Link nesting OFF on input line 4184.
Package hyperref Info: Hyper index ON on input line 4187.
Package hyperref Info: Plain pages OFF on input line 4194.
Package hyperref Info: Backreferencing OFF on input line 4199.
Package hyperref Info: Implicit mode ON; LaTeX internals redefined.
Package hyperref Info: Bookmarks ON on input line 4446.
\c@Hy@tempcnt=\count453
LaTeX Info: Redefining \url on input line 4784.
\XeTeXLinkMargin=\dimen277

(/usr/share/texlive/texmf-dist/tex/generic/bitset/bitset.sty
Package: bitset 2019/12/09 v1.3 Handle bit-vector datatype (HO)

(/usr/share/texlive/texmf-dist/tex/generic/bigintcalc/bigintcalc.sty
Package: bigintcalc 2019/12/15 v1.5 Expandable calculations on big integers (HO
)
))
\Fld@menulength=\count454
\Field@Width=\dimen278
\Fld@charsize=\dimen279
Package hyperref Info: Hyper figures OFF on input line 6063.
Package hyperref Info: Link nesting OFF on input line 6068.
Package hyperref Info: Hyper index ON on input line 6071.
Package hyperref Info: backreferencing OFF on input line 6078.
Package hyperref Info: Link coloring OFF on input line 6083.
Package hyperref Info: Link coloring with OCG OFF on input line 6088.
Package hyperref Info: PDF/A mode OFF on input line 6093.

(/usr/share/texlive/texmf-dist/tex/latex/base/atbegshi-ltx.sty
Package: atbegshi-ltx 2021/01/10 v1.0c Emulation of the original atbegshi
package with kernel methods
)
\Hy@abspage=\count455
\c@Item=\count456
\c@Hfootnote=\count457
)
Package hyperref Info: Driver (autodetected): hpdftex.

(/usr/share/texlive/texmf-dist/tex/latex/hyperref/hpdftex.def
File: hpdftex.def 2024-01-20 v7.01h Hyperref driver for pdfTeX

(/usr/share/texlive/texmf-dist/tex/latex/base/atveryend-ltx.sty
Package: atveryend-ltx 2020/08/19 v1.0a Emulation of the original atveryend pac
kage
with kernel methods
)
\Fld@listcount=\count458
\c@bookmark@seq@number=\count459

(/usr/share/texlive/texmf-dist/tex/latex/rerunfilecheck/rerunfilecheck.sty
Package: rerunfilecheck 2022-07-10 v1.10 Rerun checks for auxiliary files (HO)

(/usr/share/texlive/texmf-dist/tex/generic/uniquecounter/uniquecounter.sty
Package: uniquecounter 2019/12/15 v1.4 Provide unlimited unique counter (HO)
)
Package uniquecounter Info: New unique counter `rerunfilecheck' on input line 2
85.
)
\Hy@SectionHShift=\skip82
)
(./polytechnique.sty
Package: polytechnique 2022/04/29 v1.3.10, standard scientific documents layout
 for Ecole polytechnique (Palaiseau,France).
 (/usr/share/texlive/texmf-dist/tex/latex/tools/calc.sty
Package: calc 2023/07/08 v4.3 Infix arithmetic (KKT,FJ)
\calc@Acount=\count460
\calc@Bcount=\count461
\calc@Adimen=\dimen280
\calc@Bdimen=\dimen281
\calc@Askip=\skip83
\calc@Bskip=\skip84
LaTeX Info: Redefining \setlength on input line 80.
LaTeX Info: Redefining \addtolength on input line 81.
\calc@Ccount=\count462
\calc@Cskip=\skip85
)
(/usr/share/texlive/texmf-dist/tex/latex/geometry/geometry.sty
Package: geometry 2020/01/02 v5.9 Page Geometry

(/usr/share/texlive/texmf-dist/tex/generic/iftex/ifvtex.sty
Package: ifvtex 2019/10/25 v1.7 ifvtex legacy package. Use iftex instead.
)
\Gm@cnth=\count463
\Gm@cntv=\count464
\c@Gm@tempcnt=\count465
\Gm@bindingoffset=\dimen282
\Gm@wd@mp=\dimen283
\Gm@odd@mp=\dimen284
\Gm@even@mp=\dimen285
\Gm@layoutwidth=\dimen286
\Gm@layoutheight=\dimen287
\Gm@layouthoffset=\dimen288
\Gm@layoutvoffset=\dimen289
\Gm@dimlist=\toks38
)
(/usr/share/texlive/texmf-dist/tex/generic/iftex/ifpdf.sty
Package: ifpdf 2019/10/25 v3.4 ifpdf legacy package. Use iftex instead.
)
(/usr/share/texmf/tex/latex/lm/lmodern.sty
Package: lmodern 2015/05/01 v1.6.1 Latin Modern Fonts
LaTeX Font Info:    Overwriting symbol font `operators' in version `normal'
(Font)                  OT1/cmr/m/n --> OT1/lmr/m/n on input line 22.
LaTeX Font Info:    Overwriting symbol font `letters' in version `normal'
(Font)                  OML/cmm/m/it --> OML/lmm/m/it on input line 23.
LaTeX Font Info:    Overwriting symbol font `symbols' in version `normal'
(Font)                  OMS/cmsy/m/n --> OMS/lmsy/m/n on input line 24.
LaTeX Font Info:    Overwriting symbol font `largesymbols' in version `normal'
(Font)                  OMX/cmex/m/n --> OMX/lmex/m/n on input line 25.
LaTeX Font Info:    Overwriting symbol font `operators' in version `bold'
(Font)                  OT1/cmr/bx/n --> OT1/lmr/bx/n on input line 26.
LaTeX Font Info:    Overwriting symbol font `letters' in version `bold'
(Font)                  OML/cmm/b/it --> OML/lmm/b/it on input line 27.
LaTeX Font Info:    Overwriting symbol font `symbols' in version `bold'
(Font)                  OMS/cmsy/b/n --> OMS/lmsy/b/n on input line 28.
LaTeX Font Info:    Overwriting symbol font `largesymbols' in version `bold'
(Font)                  OMX/cmex/m/n --> OMX/lmex/m/n on input line 29.
LaTeX Font Info:    Overwriting math alphabet `\mathbf' in version `normal'
(Font)                  OT1/cmr/bx/n --> OT1/lmr/bx/n on input line 31.
LaTeX Font Info:    Overwriting math alphabet `\mathsf' in version `normal'
(Font)                  OT1/cmss/m/n --> OT1/lmss/m/n on input line 32.
LaTeX Font Info:    Overwriting math alphabet `\mathit' in version `normal'
(Font)                  OT1/cmr/m/it --> OT1/lmr/m/it on input line 33.
LaTeX Font Info:    Overwriting math alphabet `\mathtt' in version `normal'
(Font)                  OT1/cmtt/m/n --> OT1/lmtt/m/n on input line 34.
LaTeX Font Info:    Overwriting math alphabet `\mathbf' in version `bold'
(Font)                  OT1/cmr/bx/n --> OT1/lmr/bx/n on input line 35.
LaTeX Font Info:    Overwriting math alphabet `\mathsf' in version `bold'
(Font)                  OT1/cmss/bx/n --> OT1/lmss/bx/n on input line 36.
LaTeX Font Info:    Overwriting math alphabet `\mathit' in version `bold'
(Font)                  OT1/cmr/bx/it --> OT1/lmr/bx/it on input line 37.
LaTeX Font Info:    Overwriting math alphabet `\mathtt' in version `bold'
(Font)                  OT1/cmtt/m/n --> OT1/lmtt/m/n on input line 38.
)
(/usr/share/texlive/texmf-dist/tex/latex/titlesec/titlesec.sty
Package: titlesec 2023/10/27 v2.16 Sectioning titles
\ttl@box=\box80
\beforetitleunit=\skip86
\aftertitleunit=\skip87
\ttl@plus=\dimen290
\ttl@minus=\dimen291
\ttl@toksa=\toks39
\titlewidth=\dimen292
\titlewidthlast=\dimen293
\titlewidthfirst=\dimen294

(/usr/share/texlive/texmf-dist/tex/latex/titlesec/titleps.sty))
\margehaut=\skip88
\hauteurentete=\skip89
\separationentete=\skip90
\margecote=\skip91
\margecoteinterieur=\skip92
\margecoteexterieur=\skip93
\margebas=\skip94
\separationpied=\skip95
\hauteurlogohori=\skip96
\separationtitre=\skip97
\epaisseurtrait=\skip98
\separationlignestitre=\skip99
\separationtitrecorps=\skip100
\hauteurlogopage=\skip101
\separationentetelogo=\skip102
\largeurfiletpiedcentre=\skip103
\largeurlogovert=\skip104
\hauteurlogovert=\skip105
\largeurlogohori=\skip106
\distancetitrelogo=\skip107
\separationlogotrait=\skip108
\largeurminipage=\skip109
\distancetitrecorps=\skip110
\largeurtitreentete=\skip111
\decalageverticalentete=\skip112
)
(/usr/share/texlive/texmf-dist/tex/generic/babel/babel.sty
Package: babel 2024/01/07 v24.1 The Babel package
\babel@savecnt=\count466
\U@D=\dimen295
\l@unhyphenated=\language90

(/usr/share/texlive/texmf-dist/tex/generic/babel/txtbabel.def)
\bbl@readstream=\read5
\bbl@dirlevel=\count467

(/usr/share/texlive/texmf-dist/tex/generic/babel-french/french.ldf
Language: french 2023-12-19 v3.5r French support from the babel system
Package babel Info: Hyphen rules for 'acadian' set to \l@french
(babel)             (\language33). Reported on input line 91.
Package babel Info: Hyphen rules for 'canadien' set to \l@french
(babel)             (\language33). Reported on input line 92.
\FB@stdchar=\count468
Package babel Info: Making : an active character on input line 420.
Package babel Info: Making ; an active character on input line 421.
Package babel Info: Making ! an active character on input line 422.
Package babel Info: Making ? an active character on input line 423.
\FBguill@level=\count469
\FBold@everypar=\toks40
\FB@Mht=\dimen296
\mc@charclass=\count470
\mc@charfam=\count471
\mc@charslot=\count472
\std@mcc=\count473
\dec@mcc=\count474
\FB@parskip=\dimen297
\listindentFB=\dimen298
\descindentFB=\dimen299
\labelindentFB=\dimen300
\labelwidthFB=\dimen301
\leftmarginFB=\dimen302
\parindentFFN=\dimen303
\FBfnindent=\dimen304
))
(/usr/share/texlive/texmf-dist/tex/generic/babel/locale/fr/babel-french.tex
Package babel Info: Importing font and identification data for french
(babel)             from babel-fr.ini. Reported on input line 11.
)
(/usr/share/texlive/texmf-dist/tex/latex/carlisle/scalefnt.sty)
(/usr/share/texlive/texmf-dist/tex/latex/base/fontenc.sty
Package: fontenc 2021/04/29 v2.0v Standard LaTeX package
LaTeX Font Info:    Trying to load font information for T1+lmr on input line 11
2.

(/usr/share/texmf/tex/latex/lm/t1lmr.fd
File: t1lmr.fd 2015/05/01 v1.6.1 Font defs for Latin Modern
))
(/usr/share/texlive/texmf-dist/tex/latex/blindtext/blindtext.sty
Package: blindtext 2012/01/06 V2.0 blindtext-Package

(/usr/share/texlive/texmf-dist/tex/latex/tools/xspace.sty
Package: xspace 2014/10/28 v1.13 Space after command names (DPC,MH)
)
\c@blindtext=\count475
\c@Blindtext=\count476
\c@blind@countparstart=\count477
\blind@countxx=\count478
\blindtext@numBlindtext=\count479
\blind@countyy=\count480
\c@blindlist=\count481
\c@blindlistlevel=\count482
\c@blindlist@level=\count483
\blind@listitem=\count484
\c@blind@listcount=\count485
\c@blind@levelcount=\count486
\blind@mathformula=\count487
\blind@Mathformula=\count488
\c@blind@randomcount=\count489
\c@blind@randommax=\count490
\c@blind@pangramcount=\count491
\c@blind@pangrammax=\count492
)

! LaTeX Error: Option clash for package hyperref.

See the LaTeX manual or LaTeX Companion for explanation.
Type  H <return>  for immediate help.
 ...                                              
                                                  
l.38 
     
The package hyperref has already been loaded with options:
  []
There has now been an attempt to load it with options
  [hidelinks]
Adding the global options:
  ,hidelinks
to your \documentclass declaration may fix this.
Try typing  <return>  to proceed.

(/usr/share/texlive/texmf-dist/tex/latex/listings/lstlang1.sty
File: lstlang1.sty 2023/02/27 1.9 listings language file
)

! LaTeX Error: Missing \begin{document}.

See the LaTeX manual or LaTeX Companion for explanation.
Type  H <return>  for immediate help.
 ...                                              
                                                  
l.86 \begin{figure*}[b]
                       
You're in trouble here.  Try typing  <return>  to proceed.
If that doesn't work, type  X <return>  to quit.

! Undefined control sequence.
\set@color ...\@pdfcolorstack push{\current@color 
                                                  }\aftergroup \reset@color 
l.86 \begin{figure*}[b]
                       
The control sequence at the end of the top line
of your error message was never \def'ed. If you have
misspelled it (e.g., `\hobx'), type `I' and the correct
spelling (e.g., `I\hbox'). Otherwise just continue,
and I'll forget about whatever was undefined.


LaTeX Warning: File `figures/umdlogo.jpg' not found on input line 87.


! Package pdftex.def Error: File `figures/umdlogo.jpg' not found: using draft s
etting.

See the pdftex.def package documentation for explanation.
Type  H <return>  for immediate help.
 ...                                              
                                                  
l.87 ...[width=0.4\linewidth]{figures/umdlogo.jpg}
                                                  
Try typing  <return>  to proceed.
If that doesn't work, type  X <return>  to quit.

LaTeX Font Info:    Trying to load font information for T1+lmtt on input line 8
7.
(/usr/share/texmf/tex/latex/lm/t1lmtt.fd
File: t1lmtt.fd 2015/05/01 v1.6.1 Font defs for Latin Modern
)

! LaTeX Error: \begin{figure*} on input line 86 ended by \end{figure}.

See the LaTeX manual or LaTeX Companion for explanation.
Type  H <return>  for immediate help.
 ...                                              
                                                  
l.89 \end{figure}
                 
Your command was ignored.
Type  I <command> <return>  to replace it with another command,
or  <return>  to continue without it.


Package biblatex Warning: 'babel/polyglossia' detected but 'csquotes' missing.
(biblatex)                Loading 'csquotes' recommended.

\@quotelevel=\count493
\@quotereset=\count494
(./report_part1.aux)
\openout1 = `report_part1.aux'.

LaTeX Font Info:    Checking defaults for OML/cmm/m/it on input line 94.
LaTeX Font Info:    ... okay on input line 94.
LaTeX Font Info:    Checking defaults for OMS/cmsy/m/n on input line 94.
LaTeX Font Info:    ... okay on input line 94.
LaTeX Font Info:    Checking defaults for OT1/cmr/m/n on input line 94.
LaTeX Font Info:    ... okay on input line 94.
LaTeX Font Info:    Checking defaults for T1/cmr/m/n on input line 94.
LaTeX Font Info:    ... okay on input line 94.
LaTeX Font Info:    Checking defaults for TS1/cmr/m/n on input line 94.
LaTeX Font Info:    ... okay on input line 94.
LaTeX Font Info:    Checking defaults for OMX/cmex/m/n on input line 94.
LaTeX Font Info:    ... okay on input line 94.
LaTeX Font Info:    Checking defaults for U/cmr/m/n on input line 94.
LaTeX Font Info:    ... okay on input line 94.
LaTeX Font Info:    Checking defaults for PD1/pdf/m/n on input line 94.
LaTeX Font Info:    ... okay on input line 94.
LaTeX Font Info:    Checking defaults for PU/pdf/m/n on input line 94.
LaTeX Font Info:    ... okay on input line 94.

(/usr/share/texlive/texmf-dist/tex/context/base/mkii/supp-pdf.mkii
[Loading MPS to PDF converter (version 2006.09.02).]
\scratchcounter=\count495
\scratchdimen=\dimen305
\scratchbox=\box81
\nofMPsegments=\count496
\nofMParguments=\count497
\everyMPshowfont=\toks41
\MPscratchCnt=\count498
\MPscratchDim=\dimen306
\MPnumerator=\count499
\makeMPintoPDFobject=\count500
\everyMPtoPDFconversion=\toks42
) (/usr/share/texlive/texmf-dist/tex/latex/epstopdf-pkg/epstopdf-base.sty
Package: epstopdf-base 2020-01-24 v2.11 Base part for package epstopdf
Package epstopdf-base Info: Redefining graphics rule for `.eps' on input line 4
85.

(/usr/share/texlive/texmf-dist/tex/latex/latexconfig/epstopdf-sys.cfg
File: epstopdf-sys.cfg 2010/07/13 v1.3 Configuration of (r)epstopdf for TeX Liv
e
))
Package biblatex Info: Trying to load language 'french'...
Package biblatex Info: ... file 'french.lbx' found.

(/usr/share/texlive/texmf-dist/tex/latex/biblatex/lbx/french.lbx
File: french.lbx 2023/03/05 v3.19 biblatex localization (PK/MW)
)
Package biblatex Info: Input encoding 'utf8' detected.
Package biblatex Info: Automatic encoding selection.
(biblatex)             Assuming data encoding 'utf8'.
\openout3 = `report_part1.bcf'.

Package biblatex Info: Trying to load bibliographic data...
Package biblatex Info: ... file 'report_part1.bbl' not found.

No file report_part1.bbl.
Package biblatex Info: Reference section=0 on input line 94.
Package biblatex Info: Reference segment=0 on input line 94.
Package caption Info: Begin \AtBeginDocument code.
Package caption Info: french babel package is loaded.
Package caption Info: subfig package v1.3 is loaded.
Package caption Info: hyperref package is loaded.
Package caption Info: listings package is loaded.
Package caption Info: End \AtBeginDocument code.
\c@lstlisting=\count501
(/usr/share/texlive/texmf-dist/tex/latex/base/inputenc.sty
Package: inputenc 2021/02/14 v1.3d Input encoding file
\inpenc@prehook=\toks43
\inpenc@posthook=\toks44
)
Package hyperref Info: Link coloring OFF on input line 94.
 (./report_part1.out) (./report_part1.out)
\@outlinefile=\write5
\openout5 = `report_part1.out'.


*geometry* driver: auto-detecting
*geometry* detected driver: pdftex
*geometry* verbose mode - [ preamble ] result:
* driver: pdftex
* paper: a4paper
* layout: <same size as paper>
* layoutoffset:(h,v)=(0.0pt,0.0pt)
* modes: 
* h-part:(L,W,R)=(56.9055pt, 483.69687pt, 56.9055pt)
* v-part:(T,H,B)=(113.81102pt, 631.65118pt, 99.58464pt)
* \paperwidth=597.50787pt
* \paperheight=845.04684pt
* \textwidth=483.69687pt
* \textheight=631.65118pt
* \oddsidemargin=-15.36449pt
* \evensidemargin=-15.36449pt
* \topmargin=-69.4247pt
* \headheight=76.82243pt
* \headsep=34.1433pt
* \topskip=10.0pt
* \footskip=49.79231pt
* \marginparwidth=57.0pt
* \marginparsep=11.0pt
* \columnsep=10.0pt
* \skip\footins=9.0pt plus 4.0pt minus 2.0pt
* \hoffset=0.0pt
* \voffset=0.0pt
* \mag=1000
* \@twocolumnfalse
* \@twosidefalse
* \@mparswitchfalse
* \@reversemarginfalse
* (1in=72.27pt=25.4mm, 1cm=28.453pt)

LaTeX Info: Redefining \degres on input line 94.

Package french.ldf Warning: Please load the "listings" package
(french.ldf)                AFTER babel/french; reported on input line 94.

LaTeX Info: Redefining \up on input line 94.
<polytechnique-armes.pdf, id=289, 195.20929pt x 257.65259pt>
File: polytechnique-armes.pdf Graphic file (type pdf)
<use polytechnique-armes.pdf>
Package pdftex.def Info: polytechnique-armes.pdf  used on input line 95.
(pdftex.def)             Requested size: 268.93037pt x 354.92172pt.
LaTeX Font Info:    Trying to load font information for T1+lmss on input line 9
5.
(/usr/share/texmf/tex/latex/lm/t1lmss.fd
File: t1lmss.fd 2015/05/01 v1.6.1 Font defs for Latin Modern
)
LaTeX Info: Redefining \\ on input line 95.
<polytechnique-filetcourt.pdf, id=290, 28.40613pt x 2.1681pt>
File: polytechnique-filetcourt.pdf Graphic file (type pdf)
<use polytechnique-filetcourt.pdf>
Package pdftex.def Info: polytechnique-filetcourt.pdf  used on input line 95.
(pdftex.def)             Requested size: 28.40604pt x 2.16808pt.
LaTeX Font Info:    Trying to load font information for OT1+lmr on input line 9
5.

(/usr/share/texmf/tex/latex/lm/ot1lmr.fd
File: ot1lmr.fd 2015/05/01 v1.6.1 Font defs for Latin Modern
)
LaTeX Font Info:    Trying to load font information for OML+lmm on input line 9
5.

(/usr/share/texmf/tex/latex/lm/omllmm.fd
File: omllmm.fd 2015/05/01 v1.6.1 Font defs for Latin Modern
)
LaTeX Font Info:    Trying to load font information for OMS+lmsy on input line 
95.

(/usr/share/texmf/tex/latex/lm/omslmsy.fd
File: omslmsy.fd 2015/05/01 v1.6.1 Font defs for Latin Modern
)
LaTeX Font Info:    Trying to load font information for OMX+lmex on input line 
95.

(/usr/share/texmf/tex/latex/lm/omxlmex.fd
File: omxlmex.fd 2015/05/01 v1.6.1 Font defs for Latin Modern
)
LaTeX Font Info:    External font `lmex10' loaded for size
(Font)              <14.4> on input line 95.
LaTeX Font Info:    External font `lmex10' loaded for size
(Font)              <10> on input line 95.
LaTeX Font Info:    External font `lmex10' loaded for size
(Font)              <7> on input line 95.
LaTeX Font Info:    Trying to load font information for U+msa on input line 95.


(/usr/share/texlive/texmf-dist/tex/latex/amsfonts/umsa.fd
File: umsa.fd 2013/01/14 v3.01 AMS symbols A
)
LaTeX Font Info:    Trying to load font information for U+msb on input line 95.


(/usr/share/texlive/texmf-dist/tex/latex/amsfonts/umsb.fd
File: umsb.fd 2013/01/14 v3.01 AMS symbols B
)
<polytechnique-logovert.pdf, id=291, 322.46072pt x 560.54622pt>
File: polytechnique-logovert.pdf Graphic file (type pdf)
<use polytechnique-logovert.pdf>
Package pdftex.def Info: polytechnique-logovert.pdf  used on input line 95.
(pdftex.def)             Requested size: 66.82324pt x 116.1684pt.

Overfull \vbox (120.95947pt too high) has occurred while \output is active []


[1

{/var/lib/texmf/fonts/map/pdftex/updmap/pdftex.map}{/usr/share/texmf/fonts/enc/
dvips/lm/lm-ec.enc} <./polytechnique-armes.pdf> <./polytechnique-filetcourt.pdf
> <./polytechnique-logovert.pdf>]
LaTeX Info: Redefining \\ on input line 97.
<polytechnique-filetlongrouge.pdf, id=329, 124.21407pt x 2.1681pt>
File: polytechnique-filetlongrouge.pdf Graphic file (type pdf)
<use polytechnique-filetlongrouge.pdf>
Package pdftex.def Info: polytechnique-filetlongrouge.pdf  used on input line 9
7.
(pdftex.def)             Requested size: 124.21375pt x 2.16808pt.
 (./report_part1.toc
LaTeX Font Info:    External font `lmex10' loaded for size
(Font)              <5> on input line 7.
<polytechnique-logohori.pdf, id=372, 625.50987pt x 227.64648pt>
File: polytechnique-logohori.pdf Graphic file (type pdf)
<use polytechnique-logohori.pdf>
Package pdftex.def Info: polytechnique-logohori.pdf  used on input line 48.
(pdftex.def)             Requested size: 156.35799pt x 56.90453pt.
 [2

 <./polytechnique-logohori.pdf> <./polytechnique-filetlongrouge.pdf>])
\tf@toc=\write6
\openout6 = `report_part1.toc'.

File: polytechnique-logohori.pdf Graphic file (type pdf)
<use polytechnique-logohori.pdf>
Package pdftex.def Info: polytechnique-logohori.pdf  used on input line 98.
(pdftex.def)             Requested size: 156.35799pt x 56.90453pt.
 [3]
LaTeX Info: Redefining \\ on input line 101.
File: polytechnique-filetlongrouge.pdf Graphic file (type pdf)
<use polytechnique-filetlongrouge.pdf>
Package pdftex.def Info: polytechnique-filetlongrouge.pdf  used on input line 1
01.
(pdftex.def)             Requested size: 124.21375pt x 2.16808pt.
File: polytechnique-logohori.pdf Graphic file (type pdf)
<use polytechnique-logohori.pdf>
Package pdftex.def Info: polytechnique-logohori.pdf  used on input line 104.
(pdftex.def)             Requested size: 156.35799pt x 56.90453pt.
 [4]
LaTeX Info: Redefining \\ on input line 110.
File: polytechnique-filetlongrouge.pdf Graphic file (type pdf)
<use polytechnique-filetlongrouge.pdf>
Package pdftex.def Info: polytechnique-filetlongrouge.pdf  used on input line 1
10.
(pdftex.def)             Requested size: 124.21375pt x 2.16808pt.
File: polytechnique-logohori.pdf Graphic file (type pdf)
<use polytechnique-logohori.pdf>
Package pdftex.def Info: polytechnique-logohori.pdf  used on input line 118.
(pdftex.def)             Requested size: 156.35799pt x 56.90453pt.
 [5]
LaTeX Info: Redefining \\ on input line 120.
File: polytechnique-filetlongrouge.pdf Graphic file (type pdf)
<use polytechnique-filetlongrouge.pdf>
Package pdftex.def Info: polytechnique-filetlongrouge.pdf  used on input line 1
20.
(pdftex.def)             Requested size: 124.21375pt x 2.16808pt.

! Undefined control sequence.
<recently read> \Cov 
                     
l.131 $\Cov
           (\cdot,\cdot)$ : Covariance between two random variables.
The control sequence at the end of the top line
of your error message was never \def'ed. If you have
misspelled it (e.g., `\hobx'), type `I' and the correct
spelling (e.g., `I\hbox'). Otherwise just continue,
and I'll forget about whatever was undefined.

! Undefined control sequence.
<recently read> \Corr 
                      
l.133 $\Corr
            (\cdot,\cdot)$ : Correlation between two random variables.
The control sequence at the end of the top line
of your error message was never \def'ed. If you have
misspelled it (e.g., `\hobx'), type `I' and the correct
spelling (e.g., `I\hbox'). Otherwise just continue,
and I'll forget about whatever was undefined.

File: polytechnique-logohori.pdf Graphic file (type pdf)
<use polytechnique-logohori.pdf>
Package pdftex.def Info: polytechnique-logohori.pdf  used on input line 153.
(pdftex.def)             Requested size: 156.35799pt x 56.90453pt.
[6{/usr/share/texmf/fonts/enc/dvips/lm/lm-rm.enc}{/usr/share/texmf/fonts/enc/dv
ips/lm/lm-mathit.enc}{/usr/share/texmf/fonts/enc/dvips/lm/lm-mathsy.enc}]
LaTeX Info: Redefining \\ on input line 156.
File: polytechnique-filetlongrouge.pdf Graphic file (type pdf)
<use polytechnique-filetlongrouge.pdf>
Package pdftex.def Info: polytechnique-filetlongrouge.pdf  used on input line 1
56.
(pdftex.def)             Requested size: 124.21375pt x 2.16808pt.
LaTeX Font Info:    Trying to load font information for TS1+lmr on input line 1
58.

(/usr/share/texmf/tex/latex/lm/ts1lmr.fd
File: ts1lmr.fd 2015/05/01 v1.6.1 Font defs for Latin Modern
)

Package hyperref Warning: Difference (2) between bookmark levels is greater 
(hyperref)                than one, level fixed on input line 158.

File: polytechnique-filetcourt.pdf Graphic file (type pdf)
<use polytechnique-filetcourt.pdf>
Package pdftex.def Info: polytechnique-filetcourt.pdf  used on input line 194.
(pdftex.def)             Requested size: 28.40604pt x 2.16808pt.
File: polytechnique-logohori.pdf Graphic file (type pdf)
<use polytechnique-logohori.pdf>
Package pdftex.def Info: polytechnique-logohori.pdf  used on input line 198.
(pdftex.def)             Requested size: 156.35799pt x 56.90453pt.
[7{/usr/share/texmf/fonts/enc/dvips/lm/lm-ts1.enc}{/usr/share/texmf/fonts/enc/d
vips/lm/lm-mathex.enc}]
File: polytechnique-filetcourt.pdf Graphic file (type pdf)
<use polytechnique-filetcourt.pdf>
Package pdftex.def Info: polytechnique-filetcourt.pdf  used on input line 227.
(pdftex.def)             Requested size: 28.40604pt x 2.16808pt.


! LaTeX Error: Environment theorem undefined.

See the LaTeX manual or LaTeX Companion for explanation.
Type  H <return>  for immediate help.
 ...                                              
                                                  
l.234 \begin{theorem}
                     [Neural Tangent Kernel, Jacot et al. 2018]
Your command was ignored.
Type  I <command> <return>  to replace it with another command,
or  <return>  to continue without it.

File: polytechnique-logohori.pdf Graphic file (type pdf)
<use polytechnique-logohori.pdf>
Package pdftex.def Info: polytechnique-logohori.pdf  used on input line 236.
(pdftex.def)             Requested size: 156.35799pt x 56.90453pt.
[8]

! LaTeX Error: \begin{document} ended by \end{theorem}.

See the LaTeX manual or LaTeX Companion for explanation.
Type  H <return>  for immediate help.
 ...                                              
                                                  
l.244 \end{theorem}
                   
Your command was ignored.
Type  I <command> <return>  to replace it with another command,
or  <return>  to continue without it.

File: polytechnique-filetcourt.pdf Graphic file (type pdf)
<use polytechnique-filetcourt.pdf>
Package pdftex.def Info: polytechnique-filetcourt.pdf  used on input line 290.
(pdftex.def)             Requested size: 28.40604pt x 2.16808pt.

! LaTeX Error: Environment definition undefined.

See the LaTeX manual or LaTeX Companion for explanation.
Type  H <return>  for immediate help.
 ...                                              
                                                  
l.294 \begin{definition}
                        [Continuous Sobolev Operator]
Your command was ignored.
Type  I <command> <return>  to replace it with another command,
or  <return>  to continue without it.


! LaTeX Error: \begin{document} ended by \end{definition}.

See the LaTeX manual or LaTeX Companion for explanation.
Type  H <return>  for immediate help.
 ...                                              
                                                  
l.302 \end{definition}
                      
Your command was ignored.
Type  I <command> <return>  to replace it with another command,
or  <return>  to continue without it.


! LaTeX Error: Environment definition undefined.

See the LaTeX manual or LaTeX Companion for explanation.
Type  H <return>  for immediate help.
 ...                                              
                                                  
l.304 \begin{definition}
                        [Discrete Sobolev Operator Matrix]
Your command was ignored.
Type  I <command> <return>  to replace it with another command,
or  <return>  to continue without it.

File: polytechnique-logohori.pdf Graphic file (type pdf)
<use polytechnique-logohori.pdf>
Package pdftex.def Info: polytechnique-logohori.pdf  used on input line 310.
(pdftex.def)             Requested size: 156.35799pt x 56.90453pt.
[9]

! LaTeX Error: \begin{document} ended by \end{definition}.

See the LaTeX manual or LaTeX Companion for explanation.
Type  H <return>  for immediate help.
 ...                                              
                                                  
l.312 \end{definition}
                      
Your command was ignored.
Type  I <command> <return>  to replace it with another command,
or  <return>  to continue without it.


! LaTeX Error: Environment definition undefined.

See the LaTeX manual or LaTeX Companion for explanation.
Type  H <return>  for immediate help.
 ...                                              
                                                  
l.314 \begin{definition}
                        [Fractional Laplacian Formulation]
Your command was ignored.
Type  I <command> <return>  to replace it with another command,
or  <return>  to continue without it.


! LaTeX Error: \begin{document} ended by \end{definition}.

See the LaTeX manual or LaTeX Companion for explanation.
Type  H <return>  for immediate help.
 ...                                              
                                                  
l.322 \end{definition}
                      
Your command was ignored.
Type  I <command> <return>  to replace it with another command,
or  <return>  to continue without it.


! LaTeX Error: Environment theorem undefined.

See the LaTeX manual or LaTeX Companion for explanation.
Type  H <return>  for immediate help.
 ...                                              
                                                  
l.324 \begin{theorem}
                     [Fractional Laplacian Representation of Sobolev Loss]
Your command was ignored.
Type  I <command> <return>  to replace it with another command,
or  <return>  to continue without it.


! LaTeX Error: \begin{document} ended by \end{theorem}.

See the LaTeX manual or LaTeX Companion for explanation.
Type  H <return>  for immediate help.
 ...                                              
                                                  
l.342 \end{theorem}
                   
Your command was ignored.
Type  I <command> <return>  to replace it with another command,
or  <return>  to continue without it.


! LaTeX Error: Environment theorem undefined.

See the LaTeX manual or LaTeX Companion for explanation.
Type  H <return>  for immediate help.
 ...                                              
                                                  
l.344 \begin{theorem}
                     [Sobolev Loss on Unbounded Domains]
Your command was ignored.
Type  I <command> <return>  to replace it with another command,
or  <return>  to continue without it.


! LaTeX Error: \begin{document} ended by \end{theorem}.

See the LaTeX manual or LaTeX Companion for explanation.
Type  H <return>  for immediate help.
 ...                                              
                                                  
l.359 \end{theorem}
                   
Your command was ignored.
Type  I <command> <return>  to replace it with another command,
or  <return>  to continue without it.


! LaTeX Error: Environment proposition undefined.

See the LaTeX manual or LaTeX Companion for explanation.
Type  H <return>  for immediate help.
 ...                                              
                                                  
l.361 \begin{proposition}
                         [Spectral Properties of Sobolev Operator]
Your command was ignored.
Type  I <command> <return>  to replace it with another command,
or  <return>  to continue without it.


! LaTeX Error: \begin{document} ended by \end{proposition}.

See the LaTeX manual or LaTeX Companion for explanation.
Type  H <return>  for immediate help.
 ...                                              
                                                  
l.364 \end{proposition}
                       
Your command was ignored.
Type  I <command> <return>  to replace it with another command,
or  <return>  to continue without it.


! LaTeX Error: Environment remark undefined.

See the LaTeX manual or LaTeX Companion for explanation.
Type  H <return>  for immediate help.
 ...                                              
                                                  
l.366 \begin{remark}
                    [Fourier-Based Extension for Limited Regularity]
Your command was ignored.
Type  I <command> <return>  to replace it with another command,
or  <return>  to continue without it.

File: polytechnique-logohori.pdf Graphic file (type pdf)
<use polytechnique-logohori.pdf>
Package pdftex.def Info: polytechnique-logohori.pdf  used on input line 369.
(pdftex.def)             Requested size: 156.35799pt x 56.90453pt.
[10]

! LaTeX Error: \begin{document} ended by \end{remark}.

See the LaTeX manual or LaTeX Companion for explanation.
Type  H <return>  for immediate help.
 ...                                              
                                                  
l.375 \end{remark}
                  
Your command was ignored.
Type  I <command> <return>  to replace it with another command,
or  <return>  to continue without it.

File: polytechnique-filetcourt.pdf Graphic file (type pdf)
<use polytechnique-filetcourt.pdf>
Package pdftex.def Info: polytechnique-filetcourt.pdf  used on input line 381.
(pdftex.def)             Requested size: 28.40604pt x 2.16808pt.

! LaTeX Error: Environment theorem undefined.

See the LaTeX manual or LaTeX Companion for explanation.
Type  H <return>  for immediate help.
 ...                                              
                                                  
l.383 \begin{theorem}
                     [NTK-Sobolev Composition]
Your command was ignored.
Type  I <command> <return>  to replace it with another command,
or  <return>  to continue without it.


LaTeX Warning: Reference `appendix:sobolev_gradient_proof' on page 11 undefined
 on input line 394.


! LaTeX Error: \begin{document} ended by \end{theorem}.

See the LaTeX manual or LaTeX Companion for explanation.
Type  H <return>  for immediate help.
 ...                                              
                                                  
l.395 \end{theorem}
                   
Your command was ignored.
Type  I <command> <return>  to replace it with another command,
or  <return>  to continue without it.

File: polytechnique-filetcourt.pdf Graphic file (type pdf)
<use polytechnique-filetcourt.pdf>
Package pdftex.def Info: polytechnique-filetcourt.pdf  used on input line 397.
(pdftex.def)             Requested size: 28.40604pt x 2.16808pt.

! LaTeX Error: Environment theorem undefined.

See the LaTeX manual or LaTeX Companion for explanation.
Type  H <return>  for immediate help.
 ...                                              
                                                  
l.399 \begin{theorem}
                     [NTK-Sobolev Matrix Commutation]
Your command was ignored.
Type  I <command> <return>  to replace it with another command,
or  <return>  to continue without it.

File: polytechnique-logohori.pdf Graphic file (type pdf)
<use polytechnique-logohori.pdf>
Package pdftex.def Info: polytechnique-logohori.pdf  used on input line 410.
(pdftex.def)             Requested size: 156.35799pt x 56.90453pt.
[11]

! LaTeX Error: \begin{document} ended by \end{theorem}.

See the LaTeX manual or LaTeX Companion for explanation.
Type  H <return>  for immediate help.
 ...                                              
                                                  
l.412 \end{theorem}
                   
Your command was ignored.
Type  I <command> <return>  to replace it with another command,
or  <return>  to continue without it.

File: polytechnique-logohori.pdf Graphic file (type pdf)
<use polytechnique-logohori.pdf>
Package pdftex.def Info: polytechnique-logohori.pdf  used on input line 417.
(pdftex.def)             Requested size: 156.35799pt x 56.90453pt.
[12]
File: polytechnique-filetcourt.pdf Graphic file (type pdf)
<use polytechnique-filetcourt.pdf>
Package pdftex.def Info: polytechnique-filetcourt.pdf  used on input line 424.
(pdftex.def)             Requested size: 28.40604pt x 2.16808pt.

Overfull \hbox (177.41354pt too wide) in paragraph at lines 426--427
[]\T1/lmr/m/n/10 The li-mi-ting NTK at EOC for $\OML/lmm/m/it/10 L$\T1/lmr/m/n/
10 -layer net-works is gi-ven by : $\OML/lmm/m/it/10 K[]\OT1/lmr/m/n/10 (\OT1/l
mr/bx/n/10 x[]\OML/lmm/m/it/10 ; \OT1/lmr/bx/n/10 x[]\OT1/lmr/m/n/10 ) = \OMS/l
msy/m/n/10 k\OT1/lmr/bx/n/10 x[]\OMS/lmsy/m/n/10 kk\OT1/lmr/bx/n/10 x[]\OMS/lms
y/m/n/10 k [] \OT1/lmr/bx/n/10 I[]$\T1/lmr/m/n/10 .
 []

! Undefined control sequence.
l.435 \appendixpart
                   {Analyse Spectrale du NTK et Bornes sur les Valeurs Propres}
The control sequence at the end of the top line
of your error message was never \def'ed. If you have
misspelled it (e.g., `\hobx'), type `I' and the correct
spelling (e.g., `I\hbox'). Otherwise just continue,
and I'll forget about whatever was undefined.

LaTeX Info: Redefining \\ on input line 446.
File: polytechnique-filetlongrouge.pdf Graphic file (type pdf)
<use polytechnique-filetlongrouge.pdf>
Package pdftex.def Info: polytechnique-filetlongrouge.pdf  used on input line 4
46.
(pdftex.def)             Requested size: 124.21375pt x 2.16808pt.
File: polytechnique-filetcourt.pdf Graphic file (type pdf)
<use polytechnique-filetcourt.pdf>
Package pdftex.def Info: polytechnique-filetcourt.pdf  used on input line 448.
(pdftex.def)             Requested size: 28.40604pt x 2.16808pt.

! LaTeX Error: Environment theorem undefined.

See the LaTeX manual or LaTeX Companion for explanation.
Type  H <return>  for immediate help.
 ...                                              
                                                  
l.450 \begin{theorem}
                     [Fractional Laplacian Representation of Sobolev Loss]
Your command was ignored.
Type  I <command> <return>  to replace it with another command,
or  <return>  to continue without it.


! LaTeX Error: \begin{document} ended by \end{theorem}.

See the LaTeX manual or LaTeX Companion for explanation.
Type  H <return>  for immediate help.
 ...                                              
                                                  
l.454 \end{theorem}
                   
Your command was ignored.
Type  I <command> <return>  to replace it with another command,
or  <return>  to continue without it.


! LaTeX Error: Environment proof undefined.

See the LaTeX manual or LaTeX Companion for explanation.
Type  H <return>  for immediate help.
 ...                                              
                                                  
l.456 \begin{proof}
                   
Your command was ignored.
Type  I <command> <return>  to replace it with another command,
or  <return>  to continue without it.


! LaTeX Error: \begin{document} ended by \end{proof}.

See the LaTeX manual or LaTeX Companion for explanation.
Type  H <return>  for immediate help.
 ...                                              
                                                  
l.467 \end{proof}
                 
Your command was ignored.
Type  I <command> <return>  to replace it with another command,
or  <return>  to continue without it.

File: polytechnique-filetcourt.pdf Graphic file (type pdf)
<use polytechnique-filetcourt.pdf>
Package pdftex.def Info: polytechnique-filetcourt.pdf  used on input line 469.
(pdftex.def)             Requested size: 28.40604pt x 2.16808pt.

! LaTeX Error: Environment theorem undefined.

See the LaTeX manual or LaTeX Companion for explanation.
Type  H <return>  for immediate help.
 ...                                              
                                                  
l.471 \begin{theorem}
                     [Sobolev Loss on Unbounded Domains]
Your command was ignored.
Type  I <command> <return>  to replace it with another command,
or  <return>  to continue without it.

File: polytechnique-logohori.pdf Graphic file (type pdf)
<use polytechnique-logohori.pdf>
Package pdftex.def Info: polytechnique-logohori.pdf  used on input line 473.
(pdftex.def)             Requested size: 156.35799pt x 56.90453pt.
[13]

! LaTeX Error: \begin{document} ended by \end{theorem}.

See the LaTeX manual or LaTeX Companion for explanation.
Type  H <return>  for immediate help.
 ...                                              
                                                  
l.474 \end{theorem}
                   
Your command was ignored.
Type  I <command> <return>  to replace it with another command,
or  <return>  to continue without it.


! LaTeX Error: Environment proof undefined.

See the LaTeX manual or LaTeX Companion for explanation.
Type  H <return>  for immediate help.
 ...                                              
                                                  
l.476 \begin{proof}
                   
Your command was ignored.
Type  I <command> <return>  to replace it with another command,
or  <return>  to continue without it.


! LaTeX Error: \begin{document} ended by \end{proof}.

See the LaTeX manual or LaTeX Companion for explanation.
Type  H <return>  for immediate help.
 ...                                              
                                                  
l.501 \end{proof}
                 
Your command was ignored.
Type  I <command> <return>  to replace it with another command,
or  <return>  to continue without it.

File: polytechnique-filetcourt.pdf Graphic file (type pdf)
<use polytechnique-filetcourt.pdf>
Package pdftex.def Info: polytechnique-filetcourt.pdf  used on input line 503.
(pdftex.def)             Requested size: 28.40604pt x 2.16808pt.

! LaTeX Error: Environment remark undefined.

See the LaTeX manual or LaTeX Companion for explanation.
Type  H <return>  for immediate help.
 ...                                              
                                                  
l.505 \begin{remark}
                    [Non-Differentiable Functions]
Your command was ignored.
Type  I <command> <return>  to replace it with another command,
or  <return>  to continue without it.

File: polytechnique-logohori.pdf Graphic file (type pdf)
<use polytechnique-logohori.pdf>
Package pdftex.def Info: polytechnique-logohori.pdf  used on input line 516.
(pdftex.def)             Requested size: 156.35799pt x 56.90453pt.
[14]

! LaTeX Error: \begin{document} ended by \end{remark}.

See the LaTeX manual or LaTeX Companion for explanation.
Type  H <return>  for immediate help.
 ...                                              
                                                  
l.520 \end{remark}
                  
Your command was ignored.
Type  I <command> <return>  to replace it with another command,
or  <return>  to continue without it.

File: polytechnique-filetcourt.pdf Graphic file (type pdf)
<use polytechnique-filetcourt.pdf>
Package pdftex.def Info: polytechnique-filetcourt.pdf  used on input line 522.
(pdftex.def)             Requested size: 28.40604pt x 2.16808pt.

! LaTeX Error: Environment theorem undefined.

See the LaTeX manual or LaTeX Companion for explanation.
Type  H <return>  for immediate help.
 ...                                              
                                                  
l.524 \begin{theorem}
                     [NTK-Sobolev Composition]
Your command was ignored.
Type  I <command> <return>  to replace it with another command,
or  <return>  to continue without it.


! LaTeX Error: \begin{document} ended by \end{theorem}.

See the LaTeX manual or LaTeX Companion for explanation.
Type  H <return>  for immediate help.
 ...                                              
                                                  
l.528 \end{theorem}
                   
Your command was ignored.
Type  I <command> <return>  to replace it with another command,
or  <return>  to continue without it.


! LaTeX Error: Environment proof undefined.

See the LaTeX manual or LaTeX Companion for explanation.
Type  H <return>  for immediate help.
 ...                                              
                                                  
l.530 \begin{proof}
                   
Your command was ignored.
Type  I <command> <return>  to replace it with another command,
or  <return>  to continue without it.


! LaTeX Error: \begin{document} ended by \end{proof}.

See the LaTeX manual or LaTeX Companion for explanation.
Type  H <return>  for immediate help.
 ...                                              
                                                  
l.543 \end{proof}
                 
Your command was ignored.
Type  I <command> <return>  to replace it with another command,
or  <return>  to continue without it.

File: polytechnique-filetcourt.pdf Graphic file (type pdf)
<use polytechnique-filetcourt.pdf>
Package pdftex.def Info: polytechnique-filetcourt.pdf  used on input line 545.
(pdftex.def)             Requested size: 28.40604pt x 2.16808pt.

! LaTeX Error: Environment theorem undefined.

See the LaTeX manual or LaTeX Companion for explanation.
Type  H <return>  for immediate help.
 ...                                              
                                                  
l.546 \begin{theorem}
                     [Spectrum of NTK-Sobolev Operator]
Your command was ignored.
Type  I <command> <return>  to replace it with another command,
or  <return>  to continue without it.


! LaTeX Error: \begin{document} ended by \end{theorem}.

See the LaTeX manual or LaTeX Companion for explanation.
Type  H <return>  for immediate help.
 ...                                              
                                                  
l.548 \end{theorem}
                   
Your command was ignored.
Type  I <command> <return>  to replace it with another command,
or  <return>  to continue without it.


! LaTeX Error: Environment proof undefined.

See the LaTeX manual or LaTeX Companion for explanation.
Type  H <return>  for immediate help.
 ...                                              
                                                  
l.550 \begin{proof}
                   
Your command was ignored.
Type  I <command> <return>  to replace it with another command,
or  <return>  to continue without it.

File: polytechnique-logohori.pdf Graphic file (type pdf)
<use polytechnique-logohori.pdf>
Package pdftex.def Info: polytechnique-logohori.pdf  used on input line 564.
(pdftex.def)             Requested size: 156.35799pt x 56.90453pt.
[15]

! LaTeX Error: \begin{document} ended by \end{proof}.

See the LaTeX manual or LaTeX Companion for explanation.
Type  H <return>  for immediate help.
 ...                                              
                                                  
l.567 \end{proof}
                 
Your command was ignored.
Type  I <command> <return>  to replace it with another command,
or  <return>  to continue without it.

File: polytechnique-filetcourt.pdf Graphic file (type pdf)
<use polytechnique-filetcourt.pdf>
Package pdftex.def Info: polytechnique-filetcourt.pdf  used on input line 574.
(pdftex.def)             Requested size: 28.40604pt x 2.16808pt.

! LaTeX Error: Environment theorem undefined.

See the LaTeX manual or LaTeX Companion for explanation.
Type  H <return>  for immediate help.
 ...                                              
                                                  
l.576 \begin{theorem}
                     [Matrix Commutation]
Your command was ignored.
Type  I <command> <return>  to replace it with another command,
or  <return>  to continue without it.


! LaTeX Error: \begin{document} ended by \end{theorem}.

See the LaTeX manual or LaTeX Companion for explanation.
Type  H <return>  for immediate help.
 ...                                              
                                                  
l.578 \end{theorem}
                   
Your command was ignored.
Type  I <command> <return>  to replace it with another command,
or  <return>  to continue without it.


! LaTeX Error: Environment proof undefined.

See the LaTeX manual or LaTeX Companion for explanation.
Type  H <return>  for immediate help.
 ...                                              
                                                  
l.580 \begin{proof}
                   
Your command was ignored.
Type  I <command> <return>  to replace it with another command,
or  <return>  to continue without it.


! LaTeX Error: \begin{document} ended by \end{proof}.

See the LaTeX manual or LaTeX Companion for explanation.
Type  H <return>  for immediate help.
 ...                                              
                                                  
l.612 \end{proof}
                 
Your command was ignored.
Type  I <command> <return>  to replace it with another command,
or  <return>  to continue without it.

File: polytechnique-filetcourt.pdf Graphic file (type pdf)
<use polytechnique-filetcourt.pdf>
Package pdftex.def Info: polytechnique-filetcourt.pdf  used on input line 614.
(pdftex.def)             Requested size: 28.40604pt x 2.16808pt.

! LaTeX Error: Environment theorem undefined.

See the LaTeX manual or LaTeX Companion for explanation.
Type  H <return>  for immediate help.
 ...                                              
                                                  
l.616 \begin{theorem}
                     [Asymptotic Scaling Laws]
Your command was ignored.
Type  I <command> <return>  to replace it with another command,
or  <return>  to continue without it.


! LaTeX Error: \begin{document} ended by \end{theorem}.

See the LaTeX manual or LaTeX Companion for explanation.
Type  H <return>  for immediate help.
 ...                                              
                                                  
l.618 \end{theorem}
                   
Your command was ignored.
Type  I <command> <return>  to replace it with another command,
or  <return>  to continue without it.


! LaTeX Error: Environment proof undefined.

See the LaTeX manual or LaTeX Companion for explanation.
Type  H <return>  for immediate help.
 ...                                              
                                                  
l.620 \begin{proof}
                   
Your command was ignored.
Type  I <command> <return>  to replace it with another command,
or  <return>  to continue without it.

File: polytechnique-logohori.pdf Graphic file (type pdf)
<use polytechnique-logohori.pdf>
Package pdftex.def Info: polytechnique-logohori.pdf  used on input line 621.
(pdftex.def)             Requested size: 156.35799pt x 56.90453pt.
[16]

! LaTeX Error: \begin{document} ended by \end{proof}.

See the LaTeX manual or LaTeX Companion for explanation.
Type  H <return>  for immediate help.
 ...                                              
                                                  
l.645 \end{proof}
                 
Your command was ignored.
Type  I <command> <return>  to replace it with another command,
or  <return>  to continue without it.

File: polytechnique-filetcourt.pdf Graphic file (type pdf)
<use polytechnique-filetcourt.pdf>
Package pdftex.def Info: polytechnique-filetcourt.pdf  used on input line 647.
(pdftex.def)             Requested size: 28.40604pt x 2.16808pt.

! LaTeX Error: Environment remark undefined.

See the LaTeX manual or LaTeX Companion for explanation.
Type  H <return>  for immediate help.
 ...                                              
                                                  
l.651 \begin{remark}
                    [Practical Implementation Warning]
Your command was ignored.
Type  I <command> <return>  to replace it with another command,
or  <return>  to continue without it.


! LaTeX Error: \begin{document} ended by \end{remark}.

See the LaTeX manual or LaTeX Companion for explanation.
Type  H <return>  for immediate help.
 ...                                              
                                                  
l.662 \end{remark}
                  
Your command was ignored.
Type  I <command> <return>  to replace it with another command,
or  <return>  to continue without it.

File: polytechnique-filetcourt.pdf Graphic file (type pdf)
<use polytechnique-filetcourt.pdf>
Package pdftex.def Info: polytechnique-filetcourt.pdf  used on input line 664.
(pdftex.def)             Requested size: 28.40604pt x 2.16808pt.
File: polytechnique-logohori.pdf Graphic file (type pdf)
<use polytechnique-logohori.pdf>
Package pdftex.def Info: polytechnique-logohori.pdf  used on input line 672.
(pdftex.def)             Requested size: 156.35799pt x 56.90453pt.
[17]
File: polytechnique-filetcourt.pdf Graphic file (type pdf)
<use polytechnique-filetcourt.pdf>
Package pdftex.def Info: polytechnique-filetcourt.pdf  used on input line 718.
(pdftex.def)             Requested size: 28.40604pt x 2.16808pt.
File: polytechnique-logohori.pdf Graphic file (type pdf)
<use polytechnique-logohori.pdf>
Package pdftex.def Info: polytechnique-logohori.pdf  used on input line 721.
(pdftex.def)             Requested size: 156.35799pt x 56.90453pt.
 [18]
File: polytechnique-filetcourt.pdf Graphic file (type pdf)
<use polytechnique-filetcourt.pdf>
Package pdftex.def Info: polytechnique-filetcourt.pdf  used on input line 725.
(pdftex.def)             Requested size: 28.40604pt x 2.16808pt.


! LaTeX Error: Environment theorem undefined.

See the LaTeX manual or LaTeX Companion for explanation.
Type  H <return>  for immediate help.
 ...                                              
                                                  
l.727 \begin{theorem}
                     [Spherical Harmonics as Common Eigenfunctions]
Your command was ignored.
Type  I <command> <return>  to replace it with another command,
or  <return>  to continue without it.


! LaTeX Error: \begin{document} ended by \end{theorem}.

See the LaTeX manual or LaTeX Companion for explanation.
Type  H <return>  for immediate help.
 ...                                              
                                                  
l.734 \end{theorem}
                   
Your command was ignored.
Type  I <command> <return>  to replace it with another command,
or  <return>  to continue without it.


! LaTeX Error: Environment theorem undefined.

See the LaTeX manual or LaTeX Companion for explanation.
Type  H <return>  for immediate help.
 ...                                              
                                                  
l.736 \begin{theorem}
                     [Commutation Property]
Your command was ignored.
Type  I <command> <return>  to replace it with another command,
or  <return>  to continue without it.


! LaTeX Error: \begin{document} ended by \end{theorem}.

See the LaTeX manual or LaTeX Companion for explanation.
Type  H <return>  for immediate help.
 ...                                              
                                                  
l.740 \end{theorem}
                   
Your command was ignored.
Type  I <command> <return>  to replace it with another command,
or  <return>  to continue without it.

LaTeX Info: Redefining \\ on input line 746.
File: polytechnique-filetlongrouge.pdf Graphic file (type pdf)
<use polytechnique-filetlongrouge.pdf>
Package pdftex.def Info: polytechnique-filetlongrouge.pdf  used on input line 7
46.
(pdftex.def)             Requested size: 124.21375pt x 2.16808pt.
File: polytechnique-filetcourt.pdf Graphic file (type pdf)
<use polytechnique-filetcourt.pdf>
Package pdftex.def Info: polytechnique-filetcourt.pdf  used on input line 748.
(pdftex.def)             Requested size: 28.40604pt x 2.16808pt.
File: polytechnique-logohori.pdf Graphic file (type pdf)
<use polytechnique-logohori.pdf>
Package pdftex.def Info: polytechnique-logohori.pdf  used on input line 764.
(pdftex.def)             Requested size: 156.35799pt x 56.90453pt.
[19]
File: polytechnique-filetcourt.pdf Graphic file (type pdf)
<use polytechnique-filetcourt.pdf>
Package pdftex.def Info: polytechnique-filetcourt.pdf  used on input line 768.
(pdftex.def)             Requested size: 28.40604pt x 2.16808pt.


! LaTeX Error: Environment remark undefined.

See the LaTeX manual or LaTeX Companion for explanation.
Type  H <return>  for immediate help.
 ...                                              
                                                  
l.801 \begin{remark}
                    [The Sobolev Operator as a Kernel Matrix]
Your command was ignored.
Type  I <command> <return>  to replace it with another command,
or  <return>  to continue without it.

File: polytechnique-logohori.pdf Graphic file (type pdf)
<use polytechnique-logohori.pdf>
Package pdftex.def Info: polytechnique-logohori.pdf  used on input line 813.
(pdftex.def)             Requested size: 156.35799pt x 56.90453pt.
[20]

! LaTeX Error: \begin{document} ended by \end{remark}.

See the LaTeX manual or LaTeX Companion for explanation.
Type  H <return>  for immediate help.
 ...                                              
                                                  
l.838 \end{remark}
                  
Your command was ignored.
Type  I <command> <return>  to replace it with another command,
or  <return>  to continue without it.

File: polytechnique-filetcourt.pdf Graphic file (type pdf)
<use polytechnique-filetcourt.pdf>
Package pdftex.def Info: polytechnique-filetcourt.pdf  used on input line 873.
(pdftex.def)             Requested size: 28.40604pt x 2.16808pt.
File: polytechnique-logohori.pdf Graphic file (type pdf)
<use polytechnique-logohori.pdf>
Package pdftex.def Info: polytechnique-logohori.pdf  used on input line 886.
(pdftex.def)             Requested size: 156.35799pt x 56.90453pt.
[21]

! LaTeX Error: Environment proposition undefined.

See the LaTeX manual or LaTeX Companion for explanation.
Type  H <return>  for immediate help.
 ...                                              
                                                  
l.893 \begin{proposition}
                         [Equivalent formulations of the Sobolev norm]
Your command was ignored.
Type  I <command> <return>  to replace it with another command,
or  <return>  to continue without it.


! LaTeX Error: \begin{document} ended by \end{proposition}.

See the LaTeX manual or LaTeX Companion for explanation.
Type  H <return>  for immediate help.
 ...                                              
                                                  
l.903 \end{proposition}
                       
Your command was ignored.
Type  I <command> <return>  to replace it with another command,
or  <return>  to continue without it.


! LaTeX Error: Environment theorem undefined.

See the LaTeX manual or LaTeX Companion for explanation.
Type  H <return>  for immediate help.
 ...                                              
                                                  
l.905 \begin{theorem}
                     [Fractional Laplacian representation of the Sobolev loss]
Your command was ignored.
Type  I <command> <return>  to replace it with another command,
or  <return>  to continue without it.


! LaTeX Error: \begin{document} ended by \end{theorem}.

See the LaTeX manual or LaTeX Companion for explanation.
Type  H <return>  for immediate help.
 ...                                              
                                                  
l.911 \end{theorem}
                   
Your command was ignored.
Type  I <command> <return>  to replace it with another command,
or  <return>  to continue without it.


! LaTeX Error: Environment remark undefined.

See the LaTeX manual or LaTeX Companion for explanation.
Type  H <return>  for immediate help.
 ...                                              
                                                  
l.913 \begin{remark}
                    [Limited regularity and Fourier-based definitions]
Your command was ignored.
Type  I <command> <return>  to replace it with another command,
or  <return>  to continue without it.


! LaTeX Error: \begin{document} ended by \end{remark}.

See the LaTeX manual or LaTeX Companion for explanation.
Type  H <return>  for immediate help.
 ...                                              
                                                  
l.915 \end{remark}
                  
Your command was ignored.
Type  I <command> <return>  to replace it with another command,
or  <return>  to continue without it.


! LaTeX Error: Environment remark undefined.

See the LaTeX manual or LaTeX Companion for explanation.
Type  H <return>  for immediate help.
 ...                                              
                                                  
l.925 \begin{remark}
                    [Sobolev operator as a kernel matrix]
Your command was ignored.
Type  I <command> <return>  to replace it with another command,
or  <return>  to continue without it.

File: polytechnique-logohori.pdf Graphic file (type pdf)
<use polytechnique-logohori.pdf>
Package pdftex.def Info: polytechnique-logohori.pdf  used on input line 929.
(pdftex.def)             Requested size: 156.35799pt x 56.90453pt.
[22]

! LaTeX Error: \begin{document} ended by \end{remark}.

See the LaTeX manual or LaTeX Companion for explanation.
Type  H <return>  for immediate help.
 ...                                              
                                                  
l.931 \end{remark}
                  
Your command was ignored.
Type  I <command> <return>  to replace it with another command,
or  <return>  to continue without it.


! LaTeX Error: Environment theorem undefined.

See the LaTeX manual or LaTeX Companion for explanation.
Type  H <return>  for immediate help.
 ...                                              
                                                  
l.939 \begin{theorem}
                     [Common eigenfunctions and operator commutation]
Your command was ignored.
Type  I <command> <return>  to replace it with another command,
or  <return>  to continue without it.


! LaTeX Error: \begin{document} ended by \end{theorem}.

See the LaTeX manual or LaTeX Companion for explanation.
Type  H <return>  for immediate help.
 ...                                              
                                                  
l.946 \end{theorem}
                   
Your command was ignored.
Type  I <command> <return>  to replace it with another command,
or  <return>  to continue without it.


! LaTeX Error: Environment theorem undefined.

See the LaTeX manual or LaTeX Companion for explanation.
Type  H <return>  for immediate help.
 ...                                              
                                                  
l.955 \begin{theorem}
                     [Matrix commutation and simultaneous diagonalization]
Your command was ignored.
Type  I <command> <return>  to replace it with another command,
or  <return>  to continue without it.


! LaTeX Error: \begin{document} ended by \end{theorem}.

See the LaTeX manual or LaTeX Companion for explanation.
Type  H <return>  for immediate help.
 ...                                              
                                                  
l.957 \end{theorem}
                   
Your command was ignored.
Type  I <command> <return>  to replace it with another command,
or  <return>  to continue without it.


! LaTeX Error: Environment theorem undefined.

See the LaTeX manual or LaTeX Companion for explanation.
Type  H <return>  for immediate help.
 ...                                              
                                                  
l.967 \begin{theorem}
                     [NTK--Sobolev composition]
Your command was ignored.
Type  I <command> <return>  to replace it with another command,
or  <return>  to continue without it.


! LaTeX Error: \begin{document} ended by \end{theorem}.

See the LaTeX manual or LaTeX Companion for explanation.
Type  H <return>  for immediate help.
 ...                                              
                                                  
l.973 \end{theorem}
                   
Your command was ignored.
Type  I <command> <return>  to replace it with another command,
or  <return>  to continue without it.


! LaTeX Error: Environment theorem undefined.

See the LaTeX manual or LaTeX Companion for explanation.
Type  H <return>  for immediate help.
 ...                                              
                                                  
l.977 \begin{theorem}
                     [Asymptotic scaling laws]
Your command was ignored.
Type  I <command> <return>  to replace it with another command,
or  <return>  to continue without it.

File: polytechnique-logohori.pdf Graphic file (type pdf)
<use polytechnique-logohori.pdf>
Package pdftex.def Info: polytechnique-logohori.pdf  used on input line 981.
(pdftex.def)             Requested size: 156.35799pt x 56.90453pt.
[23]

! LaTeX Error: \begin{document} ended by \end{theorem}.

See the LaTeX manual or LaTeX Companion for explanation.
Type  H <return>  for immediate help.
 ...                                              
                                                  
l.983 \end{theorem}
                   
Your command was ignored.
Type  I <command> <return>  to replace it with another command,
or  <return>  to continue without it.


! LaTeX Error: Environment remark undefined.

See the LaTeX manual or LaTeX Companion for explanation.
Type  H <return>  for immediate help.
 ...                                              
                                                  
l.997 \begin{remark}
                    [Practical considerations and alternatives]
Your command was ignored.
Type  I <command> <return>  to replace it with another command,
or  <return>  to continue without it.


! LaTeX Error: \begin{document} ended by \end{remark}.

See the LaTeX manual or LaTeX Companion for explanation.
Type  H <return>  for immediate help.
 ...                                              
                                                  
l.999 \end{remark}
                  
Your command was ignored.
Type  I <command> <return>  to replace it with another command,
or  <return>  to continue without it.

File: polytechnique-logohori.pdf Graphic file (type pdf)
<use polytechnique-logohori.pdf>
Package pdftex.def Info: polytechnique-logohori.pdf  used on input line 1002.
(pdftex.def)             Requested size: 156.35799pt x 56.90453pt.
[24]
File: polytechnique-filetcourt.pdf Graphic file (type pdf)
<use polytechnique-filetcourt.pdf>
Package pdftex.def Info: polytechnique-filetcourt.pdf  used on input line 1009.

(pdftex.def)             Requested size: 28.40604pt x 2.16808pt.
File: polytechnique-filetcourt.pdf Graphic file (type pdf)
<use polytechnique-filetcourt.pdf>
Package pdftex.def Info: polytechnique-filetcourt.pdf  used on input line 1013.

(pdftex.def)             Requested size: 28.40604pt x 2.16808pt.
LaTeX Info: Redefining \\ on input line 1029.
File: polytechnique-filetlongrouge.pdf Graphic file (type pdf)
<use polytechnique-filetlongrouge.pdf>
Package pdftex.def Info: polytechnique-filetlongrouge.pdf  used on input line 1
029.
(pdftex.def)             Requested size: 124.21375pt x 2.16808pt.
File: polytechnique-filetcourt.pdf Graphic file (type pdf)
<use polytechnique-filetcourt.pdf>
Package pdftex.def Info: polytechnique-filetcourt.pdf  used on input line 1031.

(pdftex.def)             Requested size: 28.40604pt x 2.16808pt.


! LaTeX Error: Environment theorem undefined.

See the LaTeX manual or LaTeX Companion for explanation.
Type  H <return>  for immediate help.
 ...                                              
                                                  
l.1035 \begin{theorem}
                      [Chernoff Bound for Bounded Random Variables]
Your command was ignored.
Type  I <command> <return>  to replace it with another command,
or  <return>  to continue without it.


! LaTeX Error: \begin{document} ended by \end{theorem}.

See the LaTeX manual or LaTeX Companion for explanation.
Type  H <return>  for immediate help.
 ...                                              
                                                  
l.1040 \end{theorem}
                    
Your command was ignored.
Type  I <command> <return>  to replace it with another command,
or  <return>  to continue without it.


! LaTeX Error: Environment theorem undefined.

See the LaTeX manual or LaTeX Companion for explanation.
Type  H <return>  for immediate help.
 ...                                              
                                                  
l.1042 3\begin{theorem}
                       [Bernstein's Inequality]
Your command was ignored.
Type  I <command> <return>  to replace it with another command,
or  <return>  to continue without it.


! LaTeX Error: \begin{document} ended by \end{theorem}.

See the LaTeX manual or LaTeX Companion for explanation.
Type  H <return>  for immediate help.
 ...                                              
                                                  
l.1045 \end{theorem}
                    
Your command was ignored.
Type  I <command> <return>  to replace it with another command,
or  <return>  to continue without it.

File: polytechnique-filetcourt.pdf Graphic file (type pdf)
<use polytechnique-filetcourt.pdf>
Package pdftex.def Info: polytechnique-filetcourt.pdf  used on input line 1047.

(pdftex.def)             Requested size: 28.40604pt x 2.16808pt.

! LaTeX Error: Environment theorem undefined.

See the LaTeX manual or LaTeX Companion for explanation.
Type  H <return>  for immediate help.
 ...                                              
                                                  
l.1051 \begin{theorem}
                      [Classical Hanson-Wright Inequality]
Your command was ignored.
Type  I <command> <return>  to replace it with another command,
or  <return>  to continue without it.

File: polytechnique-logohori.pdf Graphic file (type pdf)
<use polytechnique-logohori.pdf>
Package pdftex.def Info: polytechnique-logohori.pdf  used on input line 1051.
(pdftex.def)             Requested size: 156.35799pt x 56.90453pt.
[25]

! LaTeX Error: \begin{document} ended by \end{theorem}.

See the LaTeX manual or LaTeX Companion for explanation.
Type  H <return>  for immediate help.
 ...                                              
                                                  
l.1054 \end{theorem}
                    
Your command was ignored.
Type  I <command> <return>  to replace it with another command,
or  <return>  to continue without it.


! LaTeX Error: Environment theorem undefined.

See the LaTeX manual or LaTeX Companion for explanation.
Type  H <return>  for immediate help.
 ...                                              
                                                  
l.1058 \begin{theorem}
                      [Generalized Hanson-Wright for Random Tensors (Chang, ...

Your command was ignored.
Type  I <command> <return>  to replace it with another command,
or  <return>  to continue without it.

! Undefined control sequence.
l.1059 ...or vector $\overline{\mathcal{X}} \in \C
                                                  ^{(n \times I_1 \times \cd...
The control sequence at the end of the top line
of your error message was never \def'ed. If you have
misspelled it (e.g., `\hobx'), type `I' and the correct
spelling (e.g., `I\hbox'). Otherwise just continue,
and I'll forget about whatever was undefined.


Overfull \hbox (30.63225pt too wide) in paragraph at lines 1058--1060
[]\T1/lmr/m/n/10 [Generalized Hanson-Wright for Ran-dom Ten-sors (Chang, 2022)]
 For ran-dom ten-sor vec-tor $[] \OMS/lmsy/m/n/10 2[]$
 []


! LaTeX Error: \begin{document} ended by \end{theorem}.

See the LaTeX manual or LaTeX Companion for explanation.
Type  H <return>  for immediate help.
 ...                                              
                                                  
l.1062 \end{theorem}
                    
Your command was ignored.
Type  I <command> <return>  to replace it with another command,
or  <return>  to continue without it.

File: polytechnique-filetcourt.pdf Graphic file (type pdf)
<use polytechnique-filetcourt.pdf>
Package pdftex.def Info: polytechnique-filetcourt.pdf  used on input line 1064.

(pdftex.def)             Requested size: 28.40604pt x 2.16808pt.

! LaTeX Error: Environment theorem undefined.

See the LaTeX manual or LaTeX Companion for explanation.
Type  H <return>  for immediate help.
 ...                                              
                                                  
l.1068 \begin{theorem}
                      [Matrix Chernoff Bound (Tropp, 2012)]
Your command was ignored.
Type  I <command> <return>  to replace it with another command,
or  <return>  to continue without it.


! LaTeX Error: \begin{document} ended by \end{theorem}.

See the LaTeX manual or LaTeX Companion for explanation.
Type  H <return>  for immediate help.
 ...                                              
                                                  
l.1071 \end{theorem}
                    
Your command was ignored.
Type  I <command> <return>  to replace it with another command,
or  <return>  to continue without it.


! LaTeX Error: Environment theorem undefined.

See the LaTeX manual or LaTeX Companion for explanation.
Type  H <return>  for immediate help.
 ...                                              
                                                  
l.1073 \begin{theorem}
                      [Matrix Bernstein Inequality (Vershynin, 2018)]
Your command was ignored.
Type  I <command> <return>  to replace it with another command,
or  <return>  to continue without it.


! LaTeX Error: \begin{document} ended by \end{theorem}.

See the LaTeX manual or LaTeX Companion for explanation.
Type  H <return>  for immediate help.
 ...                                              
                                                  
l.1076 \end{theorem}
                    
Your command was ignored.
Type  I <command> <return>  to replace it with another command,
or  <return>  to continue without it.

LaTeX Info: Redefining \\ on input line 1078.
File: polytechnique-filetlongrouge.pdf Graphic file (type pdf)
<use polytechnique-filetlongrouge.pdf>
Package pdftex.def Info: polytechnique-filetlongrouge.pdf  used on input line 1
078.
(pdftex.def)             Requested size: 124.21375pt x 2.16808pt.
File: polytechnique-filetcourt.pdf Graphic file (type pdf)
<use polytechnique-filetcourt.pdf>
Package pdftex.def Info: polytechnique-filetcourt.pdf  used on input line 1080.

(pdftex.def)             Requested size: 28.40604pt x 2.16808pt.

! LaTeX Error: Environment lemma undefined.

See the LaTeX manual or LaTeX Companion for explanation.
Type  H <return>  for immediate help.
 ...                                              
                                                  
l.1082 \begin{lemma}
                    [Weyl's Inequality]
Your command was ignored.
Type  I <command> <return>  to replace it with another command,
or  <return>  to continue without it.

File: polytechnique-logohori.pdf Graphic file (type pdf)
<use polytechnique-logohori.pdf>
Package pdftex.def Info: polytechnique-logohori.pdf  used on input line 1084.
(pdftex.def)             Requested size: 156.35799pt x 56.90453pt.
[26]

! LaTeX Error: \begin{document} ended by \end{lemma}.

See the LaTeX manual or LaTeX Companion for explanation.
Type  H <return>  for immediate help.
 ...                                              
                                                  
l.1085 \end{lemma}
                  
Your command was ignored.
Type  I <command> <return>  to replace it with another command,
or  <return>  to continue without it.


! LaTeX Error: Environment lemma undefined.

See the LaTeX manual or LaTeX Companion for explanation.
Type  H <return>  for immediate help.
 ...                                              
                                                  
l.1087 \begin{lemma}
                    [Schur Product Theorem]
Your command was ignored.
Type  I <command> <return>  to replace it with another command,
or  <return>  to continue without it.

! Undefined control sequence.
l.1089 $$\evmin
               {P \circ Q} \geq \evmin{P} \min_i Q_{ii}$$
The control sequence at the end of the top line
of your error message was never \def'ed. If you have
misspelled it (e.g., `\hobx'), type `I' and the correct
spelling (e.g., `I\hbox'). Otherwise just continue,
and I'll forget about whatever was undefined.

! Undefined control sequence.
l.1089 $$\evmin{P \circ Q} \geq \evmin
                                      {P} \min_i Q_{ii}$$
The control sequence at the end of the top line
of your error message was never \def'ed. If you have
misspelled it (e.g., `\hobx'), type `I' and the correct
spelling (e.g., `I\hbox'). Otherwise just continue,
and I'll forget about whatever was undefined.


! LaTeX Error: \begin{document} ended by \end{lemma}.

See the LaTeX manual or LaTeX Companion for explanation.
Type  H <return>  for immediate help.
 ...                                              
                                                  
l.1090 \end{lemma}
                  
Your command was ignored.
Type  I <command> <return>  to replace it with another command,
or  <return>  to continue without it.


! LaTeX Error: Environment lemma undefined.

See the LaTeX manual or LaTeX Companion for explanation.
Type  H <return>  for immediate help.
 ...                                              
                                                  
l.1092 \begin{lemma}
                    [Gershgorin Circle Theorem]
Your command was ignored.
Type  I <command> <return>  to replace it with another command,
or  <return>  to continue without it.

! Undefined control sequence.
l.1094 $$\bigcup_{i=1}^n \left\{z \in \C
                                         : |z - a_{ii}| \leq \sum_{j \neq i}...
The control sequence at the end of the top line
of your error message was never \def'ed. If you have
misspelled it (e.g., `\hobx'), type `I' and the correct
spelling (e.g., `I\hbox'). Otherwise just continue,
and I'll forget about whatever was undefined.


! LaTeX Error: \begin{document} ended by \end{lemma}.

See the LaTeX manual or LaTeX Companion for explanation.
Type  H <return>  for immediate help.
 ...                                              
                                                  
l.1095 \end{lemma}
                  
Your command was ignored.
Type  I <command> <return>  to replace it with another command,
or  <return>  to continue without it.

File: polytechnique-filetcourt.pdf Graphic file (type pdf)
<use polytechnique-filetcourt.pdf>
Package pdftex.def Info: polytechnique-filetcourt.pdf  used on input line 1097.

(pdftex.def)             Requested size: 28.40604pt x 2.16808pt.

! LaTeX Error: Environment definition undefined.

See the LaTeX manual or LaTeX Companion for explanation.
Type  H <return>  for immediate help.
 ...                                              
                                                  
l.1099 \begin{definition}
                         [Khatri-Rao Product]
Your command was ignored.
Type  I <command> <return>  to replace it with another command,
or  <return>  to continue without it.

! Undefined control sequence.
l.1100 For matrices $A \in \R
                             ^{m \times k}$ and $B \in \R^{n \times k}$, the...
The control sequence at the end of the top line
of your error message was never \def'ed. If you have
misspelled it (e.g., `\hobx'), type `I' and the correct
spelling (e.g., `I\hbox'). Otherwise just continue,
and I'll forget about whatever was undefined.

! Undefined control sequence.
l.1100 ...es $A \in \R^{m \times k}$ and $B \in \R
                                                  ^{n \times k}$, the Khatri...
The control sequence at the end of the top line
of your error message was never \def'ed. If you have
misspelled it (e.g., `\hobx'), type `I' and the correct
spelling (e.g., `I\hbox'). Otherwise just continue,
and I'll forget about whatever was undefined.

! Undefined control sequence.
l.1100 ...the Khatri-Rao product $A \star B \in \R
                                                  ^{mn \times k}$ is the col...
The control sequence at the end of the top line
of your error message was never \def'ed. If you have
misspelled it (e.g., `\hobx'), type `I' and the correct
spelling (e.g., `I\hbox'). Otherwise just continue,
and I'll forget about whatever was undefined.


! LaTeX Error: \begin{document} ended by \end{definition}.

See the LaTeX manual or LaTeX Companion for explanation.
Type  H <return>  for immediate help.
 ...                                              
                                                  
l.1101 \end{definition}
                       
Your command was ignored.
Type  I <command> <return>  to replace it with another command,
or  <return>  to continue without it.


! LaTeX Error: Environment definition undefined.

See the LaTeX manual or LaTeX Companion for explanation.
Type  H <return>  for immediate help.
 ...                                              
                                                  
l.1103 \begin{definition}
                         [Hadamard Power]
Your command was ignored.
Type  I <command> <return>  to replace it with another command,
or  <return>  to continue without it.


! LaTeX Error: \begin{document} ended by \end{definition}.

See the LaTeX manual or LaTeX Companion for explanation.
Type  H <return>  for immediate help.
 ...                                              
                                                  
l.1105 \end{definition}
                       
Your command was ignored.
Type  I <command> <return>  to replace it with another command,
or  <return>  to continue without it.

File: polytechnique-logohori.pdf Graphic file (type pdf)
<use polytechnique-logohori.pdf>
Package pdftex.def Info: polytechnique-logohori.pdf  used on input line 1107.
(pdftex.def)             Requested size: 156.35799pt x 56.90453pt.
[27]
LaTeX Info: Redefining \\ on input line 1109.
File: polytechnique-filetlongrouge.pdf Graphic file (type pdf)
<use polytechnique-filetlongrouge.pdf>
Package pdftex.def Info: polytechnique-filetlongrouge.pdf  used on input line 1
109.
(pdftex.def)             Requested size: 124.21375pt x 2.16808pt.
File: polytechnique-filetcourt.pdf Graphic file (type pdf)
<use polytechnique-filetcourt.pdf>
Package pdftex.def Info: polytechnique-filetcourt.pdf  used on input line 1111.

(pdftex.def)             Requested size: 28.40604pt x 2.16808pt.

! Undefined control sequence.
<recently read> \lambdaMin 
                           
l.1113 ...odern approaches to bounding $\lambdaMin
                                                  (\KNTK)$ follow a common h...
The control sequence at the end of the top line
of your error message was never \def'ed. If you have
misspelled it (e.g., `\hobx'), type `I' and the correct
spelling (e.g., `I\hbox'). Otherwise just continue,
and I'll forget about whatever was undefined.

! Undefined control sequence.
l.1113 ...approaches to bounding $\lambdaMin(\KNTK
                                                  )$ follow a common high-le...
The control sequence at the end of the top line
of your error message was never \def'ed. If you have
misspelled it (e.g., `\hobx'), type `I' and the correct
spelling (e.g., `I\hbox'). Otherwise just continue,
and I'll forget about whatever was undefined.


! LaTeX Error: Something's wrong--perhaps a missing \item.

See the LaTeX manual or LaTeX Companion for explanation.
Type  H <return>  for immediate help.
 ...                                              
                                                  
l.1125 ...x] (step1) at (0,4) {\textbf{Step 1} \\ 
                                                  Problem Decomposition};
Try typing  <return>  to proceed.
If that doesn't work, type  X <return>  to quit.


! LaTeX Error: Something's wrong--perhaps a missing \item.

See the LaTeX manual or LaTeX Companion for explanation.
Type  H <return>  for immediate help.
 ...                                              
                                                  
l.1126 ...x] (step2) at (0,2) {\textbf{Step 2} \\ 
                                                  Concentration Analysis};
Try typing  <return>  to proceed.
If that doesn't work, type  X <return>  to quit.


! LaTeX Error: Something's wrong--perhaps a missing \item.

See the LaTeX manual or LaTeX Companion for explanation.
Type  H <return>  for immediate help.
 ...                                              
                                                  
l.1127 ...x] (step3) at (0,0) {\textbf{Step 3} \\ 
                                                  Spectral Analysis};
Try typing  <return>  to proceed.
If that doesn't work, type  X <return>  to quit.

File: polytechnique-logohori.pdf Graphic file (type pdf)
<use polytechnique-logohori.pdf>
Package pdftex.def Info: polytechnique-logohori.pdf  used on input line 1157.
(pdftex.def)             Requested size: 156.35799pt x 56.90453pt.
[28]
File: polytechnique-filetcourt.pdf Graphic file (type pdf)
<use polytechnique-filetcourt.pdf>
Package pdftex.def Info: polytechnique-filetcourt.pdf  used on input line 1159.

(pdftex.def)             Requested size: 28.40604pt x 2.16808pt.

! Undefined control sequence.
<recently read> \lambdaMin 
                           
l.1161 ... to obtain precise bounds on $\lambdaMin
                                                  $.
The control sequence at the end of the top line
of your error message was never \def'ed. If you have
misspelled it (e.g., `\hobx'), type `I' and the correct
spelling (e.g., `I\hbox'). Otherwise just continue,
and I'll forget about whatever was undefined.


LaTeX Warning: Reference `eq:Jac' on page 29 undefined on input line 1165.

! Undefined control sequence.
l.1173 ... = [f_k(x_1), \ldots, f_k(x_N)]^T \in \R
                                                  ^{N \times n_k}$ are the \...
The control sequence at the end of the top line
of your error message was never \def'ed. If you have
misspelled it (e.g., `\hobx'), type `I' and the correct
spelling (e.g., `I\hbox'). Otherwise just continue,
and I'll forget about whatever was undefined.

! Undefined control sequence.
l.1174     \item $B_k \in \R
                            ^{N \times n_k}$ are the \textbf{derivative term...
The control sequence at the end of the top line
of your error message was never \def'ed. If you have
misspelled it (e.g., `\hobx'), type `I' and the correct
spelling (e.g., `I\hbox'). Otherwise just continue,
and I'll forget about whatever was undefined.

! Undefined control sequence.
l.1189 For PSD matrices $P, Q \in \R
                                    ^{n \times n}$, the Schur product theorem :
The control sequence at the end of the top line
of your error message was never \def'ed. If you have
misspelled it (e.g., `\hobx'), type `I' and the correct
spelling (e.g., `I\hbox'). Otherwise just continue,
and I'll forget about whatever was undefined.

! Undefined control sequence.
<argument>  \evmin 
                   {P \circ Q} \geq \evmin {P} \min _{i \in [n]} Q_{ii} 
l.1192 \end{align}
                  
The control sequence at the end of the top line
of your error message was never \def'ed. If you have
misspelled it (e.g., `\hobx'), type `I' and the correct
spelling (e.g., `I\hbox'). Otherwise just continue,
and I'll forget about whatever was undefined.

! Undefined control sequence.
<argument>  \evmin {P \circ Q} \geq \evmin 
                                           {P} \min _{i \in [n]} Q_{ii} 
l.1192 \end{align}
                  
The control sequence at the end of the top line
of your error message was never \def'ed. If you have
misspelled it (e.g., `\hobx'), type `I' and the correct
spelling (e.g., `I\hbox'). Otherwise just continue,
and I'll forget about whatever was undefined.

! Undefined control sequence.
<argument>  \evmin 
                   {P \circ Q} \geq \evmin {P} \min _{i \in [n]} Q_{ii} 
l.1192 \end{align}
                  
The control sequence at the end of the top line
of your error message was never \def'ed. If you have
misspelled it (e.g., `\hobx'), type `I' and the correct
spelling (e.g., `I\hbox'). Otherwise just continue,
and I'll forget about whatever was undefined.

! Undefined control sequence.
<argument>  \evmin {P \circ Q} \geq \evmin 
                                           {P} \min _{i \in [n]} Q_{ii} 
l.1192 \end{align}
                  
The control sequence at the end of the top line
of your error message was never \def'ed. If you have
misspelled it (e.g., `\hobx'), type `I' and the correct
spelling (e.g., `I\hbox'). Otherwise just continue,
and I'll forget about whatever was undefined.

! Undefined control sequence.
<argument>  \evmin 
                   {JJ^T} &\geq \sum _{k=0}^{L-1} \evmin {F_k F_k^T \circ B_...
l.1199 \end{align}
                  
The control sequence at the end of the top line
of your error message was never \def'ed. If you have
misspelled it (e.g., `\hobx'), type `I' and the correct
spelling (e.g., `I\hbox'). Otherwise just continue,
and I'll forget about whatever was undefined.

! Undefined control sequence.
<argument> ...J^T} &\geq \sum _{k=0}^{L-1} \evmin 
                                                  {F_k F_k^T \circ B_{k+1} B...
l.1199 \end{align}
                  
The control sequence at the end of the top line
of your error message was never \def'ed. If you have
misspelled it (e.g., `\hobx'), type `I' and the correct
spelling (e.g., `I\hbox'). Otherwise just continue,
and I'll forget about whatever was undefined.

! Undefined control sequence.
<argument> ...} \\ &\geq \sum _{k=0}^{L-1} \evmin 
                                                  {F_k F_k^T} \min _{i \in [...
l.1199 \end{align}
                  
The control sequence at the end of the top line
of your error message was never \def'ed. If you have
misspelled it (e.g., `\hobx'), type `I' and the correct
spelling (e.g., `I\hbox'). Otherwise just continue,
and I'll forget about whatever was undefined.

! Undefined control sequence.
<argument>  \evmin 
                   {JJ^T} &\geq \sum _{k=0}^{L-1} \evmin {F_k F_k^T \circ B_...
l.1199 \end{align}
                  
The control sequence at the end of the top line
of your error message was never \def'ed. If you have
misspelled it (e.g., `\hobx'), type `I' and the correct
spelling (e.g., `I\hbox'). Otherwise just continue,
and I'll forget about whatever was undefined.

! Undefined control sequence.
<argument> ...J^T} &\geq \sum _{k=0}^{L-1} \evmin 
                                                  {F_k F_k^T \circ B_{k+1} B...
l.1199 \end{align}
                  
The control sequence at the end of the top line
of your error message was never \def'ed. If you have
misspelled it (e.g., `\hobx'), type `I' and the correct
spelling (e.g., `I\hbox'). Otherwise just continue,
and I'll forget about whatever was undefined.

! Undefined control sequence.
<argument> ...} \\ &\geq \sum _{k=0}^{L-1} \evmin 
                                                  {F_k F_k^T} \min _{i \in [...
l.1199 \end{align}
                  
The control sequence at the end of the top line
of your error message was never \def'ed. If you have
misspelled it (e.g., `\hobx'), type `I' and the correct
spelling (e.g., `I\hbox'). Otherwise just continue,
and I'll forget about whatever was undefined.

! Undefined control sequence.
<recently read> \evmin 
                       
l.1203 ...alues of feature Gram matrices}: $\evmin
                                                  {F_k F_k^T}$
The control sequence at the end of the top line
of your error message was never \def'ed. If you have
misspelled it (e.g., `\hobx'), type `I' and the correct
spelling (e.g., `I\hbox'). Otherwise just continue,
and I'll forget about whatever was undefined.

! Undefined control sequence.
<recently read> \evmin 
                       
l.1209 To bound $\evmin
                       {F_k F_k^T}$, the strategy uses Chernoff-type matrix ...
The control sequence at the end of the top line
of your error message was never \def'ed. If you have
misspelled it (e.g., `\hobx'), type `I' and the correct
spelling (e.g., `I\hbox'). Otherwise just continue,
and I'll forget about whatever was undefined.


! LaTeX Error: Environment lemma undefined.

See the LaTeX manual or LaTeX Companion for explanation.
Type  H <return>  for immediate help.
 ...                                              
                                                  
l.1210 \begin{lemma}
                    [Matrix Concentration for Features]
Your command was ignored.
Type  I <command> <return>  to replace it with another command,
or  <return>  to continue without it.

! Undefined control sequence.
l.1211 Let $\lambda = \evmin
                            {\E_{w \sim \mathcal{N}(0, \beta_k^2 \mathbf{I}_...
The control sequence at the end of the top line
of your error message was never \def'ed. If you have
misspelled it (e.g., `\hobx'), type `I' and the correct
spelling (e.g., `I\hbox'). Otherwise just continue,
and I'll forget about whatever was undefined.

File: polytechnique-logohori.pdf Graphic file (type pdf)
<use polytechnique-logohori.pdf>
Package pdftex.def Info: polytechnique-logohori.pdf  used on input line 1214.
(pdftex.def)             Requested size: 156.35799pt x 56.90453pt.
[29]
! Undefined control sequence.
<argument>  \svmin 
                   {F_k}^2 \geq \frac {n_k \lambda }{4} 
l.1218 \end{align}
                  
The control sequence at the end of the top line
of your error message was never \def'ed. If you have
misspelled it (e.g., `\hobx'), type `I' and the correct
spelling (e.g., `I\hbox'). Otherwise just continue,
and I'll forget about whatever was undefined.

! Undefined control sequence.
<argument>  \svmin 
                   {F_k}^2 \geq \frac {n_k \lambda }{4} 
l.1218 \end{align}
                  
The control sequence at the end of the top line
of your error message was never \def'ed. If you have
misspelled it (e.g., `\hobx'), type `I' and the correct
spelling (e.g., `I\hbox'). Otherwise just continue,
and I'll forget about whatever was undefined.


! LaTeX Error: \begin{document} ended by \end{lemma}.

See the LaTeX manual or LaTeX Companion for explanation.
Type  H <return>  for immediate help.
 ...                                              
                                                  
l.1226 \end{lemma}
                  
Your command was ignored.
Type  I <command> <return>  to replace it with another command,
or  <return>  to continue without it.

! Undefined control sequence.
<argument>  \lambda &= \evmin 
                              {\E [\sigma (F_{k-1}w)\sigma (F_{k-1}w)^T]} \\...
l.1235 \end{align}
                  
The control sequence at the end of the top line
of your error message was never \def'ed. If you have
misspelled it (e.g., `\hobx'), type `I' and the correct
spelling (e.g., `I\hbox'). Otherwise just continue,
and I'll forget about whatever was undefined.

! Undefined control sequence.
<argument> ...)\sigma (F_{k-1}w)^T]} \\ &= \evmin 
                                                  {D \E [\sigma (\hat {F}_{k...
l.1235 \end{align}
                  
The control sequence at the end of the top line
of your error message was never \def'ed. If you have
misspelled it (e.g., `\hobx'), type `I' and the correct
spelling (e.g., `I\hbox'). Otherwise just continue,
and I'll forget about whatever was undefined.

! Undefined control sequence.
<argument>  \lambda &= \evmin 
                              {\E [\sigma (F_{k-1}w)\sigma (F_{k-1}w)^T]} \\...
l.1235 \end{align}
                  
The control sequence at the end of the top line
of your error message was never \def'ed. If you have
misspelled it (e.g., `\hobx'), type `I' and the correct
spelling (e.g., `I\hbox'). Otherwise just continue,
and I'll forget about whatever was undefined.

! Undefined control sequence.
<argument> ...)\sigma (F_{k-1}w)^T]} \\ &= \evmin 
                                                  {D \E [\sigma (\hat {F}_{k...
l.1235 \end{align}
                  
The control sequence at the end of the top line
of your error message was never \def'ed. If you have
misspelled it (e.g., `\hobx'), type `I' and the correct
spelling (e.g., `I\hbox'). Otherwise just continue,
and I'll forget about whatever was undefined.

! Undefined control sequence.
<argument>  \lambda \geq \mu _r(\sigma )^2 \evmin 
                                                  {D(\hat {F}_{k-1}^{*r})(\h...
l.1252 \end{align}
                  
The control sequence at the end of the top line
of your error message was never \def'ed. If you have
misspelled it (e.g., `\hobx'), type `I' and the correct
spelling (e.g., `I\hbox'). Otherwise just continue,
and I'll forget about whatever was undefined.

! Undefined control sequence.
<argument> \evmin 
                  {(F_{k-1}^{*r})(F_{k-1}^{*r})^T}
l.1252 \end{align}
                  
The control sequence at the end of the top line
of your error message was never \def'ed. If you have
misspelled it (e.g., `\hobx'), type `I' and the correct
spelling (e.g., `I\hbox'). Otherwise just continue,
and I'll forget about whatever was undefined.

! Undefined control sequence.
<argument>  \lambda \geq \mu _r(\sigma )^2 \evmin 
                                                  {D(\hat {F}_{k-1}^{*r})(\h...
l.1252 \end{align}
                  
The control sequence at the end of the top line
of your error message was never \def'ed. If you have
misspelled it (e.g., `\hobx'), type `I' and the correct
spelling (e.g., `I\hbox'). Otherwise just continue,
and I'll forget about whatever was undefined.

! Undefined control sequence.
<argument> \evmin 
                  {(F_{k-1}^{*r})(F_{k-1}^{*r})^T}
l.1252 \end{align}
                  
The control sequence at the end of the top line
of your error message was never \def'ed. If you have
misspelled it (e.g., `\hobx'), type `I' and the correct
spelling (e.g., `I\hbox'). Otherwise just continue,
and I'll forget about whatever was undefined.

! Undefined control sequence.
l.1258 Let $\mu = \E_x[f_{k-1}(x)] \in \R
                                         ^{n_{k-1}}$ and $\Lambda = \text{di...
The control sequence at the end of the top line
of your error message was never \def'ed. If you have
misspelled it (e.g., `\hobx'), type `I' and the correct
spelling (e.g., `I\hbox'). Otherwise just continue,
and I'll forget about whatever was undefined.

File: polytechnique-logohori.pdf Graphic file (type pdf)
<use polytechnique-logohori.pdf>
Package pdftex.def Info: polytechnique-logohori.pdf  used on input line 1268.
(pdftex.def)             Requested size: 156.35799pt x 56.90453pt.
[30]
! Undefined control sequence.
<argument>  \evmin 
                   {(\tilde {F}_{k-1}^{*r})(\tilde {F}_{k-1}^{*r})^T} &\geq ...
l.1270 \end{align}
                  
The control sequence at the end of the top line
of your error message was never \def'ed. If you have
misspelled it (e.g., `\hobx'), type `I' and the correct
spelling (e.g., `I\hbox'). Otherwise just continue,
and I'll forget about whatever was undefined.

! Undefined control sequence.
<argument>  \evmin 
                   {(\tilde {F}_{k-1}^{*r})(\tilde {F}_{k-1}^{*r})^T} &\geq ...
l.1270 \end{align}
                  
The control sequence at the end of the top line
of your error message was never \def'ed. If you have
misspelled it (e.g., `\hobx'), type `I' and the correct
spelling (e.g., `I\hbox'). Otherwise just continue,
and I'll forget about whatever was undefined.

! Undefined control sequence.
<argument>  \evmin 
                   {\bar {K}^{(L)}} &\geq \sum _{k=0}^{L-1} \mu _r(\sigma )^...
l.1304 \end{align}
                  
The control sequence at the end of the top line
of your error message was never \def'ed. If you have
misspelled it (e.g., `\hobx'), type `I' and the correct
spelling (e.g., `I\hbox'). Otherwise just continue,
and I'll forget about whatever was undefined.

! Undefined control sequence.
<argument>  \evmin 
                   {\bar {K}^{(L)}} &\geq \sum _{k=0}^{L-1} \mu _r(\sigma )^...
l.1304 \end{align}
                  
The control sequence at the end of the top line
of your error message was never \def'ed. If you have
misspelled it (e.g., `\hobx'), type `I' and the correct
spelling (e.g., `I\hbox'). Otherwise just continue,
and I'll forget about whatever was undefined.

! Undefined control sequence.
<argument>  \evmin 
                   {JJ^T} &\leq (JJ^T)_{11} = \sum _{k=0}^{L-1} \|(F_k)_{1:}...
l.1320 \end{align}
                  
The control sequence at the end of the top line
of your error message was never \def'ed. If you have
misspelled it (e.g., `\hobx'), type `I' and the correct
spelling (e.g., `I\hbox'). Otherwise just continue,
and I'll forget about whatever was undefined.

! Undefined control sequence.
<argument>  \evmin 
                   {JJ^T} &\leq (JJ^T)_{11} = \sum _{k=0}^{L-1} \|(F_k)_{1:}...
l.1320 \end{align}
                  
The control sequence at the end of the top line
of your error message was never \def'ed. If you have
misspelled it (e.g., `\hobx'), type `I' and the correct
spelling (e.g., `I\hbox'). Otherwise just continue,
and I'll forget about whatever was undefined.

File: polytechnique-logohori.pdf Graphic file (type pdf)
<use polytechnique-logohori.pdf>
Package pdftex.def Info: polytechnique-logohori.pdf  used on input line 1320.
(pdftex.def)             Requested size: 156.35799pt x 56.90453pt.
[31]
! Undefined control sequence.
<argument> ...r(\sigma )^2 \Omega (d) \leq \evmin 
                                                  {\bar {K}^{(L)}} \leq \mat...
l.1328 \end{align}
                  
The control sequence at the end of the top line
of your error message was never \def'ed. If you have
misspelled it (e.g., `\hobx'), type `I' and the correct
spelling (e.g., `I\hbox'). Otherwise just continue,
and I'll forget about whatever was undefined.

! Undefined control sequence.
<argument> ...r(\sigma )^2 \Omega (d) \leq \evmin 
                                                  {\bar {K}^{(L)}} \leq \mat...
l.1328 \end{align}
                  
The control sequence at the end of the top line
of your error message was never \def'ed. If you have
misspelled it (e.g., `\hobx'), type `I' and the correct
spelling (e.g., `I\hbox'). Otherwise just continue,
and I'll forget about whatever was undefined.

File: polytechnique-logohori.pdf Graphic file (type pdf)
<use polytechnique-logohori.pdf>
Package pdftex.def Info: polytechnique-logohori.pdf  used on input line 1338.
(pdftex.def)             Requested size: 156.35799pt x 56.90453pt.
[32] (./report_part1.aux)
 ***********
LaTeX2e <2023-11-01> patch level 1
L3 programming layer <2024-01-22>
 ***********


LaTeX Warning: There were undefined references.


LaTeX Warning: Label(s) may have changed. Rerun to get cross-references right.


Package rerunfilecheck Warning: File `report_part1.out' has changed.
(rerunfilecheck)                Rerun to get outlines right
(rerunfilecheck)                or use package `bookmark'.

Package rerunfilecheck Info: Checksums for `report_part1.out':
(rerunfilecheck)             Before: 85E96BDBF782411FBA664114C1D0E3C1;16985
(rerunfilecheck)             After:  65A257E1F64D9030AF443000C0AC9B1C;16699.
Package logreq Info: Writing requests to 'report_part1.run.xml'.
\openout1 = `report_part1.run.xml'.

 ) 
Here is how much of TeX's memory you used:
 39164 strings out of 474222
 776475 string characters out of 5748733
 1944975 words of memory out of 5000000
 60651 multiletter control sequences out of 15000+600000
 642344 words of font info for 87 fonts, out of 8000000 for 9000
 1141 hyphenation exceptions out of 8191
 93i,15n,102p,1390b,2295s stack positions out of 10000i,1000n,20000p,200000b,200000s

pdfTeX warning (dest): name{subsubsection.7.2.11} has been referenced but does 
not exist, replaced by a fixed one


pdfTeX warning (dest): name{subsubsection.7.2.10} has been referenced but does 
not exist, replaced by a fixed one


pdfTeX warning (dest): name{subsubsection.7.2.9} has been referenced but does n
ot exist, replaced by a fixed one


pdfTeX warning (dest): name{subsubsection.7.2.8} has been referenced but does n
ot exist, replaced by a fixed one


pdfTeX warning (dest): name{subsubsection.7.2.7} has been referenced but does n
ot exist, replaced by a fixed one


pdfTeX warning (dest): name{subsubsection.7.2.6} has been referenced but does n
ot exist, replaced by a fixed one


pdfTeX warning (dest): name{subsubsection.7.2.5} has been referenced but does n
ot exist, replaced by a fixed one


pdfTeX warning (dest): name{subsubsection.7.2.4} has been referenced but does n
ot exist, replaced by a fixed one


pdfTeX warning (dest): name{subsubsection.7.2.3} has been referenced but does n
ot exist, replaced by a fixed one


pdfTeX warning (dest): name{subsubsection.7.2.2} has been referenced but does n
ot exist, replaced by a fixed one


pdfTeX warning (dest): name{subsubsection.7.2.1} has been referenced but does n
ot exist, replaced by a fixed one


pdfTeX warning (dest): name{subsection.7.2} has been referenced but does not ex
ist, replaced by a fixed one


pdfTeX warning (dest): name{subsection.7.1} has been referenced but does not ex
ist, replaced by a fixed one


pdfTeX warning (dest): name{section.7} has been referenced but does not exist, 
replaced by a fixed one


pdfTeX warning (dest): name{subsection.5.3} has been referenced but does not ex
ist, replaced by a fixed one


pdfTeX warning (dest): name{subsection.4.5} has been referenced but does not ex
ist, replaced by a fixed one


pdfTeX warning (dest): name{subsection.4.4} has been referenced but does not ex
ist, replaced by a fixed one


pdfTeX warning (dest): name{subsubsection.4.3.5} has been referenced but does n
ot exist, replaced by a fixed one


pdfTeX warning (dest): name{subsubsection.4.3.4} has been referenced but does n
ot exist, replaced by a fixed one


pdfTeX warning (dest): name{subsubsection.4.3.3} has been referenced but does n
ot exist, replaced by a fixed one


pdfTeX warning (dest): name{subsubsection.4.3.2} has been referenced but does n
ot exist, replaced by a fixed one


pdfTeX warning (dest): name{subsubsection.4.3.1} has been referenced but does n
ot exist, replaced by a fixed one


pdfTeX warning (dest): name{subsection.3.11} has been referenced but does not e
xist, replaced by a fixed one


pdfTeX warning (dest): name{subsection.3.10} has been referenced but does not e
xist, replaced by a fixed one


pdfTeX warning (dest): name{subsubsection.3.9.2} has been referenced but does n
ot exist, replaced by a fixed one


pdfTeX warning (dest): name{subsubsection.3.9.1} has been referenced but does n
ot exist, replaced by a fixed one


pdfTeX warning (dest): name{subsection.3.9} has been referenced but does not ex
ist, replaced by a fixed one


pdfTeX warning (dest): name{subsection.3.8} has been referenced but does not ex
ist, replaced by a fixed one


pdfTeX warning (dest): name{subsection.3.7} has been referenced but does not ex
ist, replaced by a fixed one


pdfTeX warning (dest): name{subsection.3.6} has been referenced but does not ex
ist, replaced by a fixed one

</usr/share/texmf/fonts/type1/public/lm/lmbsy10.pfb></usr/share/texmf/fonts/typ
e1/public/lm/lmbsy5.pfb></usr/share/texmf/fonts/type1/public/lm/lmbsy7.pfb></us
r/share/texmf/fonts/type1/public/lm/lmbx10.pfb></usr/share/texmf/fonts/type1/pu
blic/lm/lmbx5.pfb></usr/share/texmf/fonts/type1/public/lm/lmbx7.pfb></usr/share
/texmf/fonts/type1/public/lm/lmcsc10.pfb></usr/share/texmf/fonts/type1/public/l
m/lmex10.pfb></usr/share/texmf/fonts/type1/public/lm/lmmi10.pfb></usr/share/tex
mf/fonts/type1/public/lm/lmmi5.pfb></usr/share/texmf/fonts/type1/public/lm/lmmi
7.pfb></usr/share/texmf/fonts/type1/public/lm/lmmib10.pfb></usr/share/texmf/fon
ts/type1/public/lm/lmmib5.pfb></usr/share/texmf/fonts/type1/public/lm/lmmib7.pf
b></usr/share/texmf/fonts/type1/public/lm/lmr10.pfb></usr/share/texmf/fonts/typ
e1/public/lm/lmr12.pfb></usr/share/texmf/fonts/type1/public/lm/lmr5.pfb></usr/s
hare/texmf/fonts/type1/public/lm/lmr7.pfb></usr/share/texmf/fonts/type1/public/
lm/lmri10.pfb></usr/share/texmf/fonts/type1/public/lm/lmss12.pfb></usr/share/te
xmf/fonts/type1/public/lm/lmssbx10.pfb></usr/share/texmf/fonts/type1/public/lm/
lmsy10.pfb></usr/share/texmf/fonts/type1/public/lm/lmsy5.pfb></usr/share/texmf/
fonts/type1/public/lm/lmsy7.pfb></usr/share/texmf/fonts/type1/public/lm/lmtt10.
pfb></usr/share/texlive/texmf-dist/fonts/type1/public/amsfonts/symbols/msbm10.p
fb></usr/share/texlive/texmf-dist/fonts/type1/public/amsfonts/symbols/msbm7.pfb
>
Output written on report_part1.pdf (32 pages, 1823015 bytes).
PDF statistics:
 812 PDF objects out of 1000 (max. 8388607)
 664 compressed objects within 7 object streams
 173 named destinations out of 1000 (max. 500000)
 678 words of extra memory for PDF output out of 10000 (max. 10000000)

