Wall time,Step,Value,Var
1707687187.93188,1,0.240290239453316,0.000718957977369
1707687187.93253,2,0.272725999355316,0.00074953015428
1707687187.93318,3,0.311655640602112,0.000840279913973
1707687187.93365,4,0.360806435346603,0.00114441558253
1707687187.93431,5,0.422962784767151,0.001449575880542
1707687187.93474,6,0.51566618680954,0.00175041356124
1707687187.93533,7,0.691328644752502,0.00173025066033
