Wall time,Step,Value,Var
1707691100.22303,1,2.18743228912354,0.020318308845162
1707691100.22364,2,2.06750774383545,0.020199159160256
1707691100.22432,3,1.94059610366821,0.014349614270032
1707691100.22488,4,1.79703557491303,0.008783711120486
1707691100.22539,5,1.64850795269012,0.007574797142297
1707691100.22591,6,1.47708714008331,0.004422924481332
1707691100.22641,7,1.24574863910675,0.002337047597393
