Wall time,Step,Value,Var
1707701169.48142,1,0.518170654773712,0.000587012560572
1707701169.48203,2,0.544336795806885,0.000522790127434
1707701169.48248,3,0.57834929227829,0.0004657964746
1707701169.4829,4,0.615391314029694,0.000445405778009
1707701169.48355,5,0.667601525783539,0.000508249213453
1707701169.48433,6,0.732168138027191,0.000593094620854
1707701169.48498,7,0.839197516441345,0.000499955378473
