Wall time,Step,Value,Var
1707687187.93213,1,2.8816454410553,0.063941821455956
1707687187.93281,2,2.68090033531189,0.059102419763804
1707687187.93334,3,2.44895815849304,0.038390252739191
1707687187.93381,4,2.20613837242126,0.020154410973191
1707687187.93445,5,1.96031641960144,0.016965528950095
1707687187.93495,6,1.69130980968475,0.009283501654863
1707687187.93555,7,1.3495706319809,0.003668908495456
