Wall time,Step,Value,Var
1707685600.30538,1,4.08471870422363,0.345726728439331
1707685600.30603,2,3.59368252754211,0.151040986180305
1707685600.30663,3,3.30600929260254,0.11519730836153
1707685600.30707,4,2.86374306678772,0.079677551984787
1707685600.30752,5,2.42697620391846,0.044968739151955
1707685600.30795,6,2.01454401016235,0.029404057189822
1707685600.30844,7,1.50360095500946,0.009589420631528
