This is pdfTeX, Version 3.141592653-2.6-1.40.25 (TeX Live 2023/Debian) (preloaded format=pdflatex 2025.8.16)  16 AUG 2025 15:34
entering extended mode
 restricted \write18 enabled.
 %&-line parsing enabled.
**handcomputations.tex
(./handcomputations.tex
LaTeX2e <2023-11-01> patch level 1
L3 programming layer <2024-01-22>
(/usr/share/texlive/texmf-dist/tex/latex/base/article.cls
Document Class: article 2023/05/17 v1.4n Standard LaTeX document class
(/usr/share/texlive/texmf-dist/tex/latex/base/size11.clo
File: size11.clo 2023/05/17 v1.4n Standard LaTeX file (size option)
)
\c@part=\count187
\c@section=\count188
\c@subsection=\count189
\c@subsubsection=\count190
\c@paragraph=\count191
\c@subparagraph=\count192
\c@figure=\count193
\c@table=\count194
\abovecaptionskip=\skip48
\belowcaptionskip=\skip49
\bibindent=\dimen140
)
(/usr/share/texlive/texmf-dist/tex/latex/base/inputenc.sty
Package: inputenc 2021/02/14 v1.3d Input encoding file
\inpenc@prehook=\toks17
\inpenc@posthook=\toks18
)
(/usr/share/texlive/texmf-dist/tex/latex/base/fontenc.sty
Package: fontenc 2021/04/29 v2.0v Standard LaTeX package
)
(/usr/share/texlive/texmf-dist/tex/generic/babel/babel.sty
Package: babel 2024/01/07 v24.1 The Babel package
\babel@savecnt=\count195
\U@D=\dimen141
\l@unhyphenated=\language89

(/usr/share/texlive/texmf-dist/tex/generic/babel/txtbabel.def)
\bbl@readstream=\read2
\bbl@dirlevel=\count196

(/usr/share/texlive/texmf-dist/tex/generic/babel-english/english.ldf
Language: english 2017/06/06 v3.3r English support from the babel system
Package babel Info: Hyphen rules for 'canadian' set to \l@english
(babel)             (\language0). Reported on input line 102.
Package babel Info: Hyphen rules for 'australian' set to \l@ukenglish
(babel)             (\language43). Reported on input line 105.
Package babel Info: Hyphen rules for 'newzealand' set to \l@ukenglish
(babel)             (\language43). Reported on input line 108.
))
(/usr/share/texlive/texmf-dist/tex/generic/babel/locale/en/babel-english.tex
Package babel Info: Importing font and identification data for english
(babel)             from babel-en.ini. Reported on input line 11.
)
(/usr/share/texlive/texmf-dist/tex/latex/amsmath/amsmath.sty
Package: amsmath 2023/05/13 v2.17o AMS math features
\@mathmargin=\skip50

For additional information on amsmath, use the `?' option.
(/usr/share/texlive/texmf-dist/tex/latex/amsmath/amstext.sty
Package: amstext 2021/08/26 v2.01 AMS text

(/usr/share/texlive/texmf-dist/tex/latex/amsmath/amsgen.sty
File: amsgen.sty 1999/11/30 v2.0 generic functions
\@emptytoks=\toks19
\ex@=\dimen142
))
(/usr/share/texlive/texmf-dist/tex/latex/amsmath/amsbsy.sty
Package: amsbsy 1999/11/29 v1.2d Bold Symbols
\pmbraise@=\dimen143
)
(/usr/share/texlive/texmf-dist/tex/latex/amsmath/amsopn.sty
Package: amsopn 2022/04/08 v2.04 operator names
)
\inf@bad=\count197
LaTeX Info: Redefining \frac on input line 234.
\uproot@=\count198
\leftroot@=\count199
LaTeX Info: Redefining \overline on input line 399.
LaTeX Info: Redefining \colon on input line 410.
\classnum@=\count266
\DOTSCASE@=\count267
LaTeX Info: Redefining \ldots on input line 496.
LaTeX Info: Redefining \dots on input line 499.
LaTeX Info: Redefining \cdots on input line 620.
\Mathstrutbox@=\box51
\strutbox@=\box52
LaTeX Info: Redefining \big on input line 722.
LaTeX Info: Redefining \Big on input line 723.
LaTeX Info: Redefining \bigg on input line 724.
LaTeX Info: Redefining \Bigg on input line 725.
\big@size=\dimen144
LaTeX Font Info:    Redeclaring font encoding OML on input line 743.
LaTeX Font Info:    Redeclaring font encoding OMS on input line 744.
\macc@depth=\count268
LaTeX Info: Redefining \bmod on input line 905.
LaTeX Info: Redefining \pmod on input line 910.
LaTeX Info: Redefining \smash on input line 940.
LaTeX Info: Redefining \relbar on input line 970.
LaTeX Info: Redefining \Relbar on input line 971.
\c@MaxMatrixCols=\count269
\dotsspace@=\muskip16
\c@parentequation=\count270
\dspbrk@lvl=\count271
\tag@help=\toks20
\row@=\count272
\column@=\count273
\maxfields@=\count274
\andhelp@=\toks21
\eqnshift@=\dimen145
\alignsep@=\dimen146
\tagshift@=\dimen147
\tagwidth@=\dimen148
\totwidth@=\dimen149
\lineht@=\dimen150
\@envbody=\toks22
\multlinegap=\skip51
\multlinetaggap=\skip52
\mathdisplay@stack=\toks23
LaTeX Info: Redefining \[ on input line 2953.
LaTeX Info: Redefining \] on input line 2954.
)
(/usr/share/texlive/texmf-dist/tex/latex/amsfonts/amssymb.sty
Package: amssymb 2013/01/14 v3.01 AMS font symbols

(/usr/share/texlive/texmf-dist/tex/latex/amsfonts/amsfonts.sty
Package: amsfonts 2013/01/14 v3.01 Basic AMSFonts support
\symAMSa=\mathgroup4
\symAMSb=\mathgroup5
LaTeX Font Info:    Redeclaring math symbol \hbar on input line 98.
LaTeX Font Info:    Overwriting math alphabet `\mathfrak' in version `bold'
(Font)                  U/euf/m/n --> U/euf/b/n on input line 106.
))
(/usr/share/texlive/texmf-dist/tex/latex/mathtools/mathtools.sty
Package: mathtools 2022/06/29 v1.29 mathematical typesetting tools

(/usr/share/texlive/texmf-dist/tex/latex/graphics/keyval.sty
Package: keyval 2022/05/29 v1.15 key=value parser (DPC)
\KV@toks@=\toks24
)
(/usr/share/texlive/texmf-dist/tex/latex/tools/calc.sty
Package: calc 2023/07/08 v4.3 Infix arithmetic (KKT,FJ)
\calc@Acount=\count275
\calc@Bcount=\count276
\calc@Adimen=\dimen151
\calc@Bdimen=\dimen152
\calc@Askip=\skip53
\calc@Bskip=\skip54
LaTeX Info: Redefining \setlength on input line 80.
LaTeX Info: Redefining \addtolength on input line 81.
\calc@Ccount=\count277
\calc@Cskip=\skip55
)
(/usr/share/texlive/texmf-dist/tex/latex/mathtools/mhsetup.sty
Package: mhsetup 2021/03/18 v1.4 programming setup (MH)
)
\g_MT_multlinerow_int=\count278
\l_MT_multwidth_dim=\dimen153
\origjot=\skip56
\l_MT_shortvdotswithinadjustabove_dim=\dimen154
\l_MT_shortvdotswithinadjustbelow_dim=\dimen155
\l_MT_above_intertext_sep=\dimen156
\l_MT_below_intertext_sep=\dimen157
\l_MT_above_shortintertext_sep=\dimen158
\l_MT_below_shortintertext_sep=\dimen159
\xmathstrut@box=\box53
\xmathstrut@dim=\dimen160
)
(/usr/share/texlive/texmf-dist/tex/latex/pgf/frontendlayer/tikz.sty
(/usr/share/texlive/texmf-dist/tex/latex/pgf/basiclayer/pgf.sty
(/usr/share/texlive/texmf-dist/tex/latex/pgf/utilities/pgfrcs.sty
(/usr/share/texlive/texmf-dist/tex/generic/pgf/utilities/pgfutil-common.tex
\pgfutil@everybye=\toks25
\pgfutil@tempdima=\dimen161
\pgfutil@tempdimb=\dimen162
)
(/usr/share/texlive/texmf-dist/tex/generic/pgf/utilities/pgfutil-latex.def
\pgfutil@abb=\box54
)
(/usr/share/texlive/texmf-dist/tex/generic/pgf/utilities/pgfrcs.code.tex
(/usr/share/texlive/texmf-dist/tex/generic/pgf/pgf.revision.tex)
Package: pgfrcs 2023-01-15 v3.1.10 (3.1.10)
))
Package: pgf 2023-01-15 v3.1.10 (3.1.10)

(/usr/share/texlive/texmf-dist/tex/latex/pgf/basiclayer/pgfcore.sty
(/usr/share/texlive/texmf-dist/tex/latex/graphics/graphicx.sty
Package: graphicx 2021/09/16 v1.2d Enhanced LaTeX Graphics (DPC,SPQR)

(/usr/share/texlive/texmf-dist/tex/latex/graphics/graphics.sty
Package: graphics 2022/03/10 v1.4e Standard LaTeX Graphics (DPC,SPQR)

(/usr/share/texlive/texmf-dist/tex/latex/graphics/trig.sty
Package: trig 2021/08/11 v1.11 sin cos tan (DPC)
)
(/usr/share/texlive/texmf-dist/tex/latex/graphics-cfg/graphics.cfg
File: graphics.cfg 2016/06/04 v1.11 sample graphics configuration
)
Package graphics Info: Driver file: pdftex.def on input line 107.

(/usr/share/texlive/texmf-dist/tex/latex/graphics-def/pdftex.def
File: pdftex.def 2022/09/22 v1.2b Graphics/color driver for pdftex
))
\Gin@req@height=\dimen163
\Gin@req@width=\dimen164
)
(/usr/share/texlive/texmf-dist/tex/latex/pgf/systemlayer/pgfsys.sty
(/usr/share/texlive/texmf-dist/tex/generic/pgf/systemlayer/pgfsys.code.tex
Package: pgfsys 2023-01-15 v3.1.10 (3.1.10)

(/usr/share/texlive/texmf-dist/tex/generic/pgf/utilities/pgfkeys.code.tex
\pgfkeys@pathtoks=\toks26
\pgfkeys@temptoks=\toks27

(/usr/share/texlive/texmf-dist/tex/generic/pgf/utilities/pgfkeyslibraryfiltered
.code.tex
\pgfkeys@tmptoks=\toks28
))
\pgf@x=\dimen165
\pgf@y=\dimen166
\pgf@xa=\dimen167
\pgf@ya=\dimen168
\pgf@xb=\dimen169
\pgf@yb=\dimen170
\pgf@xc=\dimen171
\pgf@yc=\dimen172
\pgf@xd=\dimen173
\pgf@yd=\dimen174
\w@pgf@writea=\write3
\r@pgf@reada=\read3
\c@pgf@counta=\count279
\c@pgf@countb=\count280
\c@pgf@countc=\count281
\c@pgf@countd=\count282
\t@pgf@toka=\toks29
\t@pgf@tokb=\toks30
\t@pgf@tokc=\toks31
\pgf@sys@id@count=\count283
 (/usr/share/texlive/texmf-dist/tex/generic/pgf/systemlayer/pgf.cfg
File: pgf.cfg 2023-01-15 v3.1.10 (3.1.10)
)
Driver file for pgf: pgfsys-pdftex.def
(/usr/share/texlive/texmf-dist/tex/generic/pgf/systemlayer/pgfsys-pdftex.def
File: pgfsys-pdftex.def 2023-01-15 v3.1.10 (3.1.10)

(/usr/share/texlive/texmf-dist/tex/generic/pgf/systemlayer/pgfsys-common-pdf.de
f
File: pgfsys-common-pdf.def 2023-01-15 v3.1.10 (3.1.10)
)))
(/usr/share/texlive/texmf-dist/tex/generic/pgf/systemlayer/pgfsyssoftpath.code.
tex
File: pgfsyssoftpath.code.tex 2023-01-15 v3.1.10 (3.1.10)
\pgfsyssoftpath@smallbuffer@items=\count284
\pgfsyssoftpath@bigbuffer@items=\count285
)
(/usr/share/texlive/texmf-dist/tex/generic/pgf/systemlayer/pgfsysprotocol.code.
tex
File: pgfsysprotocol.code.tex 2023-01-15 v3.1.10 (3.1.10)
)) (/usr/share/texlive/texmf-dist/tex/latex/xcolor/xcolor.sty
Package: xcolor 2023/11/15 v3.01 LaTeX color extensions (UK)

(/usr/share/texlive/texmf-dist/tex/latex/graphics-cfg/color.cfg
File: color.cfg 2016/01/02 v1.6 sample color configuration
)
Package xcolor Info: Driver file: pdftex.def on input line 274.

(/usr/share/texlive/texmf-dist/tex/latex/graphics/mathcolor.ltx)
Package xcolor Info: Model `cmy' substituted by `cmy0' on input line 1350.
Package xcolor Info: Model `hsb' substituted by `rgb' on input line 1354.
Package xcolor Info: Model `RGB' extended on input line 1366.
Package xcolor Info: Model `HTML' substituted by `rgb' on input line 1368.
Package xcolor Info: Model `Hsb' substituted by `hsb' on input line 1369.
Package xcolor Info: Model `tHsb' substituted by `hsb' on input line 1370.
Package xcolor Info: Model `HSB' substituted by `hsb' on input line 1371.
Package xcolor Info: Model `Gray' substituted by `gray' on input line 1372.
Package xcolor Info: Model `wave' substituted by `hsb' on input line 1373.
)
(/usr/share/texlive/texmf-dist/tex/generic/pgf/basiclayer/pgfcore.code.tex
Package: pgfcore 2023-01-15 v3.1.10 (3.1.10)

(/usr/share/texlive/texmf-dist/tex/generic/pgf/math/pgfmath.code.tex
(/usr/share/texlive/texmf-dist/tex/generic/pgf/math/pgfmathutil.code.tex)
(/usr/share/texlive/texmf-dist/tex/generic/pgf/math/pgfmathparser.code.tex
\pgfmath@dimen=\dimen175
\pgfmath@count=\count286
\pgfmath@box=\box55
\pgfmath@toks=\toks32
\pgfmath@stack@operand=\toks33
\pgfmath@stack@operation=\toks34
)
(/usr/share/texlive/texmf-dist/tex/generic/pgf/math/pgfmathfunctions.code.tex)
(/usr/share/texlive/texmf-dist/tex/generic/pgf/math/pgfmathfunctions.basic.code
.tex)
(/usr/share/texlive/texmf-dist/tex/generic/pgf/math/pgfmathfunctions.trigonomet
ric.code.tex)
(/usr/share/texlive/texmf-dist/tex/generic/pgf/math/pgfmathfunctions.random.cod
e.tex)
(/usr/share/texlive/texmf-dist/tex/generic/pgf/math/pgfmathfunctions.comparison
.code.tex)
(/usr/share/texlive/texmf-dist/tex/generic/pgf/math/pgfmathfunctions.base.code.
tex)
(/usr/share/texlive/texmf-dist/tex/generic/pgf/math/pgfmathfunctions.round.code
.tex)
(/usr/share/texlive/texmf-dist/tex/generic/pgf/math/pgfmathfunctions.misc.code.
tex)
(/usr/share/texlive/texmf-dist/tex/generic/pgf/math/pgfmathfunctions.integerari
thmetics.code.tex)
(/usr/share/texlive/texmf-dist/tex/generic/pgf/math/pgfmathcalc.code.tex)
(/usr/share/texlive/texmf-dist/tex/generic/pgf/math/pgfmathfloat.code.tex
\c@pgfmathroundto@lastzeros=\count287
))
(/usr/share/texlive/texmf-dist/tex/generic/pgf/math/pgfint.code.tex)
(/usr/share/texlive/texmf-dist/tex/generic/pgf/basiclayer/pgfcorepoints.code.te
x
File: pgfcorepoints.code.tex 2023-01-15 v3.1.10 (3.1.10)
\pgf@picminx=\dimen176
\pgf@picmaxx=\dimen177
\pgf@picminy=\dimen178
\pgf@picmaxy=\dimen179
\pgf@pathminx=\dimen180
\pgf@pathmaxx=\dimen181
\pgf@pathminy=\dimen182
\pgf@pathmaxy=\dimen183
\pgf@xx=\dimen184
\pgf@xy=\dimen185
\pgf@yx=\dimen186
\pgf@yy=\dimen187
\pgf@zx=\dimen188
\pgf@zy=\dimen189
)
(/usr/share/texlive/texmf-dist/tex/generic/pgf/basiclayer/pgfcorepathconstruct.
code.tex
File: pgfcorepathconstruct.code.tex 2023-01-15 v3.1.10 (3.1.10)
\pgf@path@lastx=\dimen190
\pgf@path@lasty=\dimen191
)
(/usr/share/texlive/texmf-dist/tex/generic/pgf/basiclayer/pgfcorepathusage.code
.tex
File: pgfcorepathusage.code.tex 2023-01-15 v3.1.10 (3.1.10)
\pgf@shorten@end@additional=\dimen192
\pgf@shorten@start@additional=\dimen193
)
(/usr/share/texlive/texmf-dist/tex/generic/pgf/basiclayer/pgfcorescopes.code.te
x
File: pgfcorescopes.code.tex 2023-01-15 v3.1.10 (3.1.10)
\pgfpic=\box56
\pgf@hbox=\box57
\pgf@layerbox@main=\box58
\pgf@picture@serial@count=\count288
)
(/usr/share/texlive/texmf-dist/tex/generic/pgf/basiclayer/pgfcoregraphicstate.c
ode.tex
File: pgfcoregraphicstate.code.tex 2023-01-15 v3.1.10 (3.1.10)
\pgflinewidth=\dimen194
)
(/usr/share/texlive/texmf-dist/tex/generic/pgf/basiclayer/pgfcoretransformation
s.code.tex
File: pgfcoretransformations.code.tex 2023-01-15 v3.1.10 (3.1.10)
\pgf@pt@x=\dimen195
\pgf@pt@y=\dimen196
\pgf@pt@temp=\dimen197
)
(/usr/share/texlive/texmf-dist/tex/generic/pgf/basiclayer/pgfcorequick.code.tex
File: pgfcorequick.code.tex 2023-01-15 v3.1.10 (3.1.10)
)
(/usr/share/texlive/texmf-dist/tex/generic/pgf/basiclayer/pgfcoreobjects.code.t
ex
File: pgfcoreobjects.code.tex 2023-01-15 v3.1.10 (3.1.10)
)
(/usr/share/texlive/texmf-dist/tex/generic/pgf/basiclayer/pgfcorepathprocessing
.code.tex
File: pgfcorepathprocessing.code.tex 2023-01-15 v3.1.10 (3.1.10)
)
(/usr/share/texlive/texmf-dist/tex/generic/pgf/basiclayer/pgfcorearrows.code.te
x
File: pgfcorearrows.code.tex 2023-01-15 v3.1.10 (3.1.10)
\pgfarrowsep=\dimen198
)
(/usr/share/texlive/texmf-dist/tex/generic/pgf/basiclayer/pgfcoreshade.code.tex
File: pgfcoreshade.code.tex 2023-01-15 v3.1.10 (3.1.10)
\pgf@max=\dimen199
\pgf@sys@shading@range@num=\count289
\pgf@shadingcount=\count290
)
(/usr/share/texlive/texmf-dist/tex/generic/pgf/basiclayer/pgfcoreimage.code.tex
File: pgfcoreimage.code.tex 2023-01-15 v3.1.10 (3.1.10)
)
(/usr/share/texlive/texmf-dist/tex/generic/pgf/basiclayer/pgfcoreexternal.code.
tex
File: pgfcoreexternal.code.tex 2023-01-15 v3.1.10 (3.1.10)
\pgfexternal@startupbox=\box59
)
(/usr/share/texlive/texmf-dist/tex/generic/pgf/basiclayer/pgfcorelayers.code.te
x
File: pgfcorelayers.code.tex 2023-01-15 v3.1.10 (3.1.10)
)
(/usr/share/texlive/texmf-dist/tex/generic/pgf/basiclayer/pgfcoretransparency.c
ode.tex
File: pgfcoretransparency.code.tex 2023-01-15 v3.1.10 (3.1.10)
)
(/usr/share/texlive/texmf-dist/tex/generic/pgf/basiclayer/pgfcorepatterns.code.
tex
File: pgfcorepatterns.code.tex 2023-01-15 v3.1.10 (3.1.10)
)
(/usr/share/texlive/texmf-dist/tex/generic/pgf/basiclayer/pgfcorerdf.code.tex
File: pgfcorerdf.code.tex 2023-01-15 v3.1.10 (3.1.10)
)))
(/usr/share/texlive/texmf-dist/tex/generic/pgf/modules/pgfmoduleshapes.code.tex
File: pgfmoduleshapes.code.tex 2023-01-15 v3.1.10 (3.1.10)
\pgfnodeparttextbox=\box60
) (/usr/share/texlive/texmf-dist/tex/generic/pgf/modules/pgfmoduleplot.code.tex
File: pgfmoduleplot.code.tex 2023-01-15 v3.1.10 (3.1.10)
)
(/usr/share/texlive/texmf-dist/tex/latex/pgf/compatibility/pgfcomp-version-0-65
.sty
Package: pgfcomp-version-0-65 2023-01-15 v3.1.10 (3.1.10)
\pgf@nodesepstart=\dimen256
\pgf@nodesepend=\dimen257
)
(/usr/share/texlive/texmf-dist/tex/latex/pgf/compatibility/pgfcomp-version-1-18
.sty
Package: pgfcomp-version-1-18 2023-01-15 v3.1.10 (3.1.10)
)) (/usr/share/texlive/texmf-dist/tex/latex/pgf/utilities/pgffor.sty
(/usr/share/texlive/texmf-dist/tex/latex/pgf/utilities/pgfkeys.sty
(/usr/share/texlive/texmf-dist/tex/generic/pgf/utilities/pgfkeys.code.tex))
(/usr/share/texlive/texmf-dist/tex/latex/pgf/math/pgfmath.sty
(/usr/share/texlive/texmf-dist/tex/generic/pgf/math/pgfmath.code.tex))
(/usr/share/texlive/texmf-dist/tex/generic/pgf/utilities/pgffor.code.tex
Package: pgffor 2023-01-15 v3.1.10 (3.1.10)
\pgffor@iter=\dimen258
\pgffor@skip=\dimen259
\pgffor@stack=\toks35
\pgffor@toks=\toks36
))
(/usr/share/texlive/texmf-dist/tex/generic/pgf/frontendlayer/tikz/tikz.code.tex
Package: tikz 2023-01-15 v3.1.10 (3.1.10)

(/usr/share/texlive/texmf-dist/tex/generic/pgf/libraries/pgflibraryplothandlers
.code.tex
File: pgflibraryplothandlers.code.tex 2023-01-15 v3.1.10 (3.1.10)
\pgf@plot@mark@count=\count291
\pgfplotmarksize=\dimen260
)
\tikz@lastx=\dimen261
\tikz@lasty=\dimen262
\tikz@lastxsaved=\dimen263
\tikz@lastysaved=\dimen264
\tikz@lastmovetox=\dimen265
\tikz@lastmovetoy=\dimen266
\tikzleveldistance=\dimen267
\tikzsiblingdistance=\dimen268
\tikz@figbox=\box61
\tikz@figbox@bg=\box62
\tikz@tempbox=\box63
\tikz@tempbox@bg=\box64
\tikztreelevel=\count292
\tikznumberofchildren=\count293
\tikznumberofcurrentchild=\count294
\tikz@fig@count=\count295

(/usr/share/texlive/texmf-dist/tex/generic/pgf/modules/pgfmodulematrix.code.tex
File: pgfmodulematrix.code.tex 2023-01-15 v3.1.10 (3.1.10)
\pgfmatrixcurrentrow=\count296
\pgfmatrixcurrentcolumn=\count297
\pgf@matrix@numberofcolumns=\count298
)
\tikz@expandcount=\count299

(/usr/share/texlive/texmf-dist/tex/generic/pgf/frontendlayer/tikz/libraries/tik
zlibrarytopaths.code.tex
File: tikzlibrarytopaths.code.tex 2023-01-15 v3.1.10 (3.1.10)
)))
(/usr/share/texlive/texmf-dist/tex/latex/tcolorbox/tcolorbox.sty
Package: tcolorbox 2024/01/10 version 6.2.0 text color boxes

(/usr/share/texlive/texmf-dist/tex/latex/tools/verbatim.sty
Package: verbatim 2023-11-06 v1.5v LaTeX2e package for verbatim enhancements
\every@verbatim=\toks37
\verbatim@line=\toks38
\verbatim@in@stream=\read4
)
(/usr/share/texlive/texmf-dist/tex/latex/environ/environ.sty
Package: environ 2014/05/04 v0.3 A new way to define environments

(/usr/share/texlive/texmf-dist/tex/latex/trimspaces/trimspaces.sty
Package: trimspaces 2009/09/17 v1.1 Trim spaces around a token list
))
(/usr/share/texlive/texmf-dist/tex/latex/etoolbox/etoolbox.sty
Package: etoolbox 2020/10/05 v2.5k e-TeX tools for LaTeX (JAW)
\etb@tempcnta=\count300
)
\tcb@titlebox=\box65
\tcb@upperbox=\box66
\tcb@lowerbox=\box67
\tcb@phantombox=\box68
\c@tcbbreakpart=\count301
\c@tcblayer=\count302
\c@tcolorbox@number=\count303
\l__tcobox_tmpa_box=\box69
\l__tcobox_tmpa_dim=\dimen269
\tcb@temp=\box70
\tcb@temp=\box71
\tcb@temp=\box72
\tcb@temp=\box73
)
(/usr/share/texlive/texmf-dist/tex/latex/geometry/geometry.sty
Package: geometry 2020/01/02 v5.9 Page Geometry

(/usr/share/texlive/texmf-dist/tex/generic/iftex/ifvtex.sty
Package: ifvtex 2019/10/25 v1.7 ifvtex legacy package. Use iftex instead.

(/usr/share/texlive/texmf-dist/tex/generic/iftex/iftex.sty
Package: iftex 2022/02/03 v1.0f TeX engine tests
))
\Gm@cnth=\count304
\Gm@cntv=\count305
\c@Gm@tempcnt=\count306
\Gm@bindingoffset=\dimen270
\Gm@wd@mp=\dimen271
\Gm@odd@mp=\dimen272
\Gm@even@mp=\dimen273
\Gm@layoutwidth=\dimen274
\Gm@layoutheight=\dimen275
\Gm@layouthoffset=\dimen276
\Gm@layoutvoffset=\dimen277
\Gm@dimlist=\toks39
)
(/usr/share/texlive/texmf-dist/tex/latex/hyperref/hyperref.sty
Package: hyperref 2024-01-20 v7.01h Hypertext links for LaTeX

(/usr/share/texlive/texmf-dist/tex/latex/kvsetkeys/kvsetkeys.sty
Package: kvsetkeys 2022-10-05 v1.19 Key value parser (HO)
)
(/usr/share/texlive/texmf-dist/tex/generic/kvdefinekeys/kvdefinekeys.sty
Package: kvdefinekeys 2019-12-19 v1.6 Define keys (HO)
)
(/usr/share/texlive/texmf-dist/tex/generic/pdfescape/pdfescape.sty
Package: pdfescape 2019/12/09 v1.15 Implements pdfTeX's escape features (HO)

(/usr/share/texlive/texmf-dist/tex/generic/ltxcmds/ltxcmds.sty
Package: ltxcmds 2023-12-04 v1.26 LaTeX kernel commands for general use (HO)
)
(/usr/share/texlive/texmf-dist/tex/generic/pdftexcmds/pdftexcmds.sty
Package: pdftexcmds 2020-06-27 v0.33 Utility functions of pdfTeX for LuaTeX (HO
)

(/usr/share/texlive/texmf-dist/tex/generic/infwarerr/infwarerr.sty
Package: infwarerr 2019/12/03 v1.5 Providing info/warning/error messages (HO)
)
Package pdftexcmds Info: \pdf@primitive is available.
Package pdftexcmds Info: \pdf@ifprimitive is available.
Package pdftexcmds Info: \pdfdraftmode found.
))
(/usr/share/texlive/texmf-dist/tex/latex/hycolor/hycolor.sty
Package: hycolor 2020-01-27 v1.10 Color options for hyperref/bookmark (HO)
)
(/usr/share/texlive/texmf-dist/tex/latex/auxhook/auxhook.sty
Package: auxhook 2019-12-17 v1.6 Hooks for auxiliary files (HO)
)
(/usr/share/texlive/texmf-dist/tex/latex/hyperref/nameref.sty
Package: nameref 2023-11-26 v2.56 Cross-referencing by name of section

(/usr/share/texlive/texmf-dist/tex/latex/refcount/refcount.sty
Package: refcount 2019/12/15 v3.6 Data extraction from label references (HO)
)
(/usr/share/texlive/texmf-dist/tex/generic/gettitlestring/gettitlestring.sty
Package: gettitlestring 2019/12/15 v1.6 Cleanup title references (HO)

(/usr/share/texlive/texmf-dist/tex/latex/kvoptions/kvoptions.sty
Package: kvoptions 2022-06-15 v3.15 Key value format for package options (HO)
))
\c@section@level=\count307
)
\@linkdim=\dimen278
\Hy@linkcounter=\count308
\Hy@pagecounter=\count309

(/usr/share/texlive/texmf-dist/tex/latex/hyperref/pd1enc.def
File: pd1enc.def 2024-01-20 v7.01h Hyperref: PDFDocEncoding definition (HO)
Now handling font encoding PD1 ...
... no UTF-8 mapping file for font encoding PD1
)
(/usr/share/texlive/texmf-dist/tex/generic/intcalc/intcalc.sty
Package: intcalc 2019/12/15 v1.3 Expandable calculations with integers (HO)
)
\Hy@SavedSpaceFactor=\count310

(/usr/share/texlive/texmf-dist/tex/latex/hyperref/puenc.def
File: puenc.def 2024-01-20 v7.01h Hyperref: PDF Unicode definition (HO)
Now handling font encoding PU ...
... no UTF-8 mapping file for font encoding PU
)
Package hyperref Info: Hyper figures OFF on input line 4179.
Package hyperref Info: Link nesting OFF on input line 4184.
Package hyperref Info: Hyper index ON on input line 4187.
Package hyperref Info: Plain pages OFF on input line 4194.
Package hyperref Info: Backreferencing OFF on input line 4199.
Package hyperref Info: Implicit mode ON; LaTeX internals redefined.
Package hyperref Info: Bookmarks ON on input line 4446.
\c@Hy@tempcnt=\count311

(/usr/share/texlive/texmf-dist/tex/latex/url/url.sty
\Urlmuskip=\muskip17
Package: url 2013/09/16  ver 3.4  Verb mode for urls, etc.
)
LaTeX Info: Redefining \url on input line 4784.
\XeTeXLinkMargin=\dimen279

(/usr/share/texlive/texmf-dist/tex/generic/bitset/bitset.sty
Package: bitset 2019/12/09 v1.3 Handle bit-vector datatype (HO)

(/usr/share/texlive/texmf-dist/tex/generic/bigintcalc/bigintcalc.sty
Package: bigintcalc 2019/12/15 v1.5 Expandable calculations on big integers (HO
)
))
\Fld@menulength=\count312
\Field@Width=\dimen280
\Fld@charsize=\dimen281
Package hyperref Info: Hyper figures OFF on input line 6063.
Package hyperref Info: Link nesting OFF on input line 6068.
Package hyperref Info: Hyper index ON on input line 6071.
Package hyperref Info: backreferencing OFF on input line 6078.
Package hyperref Info: Link coloring OFF on input line 6083.
Package hyperref Info: Link coloring with OCG OFF on input line 6088.
Package hyperref Info: PDF/A mode OFF on input line 6093.

(/usr/share/texlive/texmf-dist/tex/latex/base/atbegshi-ltx.sty
Package: atbegshi-ltx 2021/01/10 v1.0c Emulation of the original atbegshi
package with kernel methods
)
\Hy@abspage=\count313
\c@Item=\count314
\c@Hfootnote=\count315
)
Package hyperref Info: Driver (autodetected): hpdftex.

(/usr/share/texlive/texmf-dist/tex/latex/hyperref/hpdftex.def
File: hpdftex.def 2024-01-20 v7.01h Hyperref driver for pdfTeX

(/usr/share/texlive/texmf-dist/tex/latex/base/atveryend-ltx.sty
Package: atveryend-ltx 2020/08/19 v1.0a Emulation of the original atveryend pac
kage
with kernel methods
)
\Fld@listcount=\count316
\c@bookmark@seq@number=\count317

(/usr/share/texlive/texmf-dist/tex/latex/rerunfilecheck/rerunfilecheck.sty
Package: rerunfilecheck 2022-07-10 v1.10 Rerun checks for auxiliary files (HO)

(/usr/share/texlive/texmf-dist/tex/generic/uniquecounter/uniquecounter.sty
Package: uniquecounter 2019/12/15 v1.4 Provide unlimited unique counter (HO)
)
Package uniquecounter Info: New unique counter `rerunfilecheck' on input line 2
85.
)
\Hy@SectionHShift=\skip57
)
Package hyperref Info: Option `colorlinks' set `true' on input line 28.

(/usr/share/texlive/texmf-dist/tex/latex/l3backend/l3backend-pdftex.def
File: l3backend-pdftex.def 2024-01-04 L3 backend support: PDF output (pdfTeX)
\l__color_backend_stack_int=\count318
\l__pdf_internal_box=\box74
)
(./handcomputations.aux)
\openout1 = `handcomputations.aux'.

LaTeX Font Info:    Checking defaults for OML/cmm/m/it on input line 41.
LaTeX Font Info:    ... okay on input line 41.
LaTeX Font Info:    Checking defaults for OMS/cmsy/m/n on input line 41.
LaTeX Font Info:    ... okay on input line 41.
LaTeX Font Info:    Checking defaults for OT1/cmr/m/n on input line 41.
LaTeX Font Info:    ... okay on input line 41.
LaTeX Font Info:    Checking defaults for T1/cmr/m/n on input line 41.
LaTeX Font Info:    ... okay on input line 41.
LaTeX Font Info:    Checking defaults for TS1/cmr/m/n on input line 41.
LaTeX Font Info:    ... okay on input line 41.
LaTeX Font Info:    Checking defaults for OMX/cmex/m/n on input line 41.
LaTeX Font Info:    ... okay on input line 41.
LaTeX Font Info:    Checking defaults for U/cmr/m/n on input line 41.
LaTeX Font Info:    ... okay on input line 41.
LaTeX Font Info:    Checking defaults for PD1/pdf/m/n on input line 41.
LaTeX Font Info:    ... okay on input line 41.
LaTeX Font Info:    Checking defaults for PU/pdf/m/n on input line 41.
LaTeX Font Info:    ... okay on input line 41.

(/usr/share/texlive/texmf-dist/tex/context/base/mkii/supp-pdf.mkii
[Loading MPS to PDF converter (version 2006.09.02).]
\scratchcounter=\count319
\scratchdimen=\dimen282
\scratchbox=\box75
\nofMPsegments=\count320
\nofMParguments=\count321
\everyMPshowfont=\toks40
\MPscratchCnt=\count322
\MPscratchDim=\dimen283
\MPnumerator=\count323
\makeMPintoPDFobject=\count324
\everyMPtoPDFconversion=\toks41
) (/usr/share/texlive/texmf-dist/tex/latex/epstopdf-pkg/epstopdf-base.sty
Package: epstopdf-base 2020-01-24 v2.11 Base part for package epstopdf
Package epstopdf-base Info: Redefining graphics rule for `.eps' on input line 4
85.

(/usr/share/texlive/texmf-dist/tex/latex/latexconfig/epstopdf-sys.cfg
File: epstopdf-sys.cfg 2010/07/13 v1.3 Configuration of (r)epstopdf for TeX Liv
e
))
*geometry* driver: auto-detecting
*geometry* detected driver: pdftex
*geometry* verbose mode - [ preamble ] result:
* driver: pdftex
* paper: a4paper
* layout: <same size as paper>
* layoutoffset:(h,v)=(0.0pt,0.0pt)
* modes: 
* h-part:(L,W,R)=(72.26999pt, 452.9679pt, 72.26999pt)
* v-part:(T,H,B)=(72.26999pt, 700.50687pt, 72.26999pt)
* \paperwidth=597.50787pt
* \paperheight=845.04684pt
* \textwidth=452.9679pt
* \textheight=700.50687pt
* \oddsidemargin=0.0pt
* \evensidemargin=0.0pt
* \topmargin=-37.0pt
* \headheight=12.0pt
* \headsep=25.0pt
* \topskip=11.0pt
* \footskip=30.0pt
* \marginparwidth=50.0pt
* \marginparsep=10.0pt
* \columnsep=10.0pt
* \skip\footins=10.0pt plus 4.0pt minus 2.0pt
* \hoffset=0.0pt
* \voffset=0.0pt
* \mag=1000
* \@twocolumnfalse
* \@twosidefalse
* \@mparswitchfalse
* \@reversemarginfalse
* (1in=72.27pt=25.4mm, 1cm=28.453pt)

Package hyperref Info: Link coloring ON on input line 41.
(./handcomputations.out) (./handcomputations.out)
\@outlinefile=\write4
\openout4 = `handcomputations.out'.

LaTeX Font Info:    Trying to load font information for U+msa on input line 44.


(/usr/share/texlive/texmf-dist/tex/latex/amsfonts/umsa.fd
File: umsa.fd 2013/01/14 v3.01 AMS symbols A
)
LaTeX Font Info:    Trying to load font information for U+msb on input line 44.


(/usr/share/texlive/texmf-dist/tex/latex/amsfonts/umsb.fd
File: umsb.fd 2013/01/14 v3.01 AMS symbols B
)
(./handcomputations.toc)
\tf@toc=\write5
\openout5 = `handcomputations.toc'.

 [1

{/var/lib/texmf/fonts/map/pdftex/updmap/pdftex.map}{/usr/share/texmf/fonts/enc/
dvips/cm-super/cm-super-t1.enc}]

Package hyperref Warning: Token not allowed in a PDF string (Unicode):
(hyperref)                removing `math shift' on input line 50.


Package hyperref Warning: Token not allowed in a PDF string (Unicode):
(hyperref)                removing `\mathop' on input line 50.


Package hyperref Warning: Token not allowed in a PDF string (Unicode):
(hyperref)                removing `\mathcode' on input line 50.


Package hyperref Warning: Token not allowed in a PDF string (Unicode):
(hyperref)                removing `\mathcode' on input line 50.


Package hyperref Warning: Token not allowed in a PDF string (Unicode):
(hyperref)                removing `\mathcode' on input line 50.


Package hyperref Warning: Token not allowed in a PDF string (Unicode):
(hyperref)                removing `\mathchardef' on input line 50.


Package hyperref Warning: Token not allowed in a PDF string (Unicode):
(hyperref)                removing `\std@minus' on input line 50.


Package hyperref Warning: Token not allowed in a PDF string (Unicode):
(hyperref)                removing `\mathcode' on input line 50.


Package hyperref Warning: Token not allowed in a PDF string (Unicode):
(hyperref)                removing `\mathcode' on input line 50.


Package hyperref Warning: Token not allowed in a PDF string (Unicode):
(hyperref)                removing `\mathcode' on input line 50.


Package hyperref Warning: Token not allowed in a PDF string (Unicode):
(hyperref)                removing `\mathcode' on input line 50.


Package hyperref Warning: Token not allowed in a PDF string (Unicode):
(hyperref)                removing `\leavevmode@ifvmode' on input line 50.


Package hyperref Warning: Token not allowed in a PDF string (Unicode):
(hyperref)                \kern 2.41927pt
(hyperref)                removed on input line 50.


Package hyperref Warning: Token not allowed in a PDF string (Unicode):
(hyperref)                removing `\mathgroup' on input line 50.


Package hyperref Warning: Token not allowed in a PDF string (Unicode):
(hyperref)                removing `\symoperators' on input line 50.


Package hyperref Warning: Token not allowed in a PDF string (Unicode):
(hyperref)                removing `\@ifnextchar' on input line 50.


Package hyperref Warning: Token not allowed in a PDF string (Unicode):
(hyperref)                removing `subscript' on input line 50.


Package hyperref Warning: Token not allowed in a PDF string (Unicode):
(hyperref)                removing `\mathop' on input line 50.


Package hyperref Warning: Token not allowed in a PDF string (Unicode):
(hyperref)                removing `\mathcode' on input line 50.


Package hyperref Warning: Token not allowed in a PDF string (Unicode):
(hyperref)                removing `\mathcode' on input line 50.


Package hyperref Warning: Token not allowed in a PDF string (Unicode):
(hyperref)                removing `\mathcode' on input line 50.


Package hyperref Warning: Token not allowed in a PDF string (Unicode):
(hyperref)                removing `\mathchardef' on input line 50.


Package hyperref Warning: Token not allowed in a PDF string (Unicode):
(hyperref)                removing `\std@minus' on input line 50.


Package hyperref Warning: Token not allowed in a PDF string (Unicode):
(hyperref)                removing `\mathcode' on input line 50.


Package hyperref Warning: Token not allowed in a PDF string (Unicode):
(hyperref)                removing `\mathcode' on input line 50.


Package hyperref Warning: Token not allowed in a PDF string (Unicode):
(hyperref)                removing `\mathcode' on input line 50.


Package hyperref Warning: Token not allowed in a PDF string (Unicode):
(hyperref)                removing `\mathcode' on input line 50.


Package hyperref Warning: Token not allowed in a PDF string (Unicode):
(hyperref)                removing `\leavevmode@ifvmode' on input line 50.


Package hyperref Warning: Token not allowed in a PDF string (Unicode):
(hyperref)                \kern 2.41927pt
(hyperref)                removed on input line 50.


Package hyperref Warning: Token not allowed in a PDF string (Unicode):
(hyperref)                removing `\mathgroup' on input line 50.


Package hyperref Warning: Token not allowed in a PDF string (Unicode):
(hyperref)                removing `\symoperators' on input line 50.


Package hyperref Warning: Token not allowed in a PDF string (Unicode):
(hyperref)                removing `\@ifnextchar' on input line 50.


Package hyperref Warning: Token not allowed in a PDF string (Unicode):
(hyperref)                removing `subscript' on input line 50.


Package hyperref Warning: Token not allowed in a PDF string (Unicode):
(hyperref)                removing `math shift' on input line 50.

[2{/usr/share/texmf/fonts/enc/dvips/cm-super/cm-super-ts1.enc}] [3] [4]

Package hyperref Warning: Token not allowed in a PDF string (Unicode):
(hyperref)                removing `math shift' on input line 167.


Package hyperref Warning: Token not allowed in a PDF string (Unicode):
(hyperref)                removing `subscript' on input line 167.


Package hyperref Warning: Token not allowed in a PDF string (Unicode):
(hyperref)                removing `math shift' on input line 167.


Package hyperref Warning: Token not allowed in a PDF string (Unicode):
(hyperref)                removing `math shift' on input line 169.


Package hyperref Warning: Token not allowed in a PDF string (Unicode):
(hyperref)                removing `\phi' on input line 169.


Package hyperref Warning: Token not allowed in a PDF string (Unicode):
(hyperref)                removing `subscript' on input line 169.


Package hyperref Warning: Token not allowed in a PDF string (Unicode):
(hyperref)                removing `math shift' on input line 169.

[5]

Package hyperref Warning: Token not allowed in a PDF string (Unicode):
(hyperref)                removing `math shift' on input line 205.


Package hyperref Warning: Token not allowed in a PDF string (Unicode):
(hyperref)                removing `\mu' on input line 205.


Package hyperref Warning: Token not allowed in a PDF string (Unicode):
(hyperref)                removing `subscript' on input line 205.


Package hyperref Warning: Token not allowed in a PDF string (Unicode):
(hyperref)                removing `\mu' on input line 205.


Package hyperref Warning: Token not allowed in a PDF string (Unicode):
(hyperref)                removing `subscript' on input line 205.


Package hyperref Warning: Token not allowed in a PDF string (Unicode):
(hyperref)                removing `math shift' on input line 205.

[6]

Package hyperref Warning: Token not allowed in a PDF string (Unicode):
(hyperref)                removing `math shift' on input line 244.


Package hyperref Warning: Token not allowed in a PDF string (Unicode):
(hyperref)                removing `\Sigma' on input line 244.


Package hyperref Warning: Token not allowed in a PDF string (Unicode):
(hyperref)                removing `math shift' on input line 244.


Package hyperref Warning: Token not allowed in a PDF string (Unicode):
(hyperref)                removing `math shift' on input line 244.


Package hyperref Warning: Token not allowed in a PDF string (Unicode):
(hyperref)                removing `math shift' on input line 244.

! Undefined control sequence.
<argument> ...(\ell )}(x, x') &= \mathbb {E}_{\bm 
                                                  {w}, b} \left [ \sigma (\b...
l.251 \end{align*}
                  
? q
OK, entering \batchmode...
! Undefined control sequence.
<argument> ...E}_{\bm {w}, b} \left [ \sigma (\bm 
                                                  {w}^\top \bm {h}^{(\ell -1...
l.251 \end{align*}
                  
The control sequence at the end of the top line
of your error message was never \def'ed. If you have
misspelled it (e.g., `\hobx'), type `I' and the correct
spelling (e.g., `I\hbox'). Otherwise just continue,
and I'll forget about whatever was undefined.

! Undefined control sequence.
<argument> ...b} \left [ \sigma (\bm {w}^\top \bm 
                                                  {h}^{(\ell -1)}(x) + \beta...
l.251 \end{align*}
                  
The control sequence at the end of the top line
of your error message was never \def'ed. If you have
misspelled it (e.g., `\hobx'), type `I' and the correct
spelling (e.g., `I\hbox'). Otherwise just continue,
and I'll forget about whatever was undefined.

! Undefined control sequence.
<argument> ...\ell -1)}(x) + \beta b) \sigma (\bm 
                                                  {w}^\top \bm {h}^{(\ell -1...
l.251 \end{align*}
                  
The control sequence at the end of the top line
of your error message was never \def'ed. If you have
misspelled it (e.g., `\hobx'), type `I' and the correct
spelling (e.g., `I\hbox'). Otherwise just continue,
and I'll forget about whatever was undefined.

! Undefined control sequence.
<argument> ...+ \beta b) \sigma (\bm {w}^\top \bm 
                                                  {h}^{(\ell -1)}(x') + \bet...
l.251 \end{align*}
                  
The control sequence at the end of the top line
of your error message was never \def'ed. If you have
misspelled it (e.g., `\hobx'), type `I' and the correct
spelling (e.g., `I\hbox'). Otherwise just continue,
and I'll forget about whatever was undefined.

! Undefined control sequence.
<argument> ...(\ell )}(x, x') &= \mathbb {E}_{\bm 
                                                  {w}, b} \left [ \dot {\sig...
l.251 \end{align*}
                  
The control sequence at the end of the top line
of your error message was never \def'ed. If you have
misspelled it (e.g., `\hobx'), type `I' and the correct
spelling (e.g., `I\hbox'). Otherwise just continue,
and I'll forget about whatever was undefined.

! Undefined control sequence.
<argument> ... {w}, b} \left [ \dot {\sigma }(\bm 
                                                  {w}^\top \bm {h}^{(\ell -1...
l.251 \end{align*}
                  
The control sequence at the end of the top line
of your error message was never \def'ed. If you have
misspelled it (e.g., `\hobx'), type `I' and the correct
spelling (e.g., `I\hbox'). Otherwise just continue,
and I'll forget about whatever was undefined.

! Undefined control sequence.
<argument> ...t [ \dot {\sigma }(\bm {w}^\top \bm 
                                                  {h}^{(\ell -1)}(x) + \beta...
l.251 \end{align*}
                  
The control sequence at the end of the top line
of your error message was never \def'ed. If you have
misspelled it (e.g., `\hobx'), type `I' and the correct
spelling (e.g., `I\hbox'). Otherwise just continue,
and I'll forget about whatever was undefined.

! Undefined control sequence.
<argument> ...)}(x) + \beta b) \dot {\sigma }(\bm 
                                                  {w}^\top \bm {h}^{(\ell -1...
l.251 \end{align*}
                  
The control sequence at the end of the top line
of your error message was never \def'ed. If you have
misspelled it (e.g., `\hobx'), type `I' and the correct
spelling (e.g., `I\hbox'). Otherwise just continue,
and I'll forget about whatever was undefined.

! Undefined control sequence.
<argument> ... b) \dot {\sigma }(\bm {w}^\top \bm 
                                                  {h}^{(\ell -1)}(x') + \bet...
l.251 \end{align*}
                  
The control sequence at the end of the top line
of your error message was never \def'ed. If you have
misspelled it (e.g., `\hobx'), type `I' and the correct
spelling (e.g., `I\hbox'). Otherwise just continue,
and I'll forget about whatever was undefined.

! Undefined control sequence.
<argument> ... {h}^{(\ell -1)}(x') + \beta b) \bm 
                                                  {w}^\top \bm {w} \right ] 
l.251 \end{align*}
                  
The control sequence at the end of the top line
of your error message was never \def'ed. If you have
misspelled it (e.g., `\hobx'), type `I' and the correct
spelling (e.g., `I\hbox'). Otherwise just continue,
and I'll forget about whatever was undefined.

! Undefined control sequence.
<argument> ...1)}(x') + \beta b) \bm {w}^\top \bm 
                                                  {w} \right ] 
l.251 \end{align*}
                  
The control sequence at the end of the top line
of your error message was never \def'ed. If you have
misspelled it (e.g., `\hobx'), type `I' and the correct
spelling (e.g., `I\hbox'). Otherwise just continue,
and I'll forget about whatever was undefined.

! Undefined control sequence.
<argument> ...(\ell )}(x, x') &= \mathbb {E}_{\bm 
                                                  {w}, b} \left [ \sigma (\b...
l.251 \end{align*}
                  
The control sequence at the end of the top line
of your error message was never \def'ed. If you have
misspelled it (e.g., `\hobx'), type `I' and the correct
spelling (e.g., `I\hbox'). Otherwise just continue,
and I'll forget about whatever was undefined.

! Undefined control sequence.
<argument> ...E}_{\bm {w}, b} \left [ \sigma (\bm 
                                                  {w}^\top \bm {h}^{(\ell -1...
l.251 \end{align*}
                  
The control sequence at the end of the top line
of your error message was never \def'ed. If you have
misspelled it (e.g., `\hobx'), type `I' and the correct
spelling (e.g., `I\hbox'). Otherwise just continue,
and I'll forget about whatever was undefined.

! Undefined control sequence.
<argument> ...b} \left [ \sigma (\bm {w}^\top \bm 
                                                  {h}^{(\ell -1)}(x) + \beta...
l.251 \end{align*}
                  
The control sequence at the end of the top line
of your error message was never \def'ed. If you have
misspelled it (e.g., `\hobx'), type `I' and the correct
spelling (e.g., `I\hbox'). Otherwise just continue,
and I'll forget about whatever was undefined.

! Undefined control sequence.
<argument> ...\ell -1)}(x) + \beta b) \sigma (\bm 
                                                  {w}^\top \bm {h}^{(\ell -1...
l.251 \end{align*}
                  
The control sequence at the end of the top line
of your error message was never \def'ed. If you have
misspelled it (e.g., `\hobx'), type `I' and the correct
spelling (e.g., `I\hbox'). Otherwise just continue,
and I'll forget about whatever was undefined.

! Undefined control sequence.
<argument> ...+ \beta b) \sigma (\bm {w}^\top \bm 
                                                  {h}^{(\ell -1)}(x') + \bet...
l.251 \end{align*}
                  
The control sequence at the end of the top line
of your error message was never \def'ed. If you have
misspelled it (e.g., `\hobx'), type `I' and the correct
spelling (e.g., `I\hbox'). Otherwise just continue,
and I'll forget about whatever was undefined.

! Undefined control sequence.
<argument> ...(\ell )}(x, x') &= \mathbb {E}_{\bm 
                                                  {w}, b} \left [ \dot {\sig...
l.251 \end{align*}
                  
The control sequence at the end of the top line
of your error message was never \def'ed. If you have
misspelled it (e.g., `\hobx'), type `I' and the correct
spelling (e.g., `I\hbox'). Otherwise just continue,
and I'll forget about whatever was undefined.

! Undefined control sequence.
<argument> ... {w}, b} \left [ \dot {\sigma }(\bm 
                                                  {w}^\top \bm {h}^{(\ell -1...
l.251 \end{align*}
                  
The control sequence at the end of the top line
of your error message was never \def'ed. If you have
misspelled it (e.g., `\hobx'), type `I' and the correct
spelling (e.g., `I\hbox'). Otherwise just continue,
and I'll forget about whatever was undefined.

! Undefined control sequence.
<argument> ...t [ \dot {\sigma }(\bm {w}^\top \bm 
                                                  {h}^{(\ell -1)}(x) + \beta...
l.251 \end{align*}
                  
The control sequence at the end of the top line
of your error message was never \def'ed. If you have
misspelled it (e.g., `\hobx'), type `I' and the correct
spelling (e.g., `I\hbox'). Otherwise just continue,
and I'll forget about whatever was undefined.

! Undefined control sequence.
<argument> ...)}(x) + \beta b) \dot {\sigma }(\bm 
                                                  {w}^\top \bm {h}^{(\ell -1...
l.251 \end{align*}
                  
The control sequence at the end of the top line
of your error message was never \def'ed. If you have
misspelled it (e.g., `\hobx'), type `I' and the correct
spelling (e.g., `I\hbox'). Otherwise just continue,
and I'll forget about whatever was undefined.

! Undefined control sequence.
<argument> ... b) \dot {\sigma }(\bm {w}^\top \bm 
                                                  {h}^{(\ell -1)}(x') + \bet...
l.251 \end{align*}
                  
The control sequence at the end of the top line
of your error message was never \def'ed. If you have
misspelled it (e.g., `\hobx'), type `I' and the correct
spelling (e.g., `I\hbox'). Otherwise just continue,
and I'll forget about whatever was undefined.

! Undefined control sequence.
<argument> ... {h}^{(\ell -1)}(x') + \beta b) \bm 
                                                  {w}^\top \bm {w} \right ] 
l.251 \end{align*}
                  
The control sequence at the end of the top line
of your error message was never \def'ed. If you have
misspelled it (e.g., `\hobx'), type `I' and the correct
spelling (e.g., `I\hbox'). Otherwise just continue,
and I'll forget about whatever was undefined.

! Undefined control sequence.
<argument> ...1)}(x') + \beta b) \bm {w}^\top \bm 
                                                  {w} \right ] 
l.251 \end{align*}
                  
The control sequence at the end of the top line
of your error message was never \def'ed. If you have
misspelled it (e.g., `\hobx'), type `I' and the correct
spelling (e.g., `I\hbox'). Otherwise just continue,
and I'll forget about whatever was undefined.

! Undefined control sequence.
<argument> ...(\ell )}(x, x') &= \mathbb {E}_{\bm 
                                                  {w}} \left [ \sigma (\bm {...
l.258 \end{align*}
                  
The control sequence at the end of the top line
of your error message was never \def'ed. If you have
misspelled it (e.g., `\hobx'), type `I' and the correct
spelling (e.g., `I\hbox'). Otherwise just continue,
and I'll forget about whatever was undefined.

! Undefined control sequence.
<argument> ...b {E}_{\bm {w}} \left [ \sigma (\bm 
                                                  {w}^\top \bm {h}^{(\ell -1...
l.258 \end{align*}
                  
The control sequence at the end of the top line
of your error message was never \def'ed. If you have
misspelled it (e.g., `\hobx'), type `I' and the correct
spelling (e.g., `I\hbox'). Otherwise just continue,
and I'll forget about whatever was undefined.

! Undefined control sequence.
<argument> ...}} \left [ \sigma (\bm {w}^\top \bm 
                                                  {h}^{(\ell -1)}(x)) \sigma...
l.258 \end{align*}
                  
The control sequence at the end of the top line
of your error message was never \def'ed. If you have
misspelled it (e.g., `\hobx'), type `I' and the correct
spelling (e.g., `I\hbox'). Otherwise just continue,
and I'll forget about whatever was undefined.

! Undefined control sequence.
<argument> ...\bm {h}^{(\ell -1)}(x)) \sigma (\bm 
                                                  {w}^\top \bm {h}^{(\ell -1...
l.258 \end{align*}
                  
The control sequence at the end of the top line
of your error message was never \def'ed. If you have
misspelled it (e.g., `\hobx'), type `I' and the correct
spelling (e.g., `I\hbox'). Otherwise just continue,
and I'll forget about whatever was undefined.

! Undefined control sequence.
<argument> ...l -1)}(x)) \sigma (\bm {w}^\top \bm 
                                                  {h}^{(\ell -1)}(x')) \righ...
l.258 \end{align*}
                  
The control sequence at the end of the top line
of your error message was never \def'ed. If you have
misspelled it (e.g., `\hobx'), type `I' and the correct
spelling (e.g., `I\hbox'). Otherwise just continue,
and I'll forget about whatever was undefined.

! Undefined control sequence.
<argument> ...(\ell )}(x, x') &= \mathbb {E}_{\bm 
                                                  {w}} \left [ \dot {\sigma ...
l.258 \end{align*}
                  
The control sequence at the end of the top line
of your error message was never \def'ed. If you have
misspelled it (e.g., `\hobx'), type `I' and the correct
spelling (e.g., `I\hbox'). Otherwise just continue,
and I'll forget about whatever was undefined.

! Undefined control sequence.
<argument> ...\bm {w}} \left [ \dot {\sigma }(\bm 
                                                  {w}^\top \bm {h}^{(\ell -1...
l.258 \end{align*}
                  
The control sequence at the end of the top line
of your error message was never \def'ed. If you have
misspelled it (e.g., `\hobx'), type `I' and the correct
spelling (e.g., `I\hbox'). Otherwise just continue,
and I'll forget about whatever was undefined.

! Undefined control sequence.
<argument> ...t [ \dot {\sigma }(\bm {w}^\top \bm 
                                                  {h}^{(\ell -1)}(x)) \dot {...
l.258 \end{align*}
                  
The control sequence at the end of the top line
of your error message was never \def'ed. If you have
misspelled it (e.g., `\hobx'), type `I' and the correct
spelling (e.g., `I\hbox'). Otherwise just continue,
and I'll forget about whatever was undefined.

! Undefined control sequence.
<argument> ...^{(\ell -1)}(x)) \dot {\sigma }(\bm 
                                                  {w}^\top \bm {h}^{(\ell -1...
l.258 \end{align*}
                  
The control sequence at the end of the top line
of your error message was never \def'ed. If you have
misspelled it (e.g., `\hobx'), type `I' and the correct
spelling (e.g., `I\hbox'). Otherwise just continue,
and I'll forget about whatever was undefined.

! Undefined control sequence.
<argument> ...x)) \dot {\sigma }(\bm {w}^\top \bm 
                                                  {h}^{(\ell -1)}(x')) \bm {...
l.258 \end{align*}
                  
The control sequence at the end of the top line
of your error message was never \def'ed. If you have
misspelled it (e.g., `\hobx'), type `I' and the correct
spelling (e.g., `I\hbox'). Otherwise just continue,
and I'll forget about whatever was undefined.

! Undefined control sequence.
<argument> ...}^\top \bm {h}^{(\ell -1)}(x')) \bm 
                                                  {w}^\top \bm {w} \right ] 
l.258 \end{align*}
                  
The control sequence at the end of the top line
of your error message was never \def'ed. If you have
misspelled it (e.g., `\hobx'), type `I' and the correct
spelling (e.g., `I\hbox'). Otherwise just continue,
and I'll forget about whatever was undefined.

! Undefined control sequence.
<argument> ...}^{(\ell -1)}(x')) \bm {w}^\top \bm 
                                                  {w} \right ] 
l.258 \end{align*}
                  
The control sequence at the end of the top line
of your error message was never \def'ed. If you have
misspelled it (e.g., `\hobx'), type `I' and the correct
spelling (e.g., `I\hbox'). Otherwise just continue,
and I'll forget about whatever was undefined.

! Undefined control sequence.
<argument> ...(\ell )}(x, x') &= \mathbb {E}_{\bm 
                                                  {w}} \left [ \sigma (\bm {...
l.258 \end{align*}
                  
The control sequence at the end of the top line
of your error message was never \def'ed. If you have
misspelled it (e.g., `\hobx'), type `I' and the correct
spelling (e.g., `I\hbox'). Otherwise just continue,
and I'll forget about whatever was undefined.

! Undefined control sequence.
<argument> ...b {E}_{\bm {w}} \left [ \sigma (\bm 
                                                  {w}^\top \bm {h}^{(\ell -1...
l.258 \end{align*}
                  
The control sequence at the end of the top line
of your error message was never \def'ed. If you have
misspelled it (e.g., `\hobx'), type `I' and the correct
spelling (e.g., `I\hbox'). Otherwise just continue,
and I'll forget about whatever was undefined.

! Undefined control sequence.
<argument> ...}} \left [ \sigma (\bm {w}^\top \bm 
                                                  {h}^{(\ell -1)}(x)) \sigma...
l.258 \end{align*}
                  
The control sequence at the end of the top line
of your error message was never \def'ed. If you have
misspelled it (e.g., `\hobx'), type `I' and the correct
spelling (e.g., `I\hbox'). Otherwise just continue,
and I'll forget about whatever was undefined.

! Undefined control sequence.
<argument> ...\bm {h}^{(\ell -1)}(x)) \sigma (\bm 
                                                  {w}^\top \bm {h}^{(\ell -1...
l.258 \end{align*}
                  
The control sequence at the end of the top line
of your error message was never \def'ed. If you have
misspelled it (e.g., `\hobx'), type `I' and the correct
spelling (e.g., `I\hbox'). Otherwise just continue,
and I'll forget about whatever was undefined.

! Undefined control sequence.
<argument> ...l -1)}(x)) \sigma (\bm {w}^\top \bm 
                                                  {h}^{(\ell -1)}(x')) \righ...
l.258 \end{align*}
                  
The control sequence at the end of the top line
of your error message was never \def'ed. If you have
misspelled it (e.g., `\hobx'), type `I' and the correct
spelling (e.g., `I\hbox'). Otherwise just continue,
and I'll forget about whatever was undefined.

! Undefined control sequence.
<argument> ...(\ell )}(x, x') &= \mathbb {E}_{\bm 
                                                  {w}} \left [ \dot {\sigma ...
l.258 \end{align*}
                  
The control sequence at the end of the top line
of your error message was never \def'ed. If you have
misspelled it (e.g., `\hobx'), type `I' and the correct
spelling (e.g., `I\hbox'). Otherwise just continue,
and I'll forget about whatever was undefined.

! Undefined control sequence.
<argument> ...\bm {w}} \left [ \dot {\sigma }(\bm 
                                                  {w}^\top \bm {h}^{(\ell -1...
l.258 \end{align*}
                  
The control sequence at the end of the top line
of your error message was never \def'ed. If you have
misspelled it (e.g., `\hobx'), type `I' and the correct
spelling (e.g., `I\hbox'). Otherwise just continue,
and I'll forget about whatever was undefined.

! Undefined control sequence.
<argument> ...t [ \dot {\sigma }(\bm {w}^\top \bm 
                                                  {h}^{(\ell -1)}(x)) \dot {...
l.258 \end{align*}
                  
The control sequence at the end of the top line
of your error message was never \def'ed. If you have
misspelled it (e.g., `\hobx'), type `I' and the correct
spelling (e.g., `I\hbox'). Otherwise just continue,
and I'll forget about whatever was undefined.

! Undefined control sequence.
<argument> ...^{(\ell -1)}(x)) \dot {\sigma }(\bm 
                                                  {w}^\top \bm {h}^{(\ell -1...
l.258 \end{align*}
                  
The control sequence at the end of the top line
of your error message was never \def'ed. If you have
misspelled it (e.g., `\hobx'), type `I' and the correct
spelling (e.g., `I\hbox'). Otherwise just continue,
and I'll forget about whatever was undefined.

! Undefined control sequence.
<argument> ...x)) \dot {\sigma }(\bm {w}^\top \bm 
                                                  {h}^{(\ell -1)}(x')) \bm {...
l.258 \end{align*}
                  
The control sequence at the end of the top line
of your error message was never \def'ed. If you have
misspelled it (e.g., `\hobx'), type `I' and the correct
spelling (e.g., `I\hbox'). Otherwise just continue,
and I'll forget about whatever was undefined.

! Undefined control sequence.
<argument> ...}^\top \bm {h}^{(\ell -1)}(x')) \bm 
                                                  {w}^\top \bm {w} \right ] 
l.258 \end{align*}
                  
The control sequence at the end of the top line
of your error message was never \def'ed. If you have
misspelled it (e.g., `\hobx'), type `I' and the correct
spelling (e.g., `I\hbox'). Otherwise just continue,
and I'll forget about whatever was undefined.

! Undefined control sequence.
<argument> ...}^{(\ell -1)}(x')) \bm {w}^\top \bm 
                                                  {w} \right ] 
l.258 \end{align*}
                  
The control sequence at the end of the top line
of your error message was never \def'ed. If you have
misspelled it (e.g., `\hobx'), type `I' and the correct
spelling (e.g., `I\hbox'). Otherwise just continue,
and I'll forget about whatever was undefined.

! Undefined control sequence.
<recently read> \bm 
                    
l.260 ...ndom fields due to the randomness in $\bm
                                                  {h}^{(\ell-1)}$.
The control sequence at the end of the top line
of your error message was never \def'ed. If you have
misspelled it (e.g., `\hobx'), type `I' and the correct
spelling (e.g., `I\hbox'). Otherwise just continue,
and I'll forget about whatever was undefined.


Package hyperref Warning: Token not allowed in a PDF string (Unicode):
(hyperref)                removing `math shift' on input line 275.


Package hyperref Warning: Token not allowed in a PDF string (Unicode):
(hyperref)                removing `\rho' on input line 275.


Package hyperref Warning: Token not allowed in a PDF string (Unicode):
(hyperref)                removing `math shift' on input line 275.

 [7] [8]
! Undefined control sequence.
<recently read> \bm 
                    
l.306     \node (h1) at (3,0) {$\bm
                                   {h}_1$}; % first wide layer N
The control sequence at the end of the top line
of your error message was never \def'ed. If you have
misspelled it (e.g., `\hobx'), type `I' and the correct
spelling (e.g., `I\hbox'). Otherwise just continue,
and I'll forget about whatever was undefined.

! Undefined control sequence.
<recently read> \bm 
                    
l.307     \node (r) at (6,0) {$\bm
                                  {r}$}; % bottleneck layer r
The control sequence at the end of the top line
of your error message was never \def'ed. If you have
misspelled it (e.g., `\hobx'), type `I' and the correct
spelling (e.g., `I\hbox'). Otherwise just continue,
and I'll forget about whatever was undefined.

! Undefined control sequence.
<recently read> \bm 
                    
l.308     \node (h2) at (9,0) {$\bm
                                   {h}_2$}; % second wide layer N
The control sequence at the end of the top line
of your error message was never \def'ed. If you have
misspelled it (e.g., `\hobx'), type `I' and the correct
spelling (e.g., `I\hbox'). Otherwise just continue,
and I'll forget about whatever was undefined.

! Undefined control sequence.
<argument>  \Theta ^{(1)} &= \mathbb {E}_{\bm 
                                              {w}, b} \left [ \sigma (\bm {w...
l.334 \end{align*}
                  
The control sequence at the end of the top line
of your error message was never \def'ed. If you have
misspelled it (e.g., `\hobx'), type `I' and the correct
spelling (e.g., `I\hbox'). Otherwise just continue,
and I'll forget about whatever was undefined.

! Undefined control sequence.
<argument> ...E}_{\bm {w}, b} \left [ \sigma (\bm 
                                                  {w}^\top x + \beta b) \sig...
l.334 \end{align*}
                  
The control sequence at the end of the top line
of your error message was never \def'ed. If you have
misspelled it (e.g., `\hobx'), type `I' and the correct
spelling (e.g., `I\hbox'). Otherwise just continue,
and I'll forget about whatever was undefined.

! Undefined control sequence.
<argument> ...m {w}^\top x + \beta b) \sigma (\bm 
                                                  {w}^\top x' + \beta b) \ri...
l.334 \end{align*}
                  
The control sequence at the end of the top line
of your error message was never \def'ed. If you have
misspelled it (e.g., `\hobx'), type `I' and the correct
spelling (e.g., `I\hbox'). Otherwise just continue,
and I'll forget about whatever was undefined.

! Undefined control sequence.
<argument> ...\left (\sigma _A^2 \mathbb {E}_{\bm 
                                                  {w}, b} \left [ \dot {\sig...
l.334 \end{align*}
                  
The control sequence at the end of the top line
of your error message was never \def'ed. If you have
misspelled it (e.g., `\hobx'), type `I' and the correct
spelling (e.g., `I\hbox'). Otherwise just continue,
and I'll forget about whatever was undefined.

! Undefined control sequence.
<argument> ... {w}, b} \left [ \dot {\sigma }(\bm 
                                                  {w}^\top \bm {h}^{(1)}(x) ...
l.334 \end{align*}
                  
The control sequence at the end of the top line
of your error message was never \def'ed. If you have
misspelled it (e.g., `\hobx'), type `I' and the correct
spelling (e.g., `I\hbox'). Otherwise just continue,
and I'll forget about whatever was undefined.

! Undefined control sequence.
<argument> ...t [ \dot {\sigma }(\bm {w}^\top \bm 
                                                  {h}^{(1)}(x) + \beta b) \d...
l.334 \end{align*}
                  
The control sequence at the end of the top line
of your error message was never \def'ed. If you have
misspelled it (e.g., `\hobx'), type `I' and the correct
spelling (e.g., `I\hbox'). Otherwise just continue,
and I'll forget about whatever was undefined.

! Undefined control sequence.
<argument> ...)}(x) + \beta b) \dot {\sigma }(\bm 
                                                  {w}^\top \bm {h}^{(1)}(x')...
l.334 \end{align*}
                  
The control sequence at the end of the top line
of your error message was never \def'ed. If you have
misspelled it (e.g., `\hobx'), type `I' and the correct
spelling (e.g., `I\hbox'). Otherwise just continue,
and I'll forget about whatever was undefined.

! Undefined control sequence.
<argument> ... b) \dot {\sigma }(\bm {w}^\top \bm 
                                                  {h}^{(1)}(x') + \beta b) \...
l.334 \end{align*}
                  
The control sequence at the end of the top line
of your error message was never \def'ed. If you have
misspelled it (e.g., `\hobx'), type `I' and the correct
spelling (e.g., `I\hbox'). Otherwise just continue,
and I'll forget about whatever was undefined.

! Undefined control sequence.
<argument> ...op \bm {h}^{(1)}(x') + \beta b) \bm 
                                                  {w}^\top \bm {w} \right ]\...
l.334 \end{align*}
                  
The control sequence at the end of the top line
of your error message was never \def'ed. If you have
misspelled it (e.g., `\hobx'), type `I' and the correct
spelling (e.g., `I\hbox'). Otherwise just continue,
and I'll forget about whatever was undefined.

! Undefined control sequence.
<argument> ...1)}(x') + \beta b) \bm {w}^\top \bm 
                                                  {w} \right ]\right ) \\ &\...
l.334 \end{align*}
                  
The control sequence at the end of the top line
of your error message was never \def'ed. If you have
misspelled it (e.g., `\hobx'), type `I' and the correct
spelling (e.g., `I\hbox'). Otherwise just continue,
and I'll forget about whatever was undefined.

! Undefined control sequence.
<argument> ...ight ) \\ &\quad + \mathbb {E}_{\bm 
                                                  {w}, b} \left [ \sigma (\b...
l.334 \end{align*}
                  
The control sequence at the end of the top line
of your error message was never \def'ed. If you have
misspelled it (e.g., `\hobx'), type `I' and the correct
spelling (e.g., `I\hbox'). Otherwise just continue,
and I'll forget about whatever was undefined.

! Undefined control sequence.
<argument> ...E}_{\bm {w}, b} \left [ \sigma (\bm 
                                                  {w}^\top \bm {h}^{(1)}(x) ...
l.334 \end{align*}
                  
The control sequence at the end of the top line
of your error message was never \def'ed. If you have
misspelled it (e.g., `\hobx'), type `I' and the correct
spelling (e.g., `I\hbox'). Otherwise just continue,
and I'll forget about whatever was undefined.

! Undefined control sequence.
<argument> ...b} \left [ \sigma (\bm {w}^\top \bm 
                                                  {h}^{(1)}(x) + \beta b) \s...
l.334 \end{align*}
                  
The control sequence at the end of the top line
of your error message was never \def'ed. If you have
misspelled it (e.g., `\hobx'), type `I' and the correct
spelling (e.g., `I\hbox'). Otherwise just continue,
and I'll forget about whatever was undefined.

! Undefined control sequence.
<argument> ...{h}^{(1)}(x) + \beta b) \sigma (\bm 
                                                  {w}^\top \bm {h}^{(1)}(x')...
l.334 \end{align*}
                  
The control sequence at the end of the top line
of your error message was never \def'ed. If you have
misspelled it (e.g., `\hobx'), type `I' and the correct
spelling (e.g., `I\hbox'). Otherwise just continue,
and I'll forget about whatever was undefined.

! Undefined control sequence.
<argument> ...+ \beta b) \sigma (\bm {w}^\top \bm 
                                                  {h}^{(1)}(x') + \beta b) \...
l.334 \end{align*}
                  
The control sequence at the end of the top line
of your error message was never \def'ed. If you have
misspelled it (e.g., `\hobx'), type `I' and the correct
spelling (e.g., `I\hbox'). Otherwise just continue,
and I'll forget about whatever was undefined.

! Undefined control sequence.
<argument>  \Theta ^{(1)} &= \mathbb {E}_{\bm 
                                              {w}, b} \left [ \sigma (\bm {w...
l.334 \end{align*}
                  
The control sequence at the end of the top line
of your error message was never \def'ed. If you have
misspelled it (e.g., `\hobx'), type `I' and the correct
spelling (e.g., `I\hbox'). Otherwise just continue,
and I'll forget about whatever was undefined.

! Undefined control sequence.
<argument> ...E}_{\bm {w}, b} \left [ \sigma (\bm 
                                                  {w}^\top x + \beta b) \sig...
l.334 \end{align*}
                  
The control sequence at the end of the top line
of your error message was never \def'ed. If you have
misspelled it (e.g., `\hobx'), type `I' and the correct
spelling (e.g., `I\hbox'). Otherwise just continue,
and I'll forget about whatever was undefined.

! Undefined control sequence.
<argument> ...m {w}^\top x + \beta b) \sigma (\bm 
                                                  {w}^\top x' + \beta b) \ri...
l.334 \end{align*}
                  
The control sequence at the end of the top line
of your error message was never \def'ed. If you have
misspelled it (e.g., `\hobx'), type `I' and the correct
spelling (e.g., `I\hbox'). Otherwise just continue,
and I'll forget about whatever was undefined.

! Undefined control sequence.
<argument> ...\left (\sigma _A^2 \mathbb {E}_{\bm 
                                                  {w}, b} \left [ \dot {\sig...
l.334 \end{align*}
                  
The control sequence at the end of the top line
of your error message was never \def'ed. If you have
misspelled it (e.g., `\hobx'), type `I' and the correct
spelling (e.g., `I\hbox'). Otherwise just continue,
and I'll forget about whatever was undefined.

! Undefined control sequence.
<argument> ... {w}, b} \left [ \dot {\sigma }(\bm 
                                                  {w}^\top \bm {h}^{(1)}(x) ...
l.334 \end{align*}
                  
The control sequence at the end of the top line
of your error message was never \def'ed. If you have
misspelled it (e.g., `\hobx'), type `I' and the correct
spelling (e.g., `I\hbox'). Otherwise just continue,
and I'll forget about whatever was undefined.

! Undefined control sequence.
<argument> ...t [ \dot {\sigma }(\bm {w}^\top \bm 
                                                  {h}^{(1)}(x) + \beta b) \d...
l.334 \end{align*}
                  
The control sequence at the end of the top line
of your error message was never \def'ed. If you have
misspelled it (e.g., `\hobx'), type `I' and the correct
spelling (e.g., `I\hbox'). Otherwise just continue,
and I'll forget about whatever was undefined.

! Undefined control sequence.
<argument> ...)}(x) + \beta b) \dot {\sigma }(\bm 
                                                  {w}^\top \bm {h}^{(1)}(x')...
l.334 \end{align*}
                  
The control sequence at the end of the top line
of your error message was never \def'ed. If you have
misspelled it (e.g., `\hobx'), type `I' and the correct
spelling (e.g., `I\hbox'). Otherwise just continue,
and I'll forget about whatever was undefined.

! Undefined control sequence.
<argument> ... b) \dot {\sigma }(\bm {w}^\top \bm 
                                                  {h}^{(1)}(x') + \beta b) \...
l.334 \end{align*}
                  
The control sequence at the end of the top line
of your error message was never \def'ed. If you have
misspelled it (e.g., `\hobx'), type `I' and the correct
spelling (e.g., `I\hbox'). Otherwise just continue,
and I'll forget about whatever was undefined.

! Undefined control sequence.
<argument> ...op \bm {h}^{(1)}(x') + \beta b) \bm 
                                                  {w}^\top \bm {w} \right ]\...
l.334 \end{align*}
                  
The control sequence at the end of the top line
of your error message was never \def'ed. If you have
misspelled it (e.g., `\hobx'), type `I' and the correct
spelling (e.g., `I\hbox'). Otherwise just continue,
and I'll forget about whatever was undefined.

! Undefined control sequence.
<argument> ...1)}(x') + \beta b) \bm {w}^\top \bm 
                                                  {w} \right ]\right ) \\ &\...
l.334 \end{align*}
                  
The control sequence at the end of the top line
of your error message was never \def'ed. If you have
misspelled it (e.g., `\hobx'), type `I' and the correct
spelling (e.g., `I\hbox'). Otherwise just continue,
and I'll forget about whatever was undefined.

! Undefined control sequence.
<argument> ...ight ) \\ &\quad + \mathbb {E}_{\bm 
                                                  {w}, b} \left [ \sigma (\b...
l.334 \end{align*}
                  
The control sequence at the end of the top line
of your error message was never \def'ed. If you have
misspelled it (e.g., `\hobx'), type `I' and the correct
spelling (e.g., `I\hbox'). Otherwise just continue,
and I'll forget about whatever was undefined.

! Undefined control sequence.
<argument> ...E}_{\bm {w}, b} \left [ \sigma (\bm 
                                                  {w}^\top \bm {h}^{(1)}(x) ...
l.334 \end{align*}
                  
The control sequence at the end of the top line
of your error message was never \def'ed. If you have
misspelled it (e.g., `\hobx'), type `I' and the correct
spelling (e.g., `I\hbox'). Otherwise just continue,
and I'll forget about whatever was undefined.

! Undefined control sequence.
<argument> ...b} \left [ \sigma (\bm {w}^\top \bm 
                                                  {h}^{(1)}(x) + \beta b) \s...
l.334 \end{align*}
                  
The control sequence at the end of the top line
of your error message was never \def'ed. If you have
misspelled it (e.g., `\hobx'), type `I' and the correct
spelling (e.g., `I\hbox'). Otherwise just continue,
and I'll forget about whatever was undefined.

! Undefined control sequence.
<argument> ...{h}^{(1)}(x) + \beta b) \sigma (\bm 
                                                  {w}^\top \bm {h}^{(1)}(x')...
l.334 \end{align*}
                  
The control sequence at the end of the top line
of your error message was never \def'ed. If you have
misspelled it (e.g., `\hobx'), type `I' and the correct
spelling (e.g., `I\hbox'). Otherwise just continue,
and I'll forget about whatever was undefined.

! Undefined control sequence.
<argument> ...+ \beta b) \sigma (\bm {w}^\top \bm 
                                                  {h}^{(1)}(x') + \beta b) \...
l.334 \end{align*}
                  
The control sequence at the end of the top line
of your error message was never \def'ed. If you have
misspelled it (e.g., `\hobx'), type `I' and the correct
spelling (e.g., `I\hbox'). Otherwise just continue,
and I'll forget about whatever was undefined.

! Undefined control sequence.
<recently read> \bm 
                    
l.336 ...lization of the first layer's output $\bm
                                                  {h}^{(1)}$. When $\beta = ...
The control sequence at the end of the top line
of your error message was never \def'ed. If you have
misspelled it (e.g., `\hobx'), type `I' and the correct
spelling (e.g., `I\hbox'). Otherwise just continue,
and I'll forget about whatever was undefined.


! LaTeX Error: There's no line here to end.

See the LaTeX manual or LaTeX Companion for explanation.
Type  H <return>  for immediate help.
 ...                                              
                                                  
l.338 \newline
              
Your command was ignored.
Type  I <command> <return>  to replace it with another command,
or  <return>  to continue without it.

! Missing $ inserted.
<inserted text> 
                $
l.340 ...e=Main focus: NTK kernels with $\beta=0$]
                                                  
I've inserted a begin-math/end-math symbol since I think
you left one out. Proceed, with fingers crossed.

! Undefined control sequence.
<argument>  \Theta ^{(1)} &= \mathbb {E}_{\bm 
                                              {w}} \left [ \sigma (\bm {w}^\...
l.345 \end{align*}
                  
The control sequence at the end of the top line
of your error message was never \def'ed. If you have
misspelled it (e.g., `\hobx'), type `I' and the correct
spelling (e.g., `I\hbox'). Otherwise just continue,
and I'll forget about whatever was undefined.

! Undefined control sequence.
<argument> ...b {E}_{\bm {w}} \left [ \sigma (\bm 
                                                  {w}^\top x) \sigma (\bm {w...
l.345 \end{align*}
                  
The control sequence at the end of the top line
of your error message was never \def'ed. If you have
misspelled it (e.g., `\hobx'), type `I' and the correct
spelling (e.g., `I\hbox'). Otherwise just continue,
and I'll forget about whatever was undefined.

! Undefined control sequence.
<argument> ...\sigma (\bm {w}^\top x) \sigma (\bm 
                                                  {w}^\top x') \right ] + 1 ...
l.345 \end{align*}
                  
The control sequence at the end of the top line
of your error message was never \def'ed. If you have
misspelled it (e.g., `\hobx'), type `I' and the correct
spelling (e.g., `I\hbox'). Otherwise just continue,
and I'll forget about whatever was undefined.

! Undefined control sequence.
<argument> ...\left (\sigma _A^2 \mathbb {E}_{\bm 
                                                  {w}} \left [ \dot {\sigma ...
l.345 \end{align*}
                  
The control sequence at the end of the top line
of your error message was never \def'ed. If you have
misspelled it (e.g., `\hobx'), type `I' and the correct
spelling (e.g., `I\hbox'). Otherwise just continue,
and I'll forget about whatever was undefined.

! Undefined control sequence.
<argument> ...\bm {w}} \left [ \dot {\sigma }(\bm 
                                                  {w}^\top \bm {h}^{(1)}(x))...
l.345 \end{align*}
                  
The control sequence at the end of the top line
of your error message was never \def'ed. If you have
misspelled it (e.g., `\hobx'), type `I' and the correct
spelling (e.g., `I\hbox'). Otherwise just continue,
and I'll forget about whatever was undefined.

! Undefined control sequence.
<argument> ...t [ \dot {\sigma }(\bm {w}^\top \bm 
                                                  {h}^{(1)}(x)) \dot {\sigma...
l.345 \end{align*}
                  
The control sequence at the end of the top line
of your error message was never \def'ed. If you have
misspelled it (e.g., `\hobx'), type `I' and the correct
spelling (e.g., `I\hbox'). Otherwise just continue,
and I'll forget about whatever was undefined.

! Undefined control sequence.
<argument> ...bm {h}^{(1)}(x)) \dot {\sigma }(\bm 
                                                  {w}^\top \bm {h}^{(1)}(x')...
l.345 \end{align*}
                  
The control sequence at the end of the top line
of your error message was never \def'ed. If you have
misspelled it (e.g., `\hobx'), type `I' and the correct
spelling (e.g., `I\hbox'). Otherwise just continue,
and I'll forget about whatever was undefined.

! Undefined control sequence.
<argument> ...x)) \dot {\sigma }(\bm {w}^\top \bm 
                                                  {h}^{(1)}(x')) \bm {w}^\to...
l.345 \end{align*}
                  
The control sequence at the end of the top line
of your error message was never \def'ed. If you have
misspelled it (e.g., `\hobx'), type `I' and the correct
spelling (e.g., `I\hbox'). Otherwise just continue,
and I'll forget about whatever was undefined.

! Undefined control sequence.
<argument> ...\bm {w}^\top \bm {h}^{(1)}(x')) \bm 
                                                  {w}^\top \bm {w} \right ]\...
l.345 \end{align*}
                  
The control sequence at the end of the top line
of your error message was never \def'ed. If you have
misspelled it (e.g., `\hobx'), type `I' and the correct
spelling (e.g., `I\hbox'). Otherwise just continue,
and I'll forget about whatever was undefined.

! Undefined control sequence.
<argument> ...\bm {h}^{(1)}(x')) \bm {w}^\top \bm 
                                                  {w} \right ]\right ) \\ &\...
l.345 \end{align*}
                  
The control sequence at the end of the top line
of your error message was never \def'ed. If you have
misspelled it (e.g., `\hobx'), type `I' and the correct
spelling (e.g., `I\hbox'). Otherwise just continue,
and I'll forget about whatever was undefined.

! Undefined control sequence.
<argument> ...ight ) \\ &\quad + \mathbb {E}_{\bm 
                                                  {w}} \left [ \sigma (\bm {...
l.345 \end{align*}
                  
The control sequence at the end of the top line
of your error message was never \def'ed. If you have
misspelled it (e.g., `\hobx'), type `I' and the correct
spelling (e.g., `I\hbox'). Otherwise just continue,
and I'll forget about whatever was undefined.

! Undefined control sequence.
<argument> ...b {E}_{\bm {w}} \left [ \sigma (\bm 
                                                  {w}^\top \bm {h}^{(1)}(x))...
l.345 \end{align*}
                  
The control sequence at the end of the top line
of your error message was never \def'ed. If you have
misspelled it (e.g., `\hobx'), type `I' and the correct
spelling (e.g., `I\hbox'). Otherwise just continue,
and I'll forget about whatever was undefined.

! Undefined control sequence.
<argument> ...}} \left [ \sigma (\bm {w}^\top \bm 
                                                  {h}^{(1)}(x)) \sigma (\bm ...
l.345 \end{align*}
                  
The control sequence at the end of the top line
of your error message was never \def'ed. If you have
misspelled it (e.g., `\hobx'), type `I' and the correct
spelling (e.g., `I\hbox'). Otherwise just continue,
and I'll forget about whatever was undefined.

! Undefined control sequence.
<argument> ...^\top \bm {h}^{(1)}(x)) \sigma (\bm 
                                                  {w}^\top \bm {h}^{(1)}(x')...
l.345 \end{align*}
                  
The control sequence at the end of the top line
of your error message was never \def'ed. If you have
misspelled it (e.g., `\hobx'), type `I' and the correct
spelling (e.g., `I\hbox'). Otherwise just continue,
and I'll forget about whatever was undefined.

! Undefined control sequence.
<argument> ...^{(1)}(x)) \sigma (\bm {w}^\top \bm 
                                                  {h}^{(1)}(x')) \right ] + 1 
l.345 \end{align*}
                  
The control sequence at the end of the top line
of your error message was never \def'ed. If you have
misspelled it (e.g., `\hobx'), type `I' and the correct
spelling (e.g., `I\hbox'). Otherwise just continue,
and I'll forget about whatever was undefined.

! Undefined control sequence.
<argument>  \Theta ^{(1)} &= \mathbb {E}_{\bm 
                                              {w}} \left [ \sigma (\bm {w}^\...
l.345 \end{align*}
                  
The control sequence at the end of the top line
of your error message was never \def'ed. If you have
misspelled it (e.g., `\hobx'), type `I' and the correct
spelling (e.g., `I\hbox'). Otherwise just continue,
and I'll forget about whatever was undefined.

! Undefined control sequence.
<argument> ...b {E}_{\bm {w}} \left [ \sigma (\bm 
                                                  {w}^\top x) \sigma (\bm {w...
l.345 \end{align*}
                  
The control sequence at the end of the top line
of your error message was never \def'ed. If you have
misspelled it (e.g., `\hobx'), type `I' and the correct
spelling (e.g., `I\hbox'). Otherwise just continue,
and I'll forget about whatever was undefined.

! Undefined control sequence.
<argument> ...\sigma (\bm {w}^\top x) \sigma (\bm 
                                                  {w}^\top x') \right ] + 1 ...
l.345 \end{align*}
                  
The control sequence at the end of the top line
of your error message was never \def'ed. If you have
misspelled it (e.g., `\hobx'), type `I' and the correct
spelling (e.g., `I\hbox'). Otherwise just continue,
and I'll forget about whatever was undefined.

! Undefined control sequence.
<argument> ...\left (\sigma _A^2 \mathbb {E}_{\bm 
                                                  {w}} \left [ \dot {\sigma ...
l.345 \end{align*}
                  
The control sequence at the end of the top line
of your error message was never \def'ed. If you have
misspelled it (e.g., `\hobx'), type `I' and the correct
spelling (e.g., `I\hbox'). Otherwise just continue,
and I'll forget about whatever was undefined.

! Undefined control sequence.
<argument> ...\bm {w}} \left [ \dot {\sigma }(\bm 
                                                  {w}^\top \bm {h}^{(1)}(x))...
l.345 \end{align*}
                  
The control sequence at the end of the top line
of your error message was never \def'ed. If you have
misspelled it (e.g., `\hobx'), type `I' and the correct
spelling (e.g., `I\hbox'). Otherwise just continue,
and I'll forget about whatever was undefined.

! Undefined control sequence.
<argument> ...t [ \dot {\sigma }(\bm {w}^\top \bm 
                                                  {h}^{(1)}(x)) \dot {\sigma...
l.345 \end{align*}
                  
The control sequence at the end of the top line
of your error message was never \def'ed. If you have
misspelled it (e.g., `\hobx'), type `I' and the correct
spelling (e.g., `I\hbox'). Otherwise just continue,
and I'll forget about whatever was undefined.

! Undefined control sequence.
<argument> ...bm {h}^{(1)}(x)) \dot {\sigma }(\bm 
                                                  {w}^\top \bm {h}^{(1)}(x')...
l.345 \end{align*}
                  
The control sequence at the end of the top line
of your error message was never \def'ed. If you have
misspelled it (e.g., `\hobx'), type `I' and the correct
spelling (e.g., `I\hbox'). Otherwise just continue,
and I'll forget about whatever was undefined.

! Undefined control sequence.
<argument> ...x)) \dot {\sigma }(\bm {w}^\top \bm 
                                                  {h}^{(1)}(x')) \bm {w}^\to...
l.345 \end{align*}
                  
The control sequence at the end of the top line
of your error message was never \def'ed. If you have
misspelled it (e.g., `\hobx'), type `I' and the correct
spelling (e.g., `I\hbox'). Otherwise just continue,
and I'll forget about whatever was undefined.

! Undefined control sequence.
<argument> ...\bm {w}^\top \bm {h}^{(1)}(x')) \bm 
                                                  {w}^\top \bm {w} \right ]\...
l.345 \end{align*}
                  
The control sequence at the end of the top line
of your error message was never \def'ed. If you have
misspelled it (e.g., `\hobx'), type `I' and the correct
spelling (e.g., `I\hbox'). Otherwise just continue,
and I'll forget about whatever was undefined.

! Undefined control sequence.
<argument> ...\bm {h}^{(1)}(x')) \bm {w}^\top \bm 
                                                  {w} \right ]\right ) \\ &\...
l.345 \end{align*}
                  
The control sequence at the end of the top line
of your error message was never \def'ed. If you have
misspelled it (e.g., `\hobx'), type `I' and the correct
spelling (e.g., `I\hbox'). Otherwise just continue,
and I'll forget about whatever was undefined.

! Undefined control sequence.
<argument> ...ight ) \\ &\quad + \mathbb {E}_{\bm 
                                                  {w}} \left [ \sigma (\bm {...
l.345 \end{align*}
                  
The control sequence at the end of the top line
of your error message was never \def'ed. If you have
misspelled it (e.g., `\hobx'), type `I' and the correct
spelling (e.g., `I\hbox'). Otherwise just continue,
and I'll forget about whatever was undefined.

! Undefined control sequence.
<argument> ...b {E}_{\bm {w}} \left [ \sigma (\bm 
                                                  {w}^\top \bm {h}^{(1)}(x))...
l.345 \end{align*}
                  
The control sequence at the end of the top line
of your error message was never \def'ed. If you have
misspelled it (e.g., `\hobx'), type `I' and the correct
spelling (e.g., `I\hbox'). Otherwise just continue,
and I'll forget about whatever was undefined.

! Undefined control sequence.
<argument> ...}} \left [ \sigma (\bm {w}^\top \bm 
                                                  {h}^{(1)}(x)) \sigma (\bm ...
l.345 \end{align*}
                  
The control sequence at the end of the top line
of your error message was never \def'ed. If you have
misspelled it (e.g., `\hobx'), type `I' and the correct
spelling (e.g., `I\hbox'). Otherwise just continue,
and I'll forget about whatever was undefined.

! Undefined control sequence.
<argument> ...^\top \bm {h}^{(1)}(x)) \sigma (\bm 
                                                  {w}^\top \bm {h}^{(1)}(x')...
l.345 \end{align*}
                  
The control sequence at the end of the top line
of your error message was never \def'ed. If you have
misspelled it (e.g., `\hobx'), type `I' and the correct
spelling (e.g., `I\hbox'). Otherwise just continue,
and I'll forget about whatever was undefined.

! Undefined control sequence.
<argument> ...^{(1)}(x)) \sigma (\bm {w}^\top \bm 
                                                  {h}^{(1)}(x')) \right ] + 1 
l.345 \end{align*}
                  
The control sequence at the end of the top line
of your error message was never \def'ed. If you have
misspelled it (e.g., `\hobx'), type `I' and the correct
spelling (e.g., `I\hbox'). Otherwise just continue,
and I'll forget about whatever was undefined.

 [9]
! Undefined control sequence.
l.369 ...dot{\Theta}^{(1)}(\rho) = \mathbb{E}_{\bm
                                                  {w}} \left[  \bm{w}^\top \...
The control sequence at the end of the top line
of your error message was never \def'ed. If you have
misspelled it (e.g., `\hobx'), type `I' and the correct
spelling (e.g., `I\hbox'). Otherwise just continue,
and I'll forget about whatever was undefined.

! Undefined control sequence.
l.369 ...}(\rho) = \mathbb{E}_{\bm{w}} \left[  \bm
                                                  {w}^\top \bm{w} \dot{\sigm...
The control sequence at the end of the top line
of your error message was never \def'ed. If you have
misspelled it (e.g., `\hobx'), type `I' and the correct
spelling (e.g., `I\hbox'). Otherwise just continue,
and I'll forget about whatever was undefined.

! Undefined control sequence.
l.369 ...athbb{E}_{\bm{w}} \left[  \bm{w}^\top \bm
                                                  {w} \dot{\sigma}(\bm{w}^\t...
The control sequence at the end of the top line
of your error message was never \def'ed. If you have
misspelled it (e.g., `\hobx'), type `I' and the correct
spelling (e.g., `I\hbox'). Otherwise just continue,
and I'll forget about whatever was undefined.

! Undefined control sequence.
l.369 ...eft[  \bm{w}^\top \bm{w} \dot{\sigma}(\bm
                                                  {w}^\top x) \dot{\sigma}(\...
The control sequence at the end of the top line
of your error message was never \def'ed. If you have
misspelled it (e.g., `\hobx'), type `I' and the correct
spelling (e.g., `I\hbox'). Otherwise just continue,
and I'll forget about whatever was undefined.

! Undefined control sequence.
l.369 ...t{\sigma}(\bm{w}^\top x) \dot{\sigma}(\bm
                                                  {w}^\top x') \right]$. We ...
The control sequence at the end of the top line
of your error message was never \def'ed. If you have
misspelled it (e.g., `\hobx'), type `I' and the correct
spelling (e.g., `I\hbox'). Otherwise just continue,
and I'll forget about whatever was undefined.

! Undefined control sequence.
<recently read> \bm 
                    
l.369 ...]$. We can compute this exactly when $\bm
                                                  {w}$ is isotropic gaussian...
The control sequence at the end of the top line
of your error message was never \def'ed. If you have
misspelled it (e.g., `\hobx'), type `I' and the correct
spelling (e.g., `I\hbox'). Otherwise just continue,
and I'll forget about whatever was undefined.

! Undefined control sequence.
l.374 ...es of the ReLU, by independence of $\|\bm
                                                  {w}\|^2$ and $\mathbb{1}_{...
The control sequence at the end of the top line
of your error message was never \def'ed. If you have
misspelled it (e.g., `\hobx'), type `I' and the correct
spelling (e.g., `I\hbox'). Otherwise just continue,
and I'll forget about whatever was undefined.

! Undefined control sequence.
l.374 ...ce of $\|\bm{w}\|^2$ and $\mathbb{1}_{\bm
                                                  {w}^\top x > 0} \cdot \mat...
The control sequence at the end of the top line
of your error message was never \def'ed. If you have
misspelled it (e.g., `\hobx'), type `I' and the correct
spelling (e.g., `I\hbox'). Otherwise just continue,
and I'll forget about whatever was undefined.

! Undefined control sequence.
l.374 ...{\bm{w}^\top x > 0} \cdot \mathbb{1}_{\bm
                                                  {w}^\top x' > 0}$:
The control sequence at the end of the top line
of your error message was never \def'ed. If you have
misspelled it (e.g., `\hobx'), type `I' and the correct
spelling (e.g., `I\hbox'). Otherwise just continue,
and I'll forget about whatever was undefined.

! Undefined control sequence.
<argument> ... }^{(1)}(\rho ) &= \mathbb {E}_{\bm 
                                                  {w}} \left [ \bm {w}^\top ...
l.380 \end{align*}
                  
The control sequence at the end of the top line
of your error message was never \def'ed. If you have
misspelled it (e.g., `\hobx'), type `I' and the correct
spelling (e.g., `I\hbox'). Otherwise just continue,
and I'll forget about whatever was undefined.

! Undefined control sequence.
<argument> ...= \mathbb {E}_{\bm {w}} \left [ \bm 
                                                  {w}^\top \bm {w} \dot {\si...
l.380 \end{align*}
                  
The control sequence at the end of the top line
of your error message was never \def'ed. If you have
misspelled it (e.g., `\hobx'), type `I' and the correct
spelling (e.g., `I\hbox'). Otherwise just continue,
and I'll forget about whatever was undefined.

! Undefined control sequence.
<argument> ..._{\bm {w}} \left [ \bm {w}^\top \bm 
                                                  {w} \dot {\sigma }(\bm {w}...
l.380 \end{align*}
                  
The control sequence at the end of the top line
of your error message was never \def'ed. If you have
misspelled it (e.g., `\hobx'), type `I' and the correct
spelling (e.g., `I\hbox'). Otherwise just continue,
and I'll forget about whatever was undefined.

! Undefined control sequence.
<argument> ...{w}^\top \bm {w} \dot {\sigma }(\bm 
                                                  {w}^\top x) \dot {\sigma }...
l.380 \end{align*}
                  
The control sequence at the end of the top line
of your error message was never \def'ed. If you have
misspelled it (e.g., `\hobx'), type `I' and the correct
spelling (e.g., `I\hbox'). Otherwise just continue,
and I'll forget about whatever was undefined.

! Undefined control sequence.
<argument> ...(\bm {w}^\top x) \dot {\sigma }(\bm 
                                                  {w}^\top x') \right ] \\ &...
l.380 \end{align*}
                  
The control sequence at the end of the top line
of your error message was never \def'ed. If you have
misspelled it (e.g., `\hobx'), type `I' and the correct
spelling (e.g., `I\hbox'). Otherwise just continue,
and I'll forget about whatever was undefined.

! Undefined control sequence.
<argument> ...x') \right ] \\ &= \mathbb {E}_{\bm 
                                                  {w}} \left [ \bm {w}^\top ...
l.380 \end{align*}
                  
The control sequence at the end of the top line
of your error message was never \def'ed. If you have
misspelled it (e.g., `\hobx'), type `I' and the correct
spelling (e.g., `I\hbox'). Otherwise just continue,
and I'll forget about whatever was undefined.

! Undefined control sequence.
<argument> ...= \mathbb {E}_{\bm {w}} \left [ \bm 
                                                  {w}^\top \bm {w} \cdot \ma...
l.380 \end{align*}
                  
The control sequence at the end of the top line
of your error message was never \def'ed. If you have
misspelled it (e.g., `\hobx'), type `I' and the correct
spelling (e.g., `I\hbox'). Otherwise just continue,
and I'll forget about whatever was undefined.

! Undefined control sequence.
<argument> ..._{\bm {w}} \left [ \bm {w}^\top \bm 
                                                  {w} \cdot \mathbb {1}_{\bm...
l.380 \end{align*}
                  
The control sequence at the end of the top line
of your error message was never \def'ed. If you have
misspelled it (e.g., `\hobx'), type `I' and the correct
spelling (e.g., `I\hbox'). Otherwise just continue,
and I'll forget about whatever was undefined.

! Undefined control sequence.
<argument> ...\top \bm {w} \cdot \mathbb {1}_{\bm 
                                                  {w}^\top x > 0} \cdot \mat...
l.380 \end{align*}
                  
The control sequence at the end of the top line
of your error message was never \def'ed. If you have
misspelled it (e.g., `\hobx'), type `I' and the correct
spelling (e.g., `I\hbox'). Otherwise just continue,
and I'll forget about whatever was undefined.

! Undefined control sequence.
<argument> ...^\top x > 0} \cdot \mathbb {1}_{\bm 
                                                  {w}^\top x' > 0} \right ] ...
l.380 \end{align*}
                  
The control sequence at the end of the top line
of your error message was never \def'ed. If you have
misspelled it (e.g., `\hobx'), type `I' and the correct
spelling (e.g., `I\hbox'). Otherwise just continue,
and I'll forget about whatever was undefined.

! Undefined control sequence.
<argument> ... ] \\ &= \mathbb {E}\!\left [ \|\bm 
                                                  {w}\|^2 \right ] \cdot \ma...
l.380 \end{align*}
                  
The control sequence at the end of the top line
of your error message was never \def'ed. If you have
misspelled it (e.g., `\hobx'), type `I' and the correct
spelling (e.g., `I\hbox'). Otherwise just continue,
and I'll forget about whatever was undefined.

! Undefined control sequence.
<argument> ...\|^2 \right ] \cdot \mathbb {P}(\bm 
                                                  {w}^\top x > 0, \bm {w}^\t...
l.380 \end{align*}
                  
The control sequence at the end of the top line
of your error message was never \def'ed. If you have
misspelled it (e.g., `\hobx'), type `I' and the correct
spelling (e.g., `I\hbox'). Otherwise just continue,
and I'll forget about whatever was undefined.

! Undefined control sequence.
<argument> ...\mathbb {P}(\bm {w}^\top x > 0, \bm 
                                                  {w}^\top x' > 0) \\ &= \op...
l.380 \end{align*}
                  
The control sequence at the end of the top line
of your error message was never \def'ed. If you have
misspelled it (e.g., `\hobx'), type `I' and the correct
spelling (e.g., `I\hbox'). Otherwise just continue,
and I'll forget about whatever was undefined.

! Undefined control sequence.
<argument> ... }^{(1)}(\rho ) &= \mathbb {E}_{\bm 
                                                  {w}} \left [ \bm {w}^\top ...
l.380 \end{align*}
                  
The control sequence at the end of the top line
of your error message was never \def'ed. If you have
misspelled it (e.g., `\hobx'), type `I' and the correct
spelling (e.g., `I\hbox'). Otherwise just continue,
and I'll forget about whatever was undefined.

! Undefined control sequence.
<argument> ...= \mathbb {E}_{\bm {w}} \left [ \bm 
                                                  {w}^\top \bm {w} \dot {\si...
l.380 \end{align*}
                  
The control sequence at the end of the top line
of your error message was never \def'ed. If you have
misspelled it (e.g., `\hobx'), type `I' and the correct
spelling (e.g., `I\hbox'). Otherwise just continue,
and I'll forget about whatever was undefined.

! Undefined control sequence.
<argument> ..._{\bm {w}} \left [ \bm {w}^\top \bm 
                                                  {w} \dot {\sigma }(\bm {w}...
l.380 \end{align*}
                  
The control sequence at the end of the top line
of your error message was never \def'ed. If you have
misspelled it (e.g., `\hobx'), type `I' and the correct
spelling (e.g., `I\hbox'). Otherwise just continue,
and I'll forget about whatever was undefined.

! Undefined control sequence.
<argument> ...{w}^\top \bm {w} \dot {\sigma }(\bm 
                                                  {w}^\top x) \dot {\sigma }...
l.380 \end{align*}
                  
The control sequence at the end of the top line
of your error message was never \def'ed. If you have
misspelled it (e.g., `\hobx'), type `I' and the correct
spelling (e.g., `I\hbox'). Otherwise just continue,
and I'll forget about whatever was undefined.

! Undefined control sequence.
<argument> ...(\bm {w}^\top x) \dot {\sigma }(\bm 
                                                  {w}^\top x') \right ] \\ &...
l.380 \end{align*}
                  
The control sequence at the end of the top line
of your error message was never \def'ed. If you have
misspelled it (e.g., `\hobx'), type `I' and the correct
spelling (e.g., `I\hbox'). Otherwise just continue,
and I'll forget about whatever was undefined.

! Undefined control sequence.
<argument> ...x') \right ] \\ &= \mathbb {E}_{\bm 
                                                  {w}} \left [ \bm {w}^\top ...
l.380 \end{align*}
                  
The control sequence at the end of the top line
of your error message was never \def'ed. If you have
misspelled it (e.g., `\hobx'), type `I' and the correct
spelling (e.g., `I\hbox'). Otherwise just continue,
and I'll forget about whatever was undefined.

! Undefined control sequence.
<argument> ...= \mathbb {E}_{\bm {w}} \left [ \bm 
                                                  {w}^\top \bm {w} \cdot \ma...
l.380 \end{align*}
                  
The control sequence at the end of the top line
of your error message was never \def'ed. If you have
misspelled it (e.g., `\hobx'), type `I' and the correct
spelling (e.g., `I\hbox'). Otherwise just continue,
and I'll forget about whatever was undefined.

! Undefined control sequence.
<argument> ..._{\bm {w}} \left [ \bm {w}^\top \bm 
                                                  {w} \cdot \mathbb {1}_{\bm...
l.380 \end{align*}
                  
The control sequence at the end of the top line
of your error message was never \def'ed. If you have
misspelled it (e.g., `\hobx'), type `I' and the correct
spelling (e.g., `I\hbox'). Otherwise just continue,
and I'll forget about whatever was undefined.

! Undefined control sequence.
<argument> ...\top \bm {w} \cdot \mathbb {1}_{\bm 
                                                  {w}^\top x > 0} \cdot \mat...
l.380 \end{align*}
                  
The control sequence at the end of the top line
of your error message was never \def'ed. If you have
misspelled it (e.g., `\hobx'), type `I' and the correct
spelling (e.g., `I\hbox'). Otherwise just continue,
and I'll forget about whatever was undefined.

! Undefined control sequence.
<argument> ...^\top x > 0} \cdot \mathbb {1}_{\bm 
                                                  {w}^\top x' > 0} \right ] ...
l.380 \end{align*}
                  
The control sequence at the end of the top line
of your error message was never \def'ed. If you have
misspelled it (e.g., `\hobx'), type `I' and the correct
spelling (e.g., `I\hbox'). Otherwise just continue,
and I'll forget about whatever was undefined.

! Undefined control sequence.
<argument> ... ] \\ &= \mathbb {E}\!\left [ \|\bm 
                                                  {w}\|^2 \right ] \cdot \ma...
l.380 \end{align*}
                  
The control sequence at the end of the top line
of your error message was never \def'ed. If you have
misspelled it (e.g., `\hobx'), type `I' and the correct
spelling (e.g., `I\hbox'). Otherwise just continue,
and I'll forget about whatever was undefined.

! Undefined control sequence.
<argument> ...\|^2 \right ] \cdot \mathbb {P}(\bm 
                                                  {w}^\top x > 0, \bm {w}^\t...
l.380 \end{align*}
                  
The control sequence at the end of the top line
of your error message was never \def'ed. If you have
misspelled it (e.g., `\hobx'), type `I' and the correct
spelling (e.g., `I\hbox'). Otherwise just continue,
and I'll forget about whatever was undefined.

! Undefined control sequence.
<argument> ...\mathbb {P}(\bm {w}^\top x > 0, \bm 
                                                  {w}^\top x' > 0) \\ &= \op...
l.380 \end{align*}
                  
The control sequence at the end of the top line
of your error message was never \def'ed. If you have
misspelled it (e.g., `\hobx'), type `I' and the correct
spelling (e.g., `I\hbox'). Otherwise just continue,
and I'll forget about whatever was undefined.


Package hyperref Warning: Token not allowed in a PDF string (Unicode):
(hyperref)                removing `math shift' on input line 398.


Package hyperref Warning: Token not allowed in a PDF string (Unicode):
(hyperref)                removing `\rho' on input line 398.


Package hyperref Warning: Token not allowed in a PDF string (Unicode):
(hyperref)                removing `subscript' on input line 398.


Package hyperref Warning: Token not allowed in a PDF string (Unicode):
(hyperref)                removing `math shift' on input line 398.


Package hyperref Warning: Token not allowed in a PDF string (Unicode):
(hyperref)                removing `math shift' on input line 398.


Package hyperref Warning: Token not allowed in a PDF string (Unicode):
(hyperref)                removing `\|' on input line 398.


Package hyperref Warning: Token not allowed in a PDF string (Unicode):
(hyperref)                removing `subscript' on input line 398.


Package hyperref Warning: Token not allowed in a PDF string (Unicode):
(hyperref)                removing `\|' on input line 398.


Package hyperref Warning: Token not allowed in a PDF string (Unicode):
(hyperref)                removing `superscript' on input line 398.


Package hyperref Warning: Token not allowed in a PDF string (Unicode):
(hyperref)                removing `math shift' on input line 398.


Package hyperref Warning: Token not allowed in a PDF string (Unicode):
(hyperref)                removing `math shift' on input line 398.


Package hyperref Warning: Token not allowed in a PDF string (Unicode):
(hyperref)                removing `\|' on input line 398.


Package hyperref Warning: Token not allowed in a PDF string (Unicode):
(hyperref)                removing `subscript' on input line 398.


Package hyperref Warning: Token not allowed in a PDF string (Unicode):
(hyperref)                removing `\|' on input line 398.


Package hyperref Warning: Token not allowed in a PDF string (Unicode):
(hyperref)                removing `superscript' on input line 398.


Package hyperref Warning: Token not allowed in a PDF string (Unicode):
(hyperref)                removing `math shift' on input line 398.

! Undefined control sequence.
l.401 \Sigma^{(1)}_i = \mathbb{E}_{\bm
                                      {w}} \left[ \sigma(\bm{w}^\top x) \sig...
The control sequence at the end of the top line
of your error message was never \def'ed. If you have
misspelled it (e.g., `\hobx'), type `I' and the correct
spelling (e.g., `I\hbox'). Otherwise just continue,
and I'll forget about whatever was undefined.

! Undefined control sequence.
l.401 ...i = \mathbb{E}_{\bm{w}} \left[ \sigma(\bm
                                                  {w}^\top x) \sigma(\bm{w}^...
The control sequence at the end of the top line
of your error message was never \def'ed. If you have
misspelled it (e.g., `\hobx'), type `I' and the correct
spelling (e.g., `I\hbox'). Otherwise just continue,
and I'll forget about whatever was undefined.

! Undefined control sequence.
l.401 ...} \left[ \sigma(\bm{w}^\top x) \sigma(\bm
                                                  {w}^\top x') \right]
The control sequence at the end of the top line
of your error message was never \def'ed. If you have
misspelled it (e.g., `\hobx'), type `I' and the correct
spelling (e.g., `I\hbox'). Otherwise just continue,
and I'll forget about whatever was undefined.

 [10]
! Double subscript.
l.431 where $x_1_
                 i$ and $y_1_i$ are $\rho$-correlated gaussian variables.
I treat `x_1_2' essentially like `x_1{}_2'.

! Double subscript.
l.431 where $x_1_i$ and $y_1_
                             i$ are $\rho$-correlated gaussian variables.
I treat `x_1_2' essentially like `x_1{}_2'.


! LaTeX Error: There's no line here to end.

See the LaTeX manual or LaTeX Companion for explanation.
Type  H <return>  for immediate help.
 ...                                              
                                                  
l.441     \newline
                  
Your command was ignored.
Type  I <command> <return>  to replace it with another command,
or  <return>  to continue without it.

 [11]

Package hyperref Warning: Token not allowed in a PDF string (Unicode):
(hyperref)                removing `math shift' on input line 461.


Package hyperref Warning: Token not allowed in a PDF string (Unicode):
(hyperref)                removing `math shift' on input line 461.

! Undefined control sequence.
l.490 ...\quad \E[X_i^2Y_i^2]=1+2\rho^2,\quad \Cov
                                                  (X_i^2,Y_i^2)=2\rho^2.
The control sequence at the end of the top line
of your error message was never \def'ed. If you have
misspelled it (e.g., `\hobx'), type `I' and the correct
spelling (e.g., `I\hbox'). Otherwise just continue,
and I'll forget about whatever was undefined.

! Undefined control sequence.
l.497 \Cov
          (U,V)=\sum_{i=1}^r \Cov(X_i^2,Y_i^2)=2r\,\rho^2,
The control sequence at the end of the top line
of your error message was never \def'ed. If you have
misspelled it (e.g., `\hobx'), type `I' and the correct
spelling (e.g., `I\hbox'). Otherwise just continue,
and I'll forget about whatever was undefined.

! Undefined control sequence.
l.497 \Cov(U,V)=\sum_{i=1}^r \Cov
                                 (X_i^2,Y_i^2)=2r\,\rho^2,
The control sequence at the end of the top line
of your error message was never \def'ed. If you have
misspelled it (e.g., `\hobx'), type `I' and the correct
spelling (e.g., `I\hbox'). Otherwise just continue,
and I'll forget about whatever was undefined.

! Undefined control sequence.
l.500 \Corr
           (U,V)=\frac{\Cov(U,V)}{\sqrt{\Var(U)\Var(V)}}=\frac{2r\rho^2}{\sq...
The control sequence at the end of the top line
of your error message was never \def'ed. If you have
misspelled it (e.g., `\hobx'), type `I' and the correct
spelling (e.g., `I\hbox'). Otherwise just continue,
and I'll forget about whatever was undefined.

! Undefined control sequence.
<argument> \Cov 
                (U,V)
l.500 ...)=\frac{\Cov(U,V)}{\sqrt{\Var(U)\Var(V)}}
                                                  =\frac{2r\rho^2}{\sqrt{(2r...
The control sequence at the end of the top line
of your error message was never \def'ed. If you have
misspelled it (e.g., `\hobx'), type `I' and the correct
spelling (e.g., `I\hbox'). Otherwise just continue,
and I'll forget about whatever was undefined.

! Undefined control sequence.
l.503 \E[UV]=\E[U]\E[V]+\Cov
                            (U,V)=r^2+2r\,\rho^2.
The control sequence at the end of the top line
of your error message was never \def'ed. If you have
misspelled it (e.g., `\hobx'), type `I' and the correct
spelling (e.g., `I\hbox'). Otherwise just continue,
and I'll forget about whatever was undefined.

! Undefined control sequence.
l.511 \E[S^2] = \E[UV] = \E[U]\E[V] + \Cov
                                          (U,V) = r^2 + 2r\rho^2
The control sequence at the end of the top line
of your error message was never \def'ed. If you have
misspelled it (e.g., `\hobx'), type `I' and the correct
spelling (e.g., `I\hbox'). Otherwise just continue,
and I'll forget about whatever was undefined.

 [12] [13]

! LaTeX Error: \begin{center} on input line 456 ended by \end{document}.

See the LaTeX manual or LaTeX Companion for explanation.
Type  H <return>  for immediate help.
 ...                                              
                                                  
l.537 \end{document}
                    
Your command was ignored.
Type  I <command> <return>  to replace it with another command,
or  <return>  to continue without it.

 (./handcomputations.aux)
 ***********
LaTeX2e <2023-11-01> patch level 1
L3 programming layer <2024-01-22>
 ***********
Package rerunfilecheck Info: File `handcomputations.out' has not changed.
(rerunfilecheck)             Checksum: 30AF89F2C76408E4F5CF26B0B3F7CA9B;5118.
 )
(\end occurred inside a group at level 1)

### semi simple group (level 1) entered at line 456 (\begingroup)
### bottom level 
Here is how much of TeX's memory you used:
 24586 strings out of 474222
 466162 string characters out of 5748733
 1940975 words of memory out of 5000000
 46411 multiletter control sequences out of 15000+600000
 575674 words of font info for 83 fonts, out of 8000000 for 9000
 1141 hyphenation exceptions out of 8191
 102i,14n,107p,632b,640s stack positions out of 10000i,1000n,20000p,200000b,200000s
</usr/share/texlive/texmf-dist/fonts/type1/public/amsfonts/cm/c
mex10.pfb></usr/share/texlive/texmf-dist/fonts/type1/public/amsfonts/cm/cmmi10.
pfb></usr/share/texlive/texmf-dist/fonts/type1/public/amsfonts/cm/cmmi12.pfb></
usr/share/texlive/texmf-dist/fonts/type1/public/amsfonts/cm/cmmi6.pfb></usr/sha
re/texlive/texmf-dist/fonts/type1/public/amsfonts/cm/cmmi8.pfb></usr/share/texl
ive/texmf-dist/fonts/type1/public/amsfonts/cm/cmr10.pfb></usr/share/texlive/tex
mf-dist/fonts/type1/public/amsfonts/cm/cmr12.pfb></usr/share/texlive/texmf-dist
/fonts/type1/public/amsfonts/cm/cmr6.pfb></usr/share/texlive/texmf-dist/fonts/t
ype1/public/amsfonts/cm/cmr8.pfb></usr/share/texlive/texmf-dist/fonts/type1/pub
lic/amsfonts/cm/cmsy10.pfb></usr/share/texlive/texmf-dist/fonts/type1/public/am
sfonts/cm/cmsy6.pfb></usr/share/texlive/texmf-dist/fonts/type1/public/amsfonts/
cm/cmsy8.pfb></usr/share/texlive/texmf-dist/fonts/type1/public/amsfonts/symbols
/msbm10.pfb></usr/share/texmf/fonts/type1/public/cm-super/sfbx1000.pfb></usr/sh
are/texmf/fonts/type1/public/cm-super/sfbx1095.pfb></usr/share/texmf/fonts/type
1/public/cm-super/sfbx1200.pfb></usr/share/texmf/fonts/type1/public/cm-super/sf
bx1440.pfb></usr/share/texmf/fonts/type1/public/cm-super/sfrm1000.pfb></usr/sha
re/texmf/fonts/type1/public/cm-super/sfrm1095.pfb></usr/share/texmf/fonts/type1
/public/cm-super/sfrm1200.pfb></usr/share/texmf/fonts/type1/public/cm-super/sfr
m1728.pfb>
Output written on handcomputations.pdf (13 pages, 334529 bytes).
PDF statistics:
 306 PDF objects out of 1000 (max. 8388607)
 245 compressed objects within 3 object streams
 49 named destinations out of 1000 (max. 500000)
 173 words of extra memory for PDF output out of 10000 (max. 10000000)

